filename,x,y,distance
0.jpg,215,158,351
1.jpg,228,269,372
2.jpg,255,386,488
3.jpg,306,426,308
4.jpg,248,338,67
5.jpg,259,436,372
6.jpg,223,343,142
7.jpg,300,159,206
8.jpg,286,443,201
9.jpg,256,295,204
10.jpg,281,84,105
11.jpg,322,169,221
12.jpg,259,108,317
13.jpg,284,440,437
14.jpg,264,461,220
15.jpg,212,454,368
16.jpg,269,474,248
17.jpg,284,192,126
18.jpg,202,302,190
19.jpg,229,167,228
20.jpg,244,102,161
21.jpg,212,271,349
22.jpg,311,473,484
23.jpg,322,62,297
24.jpg,239,367,153
25.jpg,269,266,192
26.jpg,274,233,371
27.jpg,294,472,330
28.jpg,281,474,107
29.jpg,248,446,313
30.jpg,272,289,157
31.jpg,278,302,111
32.jpg,236,99,465
33.jpg,215,367,209
34.jpg,241,120,209
35.jpg,273,349,364
36.jpg,316,479,408
37.jpg,312,205,256
38.jpg,253,184,96
39.jpg,208,325,400
40.jpg,234,229,432
41.jpg,256,379,112
42.jpg,243,281,338
43.jpg,239,456,108
44.jpg,288,202,156
45.jpg,244,284,346
46.jpg,280,76,479
47.jpg,285,276,295
48.jpg,261,409,401
49.jpg,326,490,220
50.jpg,311,261,211
51.jpg,211,325,243
52.jpg,229,220,373
53.jpg,291,453,292
54.jpg,308,222,106
55.jpg,245,244,352
56.jpg,277,289,173
57.jpg,243,222,358
58.jpg,208,271,450
59.jpg,202,464,476
60.jpg,279,174,133
61.jpg,288,73,195
62.jpg,240,169,170
63.jpg,266,246,219
64.jpg,219,448,166
65.jpg,295,272,95
66.jpg,287,384,367
67.jpg,291,203,359
68.jpg,262,300,241
69.jpg,262,193,367
70.jpg,293,197,353
71.jpg,326,264,113
72.jpg,218,197,400
73.jpg,275,272,106
74.jpg,264,109,247
75.jpg,300,503,448
76.jpg,256,190,265
77.jpg,221,156,171
78.jpg,237,70,342
79.jpg,256,348,190
80.jpg,308,401,407
81.jpg,212,276,352
82.jpg,325,421,146
83.jpg,237,284,251
84.jpg,311,201,282
85.jpg,233,68,210
86.jpg,267,261,214
87.jpg,292,465,424
88.jpg,229,63,209
89.jpg,255,190,125
90.jpg,311,272,185
91.jpg,260,299,321
92.jpg,262,240,94
93.jpg,266,274,414
94.jpg,313,74,258
95.jpg,310,333,288
96.jpg,282,79,214
97.jpg,223,356,167
98.jpg,274,124,271
99.jpg,231,277,368
100.jpg,258,351,344
101.jpg,263,147,337
102.jpg,304,401,345
103.jpg,318,421,143
104.jpg,254,455,445
105.jpg,307,425,352
106.jpg,311,110,453
107.jpg,217,227,87
108.jpg,203,99,301
109.jpg,285,262,70
110.jpg,259,445,371
111.jpg,309,441,412
112.jpg,212,485,264
113.jpg,308,473,394
114.jpg,273,168,321
115.jpg,278,393,323
116.jpg,204,330,435
117.jpg,210,233,112
118.jpg,314,71,177
119.jpg,292,250,286
120.jpg,243,334,172
121.jpg,315,107,132
122.jpg,213,257,68
123.jpg,256,97,457
124.jpg,247,200,204
125.jpg,266,197,184
126.jpg,305,388,433
127.jpg,290,321,478
128.jpg,252,439,399
129.jpg,241,252,277
130.jpg,236,331,105
131.jpg,288,214,433
132.jpg,227,58,463
133.jpg,230,117,402
134.jpg,313,56,268
135.jpg,325,493,481
136.jpg,252,315,268
137.jpg,300,295,433
138.jpg,299,145,360
139.jpg,314,307,102
140.jpg,239,89,266
141.jpg,284,222,462
142.jpg,245,109,261
143.jpg,248,288,267
144.jpg,214,329,168
145.jpg,219,207,415
146.jpg,303,197,448
147.jpg,266,101,222
148.jpg,211,149,393
149.jpg,280,343,472
150.jpg,248,368,407
151.jpg,304,295,372
152.jpg,266,393,255
153.jpg,272,335,465
154.jpg,308,254,352
155.jpg,230,83,279
156.jpg,207,196,159
157.jpg,233,54,176
158.jpg,232,157,344
159.jpg,231,66,217
160.jpg,247,349,151
161.jpg,248,77,251
162.jpg,244,396,438
163.jpg,222,489,254
164.jpg,208,195,394
165.jpg,328,453,266
166.jpg,329,247,119
167.jpg,290,321,263
168.jpg,209,345,351
169.jpg,302,120,476
170.jpg,259,72,201
171.jpg,216,334,331
172.jpg,279,366,358
173.jpg,210,449,403
174.jpg,221,183,214
175.jpg,264,403,389
176.jpg,294,89,447
177.jpg,289,338,329
178.jpg,210,259,425
179.jpg,236,474,314
180.jpg,223,291,177
181.jpg,211,87,203
182.jpg,282,336,175
183.jpg,222,261,339
184.jpg,326,366,328
185.jpg,208,245,355
186.jpg,241,206,75
187.jpg,260,98,480
188.jpg,202,344,157
189.jpg,226,235,468
190.jpg,326,366,172
191.jpg,206,317,390
192.jpg,242,126,228
193.jpg,240,293,231
194.jpg,223,373,375
195.jpg,226,311,475
196.jpg,296,456,178
197.jpg,260,225,222
198.jpg,226,364,80
199.jpg,264,365,344
200.jpg,327,356,198
201.jpg,285,91,126
202.jpg,277,119,352
203.jpg,289,204,280
204.jpg,324,276,248
205.jpg,206,390,218
206.jpg,259,464,437
207.jpg,222,136,352
208.jpg,279,354,201
209.jpg,243,136,443
210.jpg,235,313,337
211.jpg,291,273,140
212.jpg,259,478,379
213.jpg,233,344,81
214.jpg,308,468,452
215.jpg,276,112,265
216.jpg,287,303,258
217.jpg,208,74,454
218.jpg,283,142,282
219.jpg,286,221,298
220.jpg,308,105,221
221.jpg,245,414,297
222.jpg,314,315,277
223.jpg,258,165,467
224.jpg,242,416,372
225.jpg,236,285,153
226.jpg,321,261,207
227.jpg,232,141,299
228.jpg,216,485,280
229.jpg,208,301,444
230.jpg,263,374,191
231.jpg,263,113,112
232.jpg,284,185,94
233.jpg,318,255,122
234.jpg,294,298,358
235.jpg,234,346,210
236.jpg,271,216,84
237.jpg,208,154,487
238.jpg,269,300,219
239.jpg,320,482,79
240.jpg,253,233,84
241.jpg,202,500,157
242.jpg,302,277,449
243.jpg,274,451,383
244.jpg,242,79,155
245.jpg,274,190,452
246.jpg,266,495,87
247.jpg,326,324,98
248.jpg,289,472,208
249.jpg,302,179,449
250.jpg,218,211,264
251.jpg,302,298,310
252.jpg,275,452,205
253.jpg,239,130,459
254.jpg,240,141,176
255.jpg,284,244,320
256.jpg,238,488,401
257.jpg,322,407,73
258.jpg,258,262,119
259.jpg,233,118,236
260.jpg,319,234,193
261.jpg,216,327,217
262.jpg,298,355,161
263.jpg,230,305,226
264.jpg,319,274,479
265.jpg,262,152,90
266.jpg,214,64,433
267.jpg,232,310,322
268.jpg,256,444,177
269.jpg,225,112,196
270.jpg,251,196,164
271.jpg,275,229,230
272.jpg,219,300,403
273.jpg,273,146,422
274.jpg,298,104,406
275.jpg,267,396,111
276.jpg,271,78,104
277.jpg,306,258,475
278.jpg,279,356,190
279.jpg,270,214,200
280.jpg,297,420,144
281.jpg,308,164,424
282.jpg,302,231,279
283.jpg,199,469,259
284.jpg,252,431,308
285.jpg,263,310,211
286.jpg,221,76,256
287.jpg,313,183,159
288.jpg,291,234,465
289.jpg,258,317,424
290.jpg,295,92,247
291.jpg,289,440,106
292.jpg,254,329,382
293.jpg,256,375,190
294.jpg,290,320,122
295.jpg,302,229,109
296.jpg,326,274,455
297.jpg,329,137,142
298.jpg,292,237,87
299.jpg,267,181,413
300.jpg,241,258,432
301.jpg,267,275,408
302.jpg,203,456,116
303.jpg,208,275,452
304.jpg,266,373,146
305.jpg,207,152,415
306.jpg,274,199,123
307.jpg,261,476,468
308.jpg,296,183,389
309.jpg,232,458,116
310.jpg,286,481,487
311.jpg,218,492,240
312.jpg,276,257,301
313.jpg,233,478,152
314.jpg,220,173,352
315.jpg,229,300,430
316.jpg,328,360,466
317.jpg,217,112,255
318.jpg,276,332,140
319.jpg,310,420,264
320.jpg,204,413,270
321.jpg,232,76,415
322.jpg,303,239,421
323.jpg,237,76,379
324.jpg,235,106,410
325.jpg,324,65,189
326.jpg,207,285,239
327.jpg,293,154,177
328.jpg,312,387,419
329.jpg,294,193,337
330.jpg,302,352,204
331.jpg,290,144,426
332.jpg,229,470,329
333.jpg,213,144,328
334.jpg,302,362,364
335.jpg,271,274,280
336.jpg,206,264,408
337.jpg,317,375,409
338.jpg,222,142,157
339.jpg,239,297,118
340.jpg,286,247,490
341.jpg,301,272,450
342.jpg,258,444,302
343.jpg,286,367,106
344.jpg,270,415,293
345.jpg,268,75,126
346.jpg,215,493,406
347.jpg,294,323,64
348.jpg,301,252,225
349.jpg,215,324,190
350.jpg,275,175,281
351.jpg,244,80,286
352.jpg,310,411,73
353.jpg,236,258,111
354.jpg,249,271,112
355.jpg,204,443,92
356.jpg,307,369,307
357.jpg,262,254,187
358.jpg,222,182,445
359.jpg,312,341,354
360.jpg,305,69,81
361.jpg,240,255,313
362.jpg,316,169,350
363.jpg,291,235,284
364.jpg,248,272,90
365.jpg,305,121,250
366.jpg,255,160,310
367.jpg,324,434,464
368.jpg,221,247,339
369.jpg,301,194,418
370.jpg,275,150,351
371.jpg,251,239,272
372.jpg,306,321,234
373.jpg,320,502,140
374.jpg,229,167,375
375.jpg,270,441,299
376.jpg,216,110,138
377.jpg,236,348,276
378.jpg,265,183,431
379.jpg,265,189,282
380.jpg,219,426,435
381.jpg,236,265,373
382.jpg,214,203,145
383.jpg,235,456,308
384.jpg,310,181,258
385.jpg,212,499,461
386.jpg,288,223,93
387.jpg,285,255,281
388.jpg,244,490,377
389.jpg,220,350,314
390.jpg,313,420,233
391.jpg,306,300,377
392.jpg,285,112,330
393.jpg,318,478,182
394.jpg,273,160,73
395.jpg,247,341,103
396.jpg,296,268,407
397.jpg,293,254,381
398.jpg,277,450,96
399.jpg,266,424,270
400.jpg,242,345,293
401.jpg,259,483,288
402.jpg,295,300,132
403.jpg,327,112,147
404.jpg,287,268,204
405.jpg,290,166,142
406.jpg,297,375,146
407.jpg,254,80,151
408.jpg,312,321,388
409.jpg,294,384,212
410.jpg,256,283,115
411.jpg,321,484,128
412.jpg,301,312,87
413.jpg,246,294,279
414.jpg,306,279,175
415.jpg,204,453,177
416.jpg,306,176,121
417.jpg,214,189,393
418.jpg,256,397,169
419.jpg,289,420,160
420.jpg,230,302,363
421.jpg,293,120,147
422.jpg,240,110,234
423.jpg,297,133,249
424.jpg,326,434,84
425.jpg,241,298,290
426.jpg,280,125,229
427.jpg,288,478,242
428.jpg,276,327,323
429.jpg,284,398,365
430.jpg,272,217,263
431.jpg,282,144,216
432.jpg,317,234,195
433.jpg,277,228,304
434.jpg,304,339,486
435.jpg,295,338,202
436.jpg,268,162,302
437.jpg,268,202,159
438.jpg,316,223,157
439.jpg,222,175,162
440.jpg,228,268,433
441.jpg,316,118,409
442.jpg,294,330,203
443.jpg,278,133,245
444.jpg,278,355,121
445.jpg,279,354,233
446.jpg,217,112,106
447.jpg,290,238,224
448.jpg,291,379,80
449.jpg,234,319,346
450.jpg,242,345,299
451.jpg,328,300,275
452.jpg,241,297,205
453.jpg,323,153,109
454.jpg,325,377,141
455.jpg,279,176,459
456.jpg,223,91,186
457.jpg,267,73,392
458.jpg,252,96,411
459.jpg,273,297,445
460.jpg,233,467,259
461.jpg,270,285,80
462.jpg,260,389,367
463.jpg,291,406,167
464.jpg,287,173,357
465.jpg,289,173,198
466.jpg,308,153,386
467.jpg,271,325,239
468.jpg,329,438,197
469.jpg,207,259,82
470.jpg,203,265,226
471.jpg,324,182,211
472.jpg,223,426,305
473.jpg,227,307,371
474.jpg,268,496,423
475.jpg,228,97,288
476.jpg,235,309,307
477.jpg,327,340,197
478.jpg,282,227,451
479.jpg,213,247,199
480.jpg,312,180,289
481.jpg,233,110,480
482.jpg,252,294,249
483.jpg,238,191,292
484.jpg,314,436,325
485.jpg,283,317,189
486.jpg,241,154,215
487.jpg,202,209,422
488.jpg,272,317,342
489.jpg,235,228,161
490.jpg,269,179,141
491.jpg,281,329,258
492.jpg,257,181,439
493.jpg,261,409,89
494.jpg,224,233,94
495.jpg,258,171,126
496.jpg,241,267,385
497.jpg,247,266,362
498.jpg,216,127,484
499.jpg,233,133,186
500.jpg,292,83,461
501.jpg,295,207,104
502.jpg,223,329,66
503.jpg,225,335,94
504.jpg,224,491,154
505.jpg,209,109,327
506.jpg,251,73,441
507.jpg,228,100,124
508.jpg,307,374,206
509.jpg,273,305,364
510.jpg,223,357,132
511.jpg,272,466,265
512.jpg,228,324,326
513.jpg,237,51,288
514.jpg,306,442,382
515.jpg,220,100,412
516.jpg,295,228,199
517.jpg,283,420,196
518.jpg,255,213,320
519.jpg,208,337,486
520.jpg,251,83,413
521.jpg,262,124,290
522.jpg,273,119,134
523.jpg,256,165,365
524.jpg,204,203,394
525.jpg,232,258,417
526.jpg,314,464,367
527.jpg,229,209,480
528.jpg,275,365,136
529.jpg,323,180,175
530.jpg,285,63,436
531.jpg,265,290,186
532.jpg,204,280,321
533.jpg,315,409,350
534.jpg,219,206,414
535.jpg,325,176,278
536.jpg,219,349,214
537.jpg,319,113,97
538.jpg,314,368,417
539.jpg,215,188,113
540.jpg,205,309,373
541.jpg,264,223,159
542.jpg,288,479,353
543.jpg,260,272,176
544.jpg,274,229,331
545.jpg,329,434,258
546.jpg,257,480,169
547.jpg,261,359,464
548.jpg,243,296,135
549.jpg,318,164,445
550.jpg,295,93,306
551.jpg,287,456,404
552.jpg,239,382,333
553.jpg,271,258,485
554.jpg,202,255,282
555.jpg,205,130,397
556.jpg,222,118,466
557.jpg,205,380,258
558.jpg,215,87,210
559.jpg,282,106,462
560.jpg,235,251,344
561.jpg,224,334,118
562.jpg,227,410,171
563.jpg,236,59,383
564.jpg,274,206,140
565.jpg,284,456,246
566.jpg,315,349,196
567.jpg,279,294,171
568.jpg,265,74,128
569.jpg,228,214,434
570.jpg,268,462,317
571.jpg,203,486,145
572.jpg,317,444,187
573.jpg,225,445,164
574.jpg,273,108,351
575.jpg,211,79,146
576.jpg,306,330,263
577.jpg,303,313,253
578.jpg,311,168,251
579.jpg,215,312,313
580.jpg,232,261,219
581.jpg,257,317,136
582.jpg,278,317,456
583.jpg,283,442,420
584.jpg,313,261,196
585.jpg,200,468,302
586.jpg,242,362,270
587.jpg,248,303,395
588.jpg,264,66,160
589.jpg,322,443,258
590.jpg,276,141,376
591.jpg,263,73,304
592.jpg,302,482,222
593.jpg,289,346,112
594.jpg,261,263,486
595.jpg,240,362,473
596.jpg,282,492,155
597.jpg,234,322,424
598.jpg,291,413,302
599.jpg,308,310,417
600.jpg,245,154,406
601.jpg,318,254,337
602.jpg,259,65,269
603.jpg,279,212,165
604.jpg,297,226,192
605.jpg,204,181,399
606.jpg,204,175,120
607.jpg,213,126,165
608.jpg,233,453,397
609.jpg,300,356,273
610.jpg,224,179,461
611.jpg,229,128,436
612.jpg,203,384,199
613.jpg,275,360,414
614.jpg,230,406,92
615.jpg,208,199,308
616.jpg,212,329,437
617.jpg,303,167,188
618.jpg,302,84,483
619.jpg,297,438,144
620.jpg,217,84,175
621.jpg,306,431,404
622.jpg,288,406,319
623.jpg,223,146,85
624.jpg,208,262,407
625.jpg,319,109,242
626.jpg,283,362,248
627.jpg,212,373,399
628.jpg,314,485,220
629.jpg,289,141,464
630.jpg,234,214,161
631.jpg,263,138,216
632.jpg,231,390,390
633.jpg,207,94,379
634.jpg,327,367,257
635.jpg,245,255,253
636.jpg,231,310,404
637.jpg,296,178,255
638.jpg,255,460,415
639.jpg,306,261,290
640.jpg,284,120,380
641.jpg,261,314,109
642.jpg,211,344,131
643.jpg,302,290,178
644.jpg,250,216,146
645.jpg,327,376,204
646.jpg,230,157,132
647.jpg,307,256,315
648.jpg,305,398,303
649.jpg,216,197,400
650.jpg,289,70,170
651.jpg,231,93,395
652.jpg,269,270,324
653.jpg,326,176,87
654.jpg,326,374,409
655.jpg,257,496,470
656.jpg,222,223,416
657.jpg,327,476,257
658.jpg,218,493,105
659.jpg,240,121,471
660.jpg,302,146,163
661.jpg,264,487,447
662.jpg,248,431,125
663.jpg,254,449,119
664.jpg,211,123,279
665.jpg,254,385,189
666.jpg,238,152,421
667.jpg,203,247,113
668.jpg,289,241,344
669.jpg,257,218,110
670.jpg,324,213,352
671.jpg,297,147,170
672.jpg,270,363,141
673.jpg,215,219,281
674.jpg,240,462,424
675.jpg,297,139,316
676.jpg,289,122,384
677.jpg,278,72,436
678.jpg,228,407,442
679.jpg,220,471,349
680.jpg,293,390,195
681.jpg,262,462,382
682.jpg,253,244,297
683.jpg,206,366,307
684.jpg,239,256,61
685.jpg,287,226,144
686.jpg,214,236,289
687.jpg,230,425,187
688.jpg,252,404,104
689.jpg,264,258,98
690.jpg,251,357,236
691.jpg,261,286,107
692.jpg,207,310,215
693.jpg,286,78,256
694.jpg,287,275,292
695.jpg,277,85,232
696.jpg,246,83,189
697.jpg,205,492,315
698.jpg,270,111,335
699.jpg,328,358,481
700.jpg,306,151,146
701.jpg,310,422,166
702.jpg,293,323,376
703.jpg,285,149,273
704.jpg,287,170,286
705.jpg,296,146,236
706.jpg,207,475,269
707.jpg,317,229,269
708.jpg,216,318,140
709.jpg,228,251,268
710.jpg,264,431,162
711.jpg,316,446,283
712.jpg,309,467,235
713.jpg,308,398,429
714.jpg,258,139,437
715.jpg,233,295,329
716.jpg,279,65,334
717.jpg,283,171,369
718.jpg,252,232,265
719.jpg,257,432,384
720.jpg,262,417,450
721.jpg,209,126,69
722.jpg,283,82,101
723.jpg,293,112,449
724.jpg,219,264,328
725.jpg,322,129,303
726.jpg,260,160,171
727.jpg,324,103,415
728.jpg,227,269,147
729.jpg,331,429,271
730.jpg,259,486,343
731.jpg,227,484,326
732.jpg,317,212,465
733.jpg,249,60,468
734.jpg,321,174,400
735.jpg,265,197,432
736.jpg,235,329,357
737.jpg,283,296,414
738.jpg,330,367,408
739.jpg,220,114,239
740.jpg,277,179,70
741.jpg,213,167,452
742.jpg,211,413,437
743.jpg,280,207,489
744.jpg,283,156,425
745.jpg,300,176,287
746.jpg,216,390,160
747.jpg,249,213,424
748.jpg,280,385,445
749.jpg,321,334,377
750.jpg,218,260,81
751.jpg,267,459,452
752.jpg,215,96,192
753.jpg,259,191,131
754.jpg,326,165,396
755.jpg,290,135,485
756.jpg,290,215,176
757.jpg,205,351,483
758.jpg,260,143,216
759.jpg,276,262,243
760.jpg,254,428,169
761.jpg,280,270,287
762.jpg,236,310,275
763.jpg,239,355,262
764.jpg,294,457,318
765.jpg,262,342,147
766.jpg,279,119,244
767.jpg,233,496,467
768.jpg,217,249,319
769.jpg,289,181,206
770.jpg,329,473,257
771.jpg,314,103,232
772.jpg,247,436,116
773.jpg,245,170,488
774.jpg,269,167,151
775.jpg,204,400,227
776.jpg,257,236,330
777.jpg,315,482,168
778.jpg,203,395,122
779.jpg,281,445,386
780.jpg,251,96,337
781.jpg,298,298,230
782.jpg,266,194,95
783.jpg,239,338,104
784.jpg,286,365,202
785.jpg,268,350,198
786.jpg,254,124,441
787.jpg,268,288,145
788.jpg,221,375,241
789.jpg,262,111,221
790.jpg,238,106,282
791.jpg,277,404,477
792.jpg,208,61,241
793.jpg,279,264,298
794.jpg,313,375,265
795.jpg,323,350,428
796.jpg,322,462,234
797.jpg,279,251,195
798.jpg,250,70,279
799.jpg,253,99,98
800.jpg,316,112,292
801.jpg,298,314,186
802.jpg,320,68,244
803.jpg,253,399,158
804.jpg,255,399,405
805.jpg,209,333,343
806.jpg,238,158,168
807.jpg,237,125,66
808.jpg,291,328,316
809.jpg,285,64,323
810.jpg,324,265,148
811.jpg,225,111,487
812.jpg,240,100,393
813.jpg,226,361,131
814.jpg,287,142,209
815.jpg,295,426,200
816.jpg,259,171,177
817.jpg,215,424,270
818.jpg,259,181,467
819.jpg,325,154,114
820.jpg,277,266,477
821.jpg,268,421,317
822.jpg,210,299,263
823.jpg,312,329,442
824.jpg,321,332,174
825.jpg,309,367,187
826.jpg,303,258,174
827.jpg,220,313,332
828.jpg,266,354,155
829.jpg,287,402,388
830.jpg,222,324,320
831.jpg,228,359,377
832.jpg,248,145,287
833.jpg,329,463,192
834.jpg,224,161,208
835.jpg,260,206,435
836.jpg,209,455,172
837.jpg,283,199,300
838.jpg,302,211,415
839.jpg,280,397,450
840.jpg,249,260,226
841.jpg,230,306,87
842.jpg,234,135,199
843.jpg,256,262,470
844.jpg,211,245,400
845.jpg,209,452,350
846.jpg,308,66,358
847.jpg,322,328,250
848.jpg,294,397,191
849.jpg,311,243,134
850.jpg,245,415,236
851.jpg,205,316,325
852.jpg,250,308,180
853.jpg,223,332,260
854.jpg,238,96,390
855.jpg,252,205,404
856.jpg,256,115,386
857.jpg,227,369,234
858.jpg,260,458,323
859.jpg,251,429,133
860.jpg,226,267,270
861.jpg,287,443,351
862.jpg,283,83,232
863.jpg,319,74,472
864.jpg,261,368,367
865.jpg,211,288,428
866.jpg,258,448,474
867.jpg,208,224,439
868.jpg,205,133,369
869.jpg,222,412,442
870.jpg,252,333,394
871.jpg,260,198,157
872.jpg,265,238,380
873.jpg,330,476,363
874.jpg,327,384,166
875.jpg,276,338,230
876.jpg,212,240,114
877.jpg,325,460,370
878.jpg,306,405,225
879.jpg,232,458,464
880.jpg,264,332,265
881.jpg,320,307,403
882.jpg,240,245,366
883.jpg,258,232,307
884.jpg,211,387,481
885.jpg,249,260,297
886.jpg,296,54,394
887.jpg,277,271,295
888.jpg,300,382,392
889.jpg,295,335,462
890.jpg,279,351,134
891.jpg,284,61,409
892.jpg,256,439,395
893.jpg,294,234,116
894.jpg,291,150,108
895.jpg,295,285,278
896.jpg,226,261,435
897.jpg,216,261,282
898.jpg,288,313,476
899.jpg,201,103,470
900.jpg,289,323,319
901.jpg,243,83,179
902.jpg,269,71,420
903.jpg,202,288,248
904.jpg,231,384,78
905.jpg,319,482,248
906.jpg,204,407,199
907.jpg,215,132,252
908.jpg,206,121,446
909.jpg,218,276,151
910.jpg,279,465,377
911.jpg,257,403,163
912.jpg,214,476,188
913.jpg,251,313,460
914.jpg,252,319,152
915.jpg,238,349,236
916.jpg,332,507,234
917.jpg,220,92,299
918.jpg,246,243,319
919.jpg,217,430,133
920.jpg,258,343,257
921.jpg,275,62,158
922.jpg,246,133,61
923.jpg,252,485,269
924.jpg,329,374,157
925.jpg,216,339,168
926.jpg,291,493,198
927.jpg,210,296,339
928.jpg,269,414,207
929.jpg,316,375,106
930.jpg,286,75,429
931.jpg,256,218,339
932.jpg,219,190,91
933.jpg,306,160,230
934.jpg,237,301,183
935.jpg,234,227,408
936.jpg,249,359,167
937.jpg,278,253,88
938.jpg,301,91,164
939.jpg,319,235,378
940.jpg,237,213,221
941.jpg,325,203,399
942.jpg,286,354,487
943.jpg,279,367,302
944.jpg,295,476,350
945.jpg,212,187,97
946.jpg,200,476,208
947.jpg,292,493,141
948.jpg,328,297,132
949.jpg,287,317,470
950.jpg,264,214,228
951.jpg,263,434,99
952.jpg,320,273,162
953.jpg,314,226,339
954.jpg,320,454,228
955.jpg,305,252,305
956.jpg,293,55,269
957.jpg,263,130,475
958.jpg,302,112,126
959.jpg,245,399,436
960.jpg,238,378,186
961.jpg,235,177,364
962.jpg,224,363,439
963.jpg,220,173,472
964.jpg,244,331,133
965.jpg,232,475,348
966.jpg,215,275,345
967.jpg,218,361,485
968.jpg,250,339,370
969.jpg,258,414,156
970.jpg,207,156,102
971.jpg,259,488,205
972.jpg,236,398,234
973.jpg,289,381,394
974.jpg,228,233,92
975.jpg,269,257,229
976.jpg,283,292,468
977.jpg,214,486,364
978.jpg,315,185,210
979.jpg,328,494,117
980.jpg,235,366,110
981.jpg,297,306,387
982.jpg,306,275,444
983.jpg,252,129,333
984.jpg,295,103,285
985.jpg,218,433,101
986.jpg,296,485,487
987.jpg,262,413,264
988.jpg,267,104,469
989.jpg,319,219,416
990.jpg,238,165,435
991.jpg,269,322,469
992.jpg,220,71,88
993.jpg,256,411,247
994.jpg,290,200,311
995.jpg,270,226,366
996.jpg,297,307,222
997.jpg,216,256,206
998.jpg,326,112,256
999.jpg,204,361,135
1000.jpg,297,137,100
1001.jpg,207,53,136
1002.jpg,272,353,275
1003.jpg,250,175,411
1004.jpg,310,384,70
1005.jpg,255,82,407
1006.jpg,209,184,369
1007.jpg,274,167,475
1008.jpg,236,60,333
1009.jpg,316,357,132
1010.jpg,239,318,247
1011.jpg,301,407,381
1012.jpg,245,213,98
1013.jpg,279,161,293
1014.jpg,327,438,99
1015.jpg,246,90,409
1016.jpg,218,446,101
1017.jpg,248,457,174
1018.jpg,206,457,357
1019.jpg,220,425,412
1020.jpg,306,262,253
1021.jpg,242,145,270
1022.jpg,221,306,472
1023.jpg,236,132,166
1024.jpg,315,152,359
1025.jpg,222,270,245
1026.jpg,294,455,91
1027.jpg,328,168,283
1028.jpg,255,158,473
1029.jpg,304,320,144
1030.jpg,245,498,159
1031.jpg,277,248,257
1032.jpg,317,352,346
1033.jpg,281,103,281
1034.jpg,272,152,276
1035.jpg,291,235,254
1036.jpg,303,170,154
1037.jpg,268,402,413
1038.jpg,284,489,207
1039.jpg,268,137,119
1040.jpg,204,334,486
1041.jpg,303,488,425
1042.jpg,300,394,120
1043.jpg,321,448,195
1044.jpg,213,450,306
1045.jpg,317,228,277
1046.jpg,245,428,181
1047.jpg,203,454,361
1048.jpg,211,61,380
1049.jpg,296,302,129
1050.jpg,326,421,140
1051.jpg,256,274,122
1052.jpg,306,206,201
1053.jpg,326,414,182
1054.jpg,249,165,308
1055.jpg,316,254,382
1056.jpg,304,361,349
1057.jpg,204,307,324
1058.jpg,317,428,424
1059.jpg,242,240,81
1060.jpg,311,362,339
1061.jpg,329,430,467
1062.jpg,327,210,76
1063.jpg,280,94,336
1064.jpg,276,201,427
1065.jpg,327,305,368
1066.jpg,233,219,449
1067.jpg,307,70,383
1068.jpg,259,388,331
1069.jpg,302,437,260
1070.jpg,214,104,160
1071.jpg,320,263,220
1072.jpg,208,247,464
1073.jpg,257,289,350
1074.jpg,269,309,473
1075.jpg,236,383,379
1076.jpg,318,70,116
1077.jpg,317,99,143
1078.jpg,299,449,356
1079.jpg,274,106,250
1080.jpg,244,107,443
1081.jpg,293,67,257
1082.jpg,283,178,434
1083.jpg,326,159,476
1084.jpg,318,436,351
1085.jpg,329,233,322
1086.jpg,304,403,270
1087.jpg,281,123,143
1088.jpg,217,163,471
1089.jpg,311,217,421
1090.jpg,211,150,116
1091.jpg,315,223,275
1092.jpg,301,266,170
1093.jpg,256,369,141
1094.jpg,318,108,276
1095.jpg,217,91,341
1096.jpg,285,80,448
1097.jpg,267,113,460
1098.jpg,311,154,422
1099.jpg,221,139,139
1100.jpg,218,242,233
1101.jpg,272,134,368
1102.jpg,304,183,150
1103.jpg,284,65,292
1104.jpg,200,442,252
1105.jpg,285,234,223
1106.jpg,321,395,349
1107.jpg,300,301,399
1108.jpg,205,407,175
1109.jpg,304,379,326
1110.jpg,208,500,105
1111.jpg,242,430,168
1112.jpg,230,276,362
1113.jpg,227,335,479
1114.jpg,324,203,455
1115.jpg,273,213,235
1116.jpg,213,116,451
1117.jpg,292,466,343
1118.jpg,252,467,226
1119.jpg,255,340,357
1120.jpg,315,459,323
1121.jpg,209,407,100
1122.jpg,207,164,425
1123.jpg,300,76,375
1124.jpg,249,268,209
1125.jpg,224,488,176
1126.jpg,270,386,109
1127.jpg,206,106,462
1128.jpg,211,348,246
1129.jpg,248,250,379
1130.jpg,315,290,214
1131.jpg,228,166,225
1132.jpg,204,406,159
1133.jpg,265,182,461
1134.jpg,205,295,271
1135.jpg,274,261,218
1136.jpg,289,458,424
1137.jpg,286,327,472
1138.jpg,258,424,327
1139.jpg,320,168,207
1140.jpg,264,402,99
1141.jpg,313,72,156
1142.jpg,310,498,359
1143.jpg,232,253,232
1144.jpg,303,126,347
1145.jpg,238,71,173
1146.jpg,276,399,125
1147.jpg,324,385,296
1148.jpg,319,143,354
1149.jpg,325,361,432
1150.jpg,255,321,244
1151.jpg,279,350,283
1152.jpg,300,307,416
1153.jpg,213,367,208
1154.jpg,317,425,228
1155.jpg,281,453,69
1156.jpg,257,333,282
1157.jpg,300,376,231
1158.jpg,242,426,231
1159.jpg,275,153,117
1160.jpg,321,167,267
1161.jpg,298,145,442
1162.jpg,249,274,488
1163.jpg,291,194,259
1164.jpg,246,373,349
1165.jpg,287,254,350
1166.jpg,310,409,130
1167.jpg,230,320,421
1168.jpg,323,136,424
1169.jpg,289,372,385
1170.jpg,314,433,399
1171.jpg,314,112,340
1172.jpg,286,132,432
1173.jpg,205,325,241
1174.jpg,251,173,326
1175.jpg,259,333,318
1176.jpg,270,325,177
1177.jpg,285,391,311
1178.jpg,318,153,124
1179.jpg,265,386,481
1180.jpg,217,163,139
1181.jpg,292,93,448
1182.jpg,226,384,443
1183.jpg,324,271,351
1184.jpg,270,268,349
1185.jpg,275,369,212
1186.jpg,326,195,332
1187.jpg,268,235,419
1188.jpg,242,204,112
1189.jpg,324,273,85
1190.jpg,290,101,116
1191.jpg,315,448,267
1192.jpg,257,233,277
1193.jpg,239,299,301
1194.jpg,319,249,250
1195.jpg,262,198,486
1196.jpg,261,203,257
1197.jpg,312,172,393
1198.jpg,277,339,214
1199.jpg,244,317,224
1200.jpg,200,447,149
1201.jpg,318,445,248
1202.jpg,251,387,235
1203.jpg,325,433,451
1204.jpg,216,354,241
1205.jpg,229,355,97
1206.jpg,246,495,109
1207.jpg,203,465,234
1208.jpg,203,87,171
1209.jpg,306,436,108
1210.jpg,216,104,424
1211.jpg,244,345,392
1212.jpg,324,473,122
1213.jpg,223,120,235
1214.jpg,294,117,446
1215.jpg,314,336,380
1216.jpg,208,378,109
1217.jpg,326,188,395
1218.jpg,282,339,96
1219.jpg,285,496,384
1220.jpg,243,265,396
1221.jpg,255,435,308
1222.jpg,258,297,252
1223.jpg,244,169,367
1224.jpg,235,106,232
1225.jpg,226,492,186
1226.jpg,304,190,445
1227.jpg,310,201,337
1228.jpg,262,266,489
1229.jpg,251,170,130
1230.jpg,251,376,146
1231.jpg,248,136,180
1232.jpg,228,114,374
1233.jpg,234,351,293
1234.jpg,213,103,79
1235.jpg,284,361,295
1236.jpg,259,322,432
1237.jpg,299,141,89
1238.jpg,295,142,359
1239.jpg,248,82,304
1240.jpg,243,210,341
1241.jpg,217,138,364
1242.jpg,308,160,175
1243.jpg,305,319,416
1244.jpg,321,257,337
1245.jpg,330,401,432
1246.jpg,257,266,198
1247.jpg,253,351,399
1248.jpg,204,190,166
1249.jpg,271,243,190
1250.jpg,229,264,414
1251.jpg,245,333,451
1252.jpg,276,265,146
1253.jpg,231,300,346
1254.jpg,238,147,380
1255.jpg,278,385,311
1256.jpg,269,336,101
1257.jpg,237,458,411
1258.jpg,255,310,295
1259.jpg,322,312,450
1260.jpg,304,66,302
1261.jpg,322,451,121
1262.jpg,258,260,255
1263.jpg,208,507,225
1264.jpg,257,495,160
1265.jpg,267,218,471
1266.jpg,294,309,69
1267.jpg,210,106,356
1268.jpg,234,203,264
1269.jpg,241,306,302
1270.jpg,220,386,412
1271.jpg,248,121,336
1272.jpg,265,338,315
1273.jpg,204,150,245
1274.jpg,226,369,93
1275.jpg,230,402,72
1276.jpg,309,168,457
1277.jpg,290,169,366
1278.jpg,296,180,180
1279.jpg,276,159,385
1280.jpg,262,267,391
1281.jpg,315,444,271
1282.jpg,236,168,491
1283.jpg,236,433,356
1284.jpg,267,61,242
1285.jpg,307,205,265
1286.jpg,240,286,99
1287.jpg,262,179,120
1288.jpg,273,200,110
1289.jpg,299,401,161
1290.jpg,250,68,300
1291.jpg,243,103,351
1292.jpg,291,224,154
1293.jpg,320,184,316
1294.jpg,277,415,280
1295.jpg,238,175,153
1296.jpg,302,481,331
1297.jpg,234,356,390
1298.jpg,208,416,242
1299.jpg,237,205,83
1300.jpg,309,283,434
1301.jpg,261,358,99
1302.jpg,290,208,197
1303.jpg,275,347,157
1304.jpg,269,195,386
1305.jpg,226,468,330
1306.jpg,258,122,478
1307.jpg,226,79,297
1308.jpg,298,380,195
1309.jpg,266,152,394
1310.jpg,247,237,276
1311.jpg,251,98,132
1312.jpg,201,417,419
1313.jpg,249,438,384
1314.jpg,248,414,112
1315.jpg,242,453,300
1316.jpg,278,80,283
1317.jpg,329,110,458
1318.jpg,235,272,332
1319.jpg,226,391,239
1320.jpg,280,372,443
1321.jpg,275,349,255
1322.jpg,297,373,195
1323.jpg,221,81,167
1324.jpg,332,491,73
1325.jpg,318,468,228
1326.jpg,234,437,149
1327.jpg,293,426,257
1328.jpg,315,132,233
1329.jpg,221,217,110
1330.jpg,288,137,220
1331.jpg,313,469,215
1332.jpg,217,448,276
1333.jpg,210,339,116
1334.jpg,255,228,367
1335.jpg,296,454,420
1336.jpg,268,335,486
1337.jpg,209,380,214
1338.jpg,282,426,296
1339.jpg,328,171,342
1340.jpg,308,282,164
1341.jpg,235,156,238
1342.jpg,251,288,181
1343.jpg,276,484,431
1344.jpg,275,400,160
1345.jpg,223,450,149
1346.jpg,307,434,258
1347.jpg,300,360,257
1348.jpg,309,206,106
1349.jpg,318,203,375
1350.jpg,246,177,388
1351.jpg,266,143,434
1352.jpg,278,149,453
1353.jpg,310,121,288
1354.jpg,203,496,326
1355.jpg,284,170,379
1356.jpg,328,376,293
1357.jpg,289,299,328
1358.jpg,266,489,442
1359.jpg,306,354,124
1360.jpg,224,259,189
1361.jpg,325,92,416
1362.jpg,327,350,271
1363.jpg,253,406,200
1364.jpg,216,364,464
1365.jpg,331,479,364
1366.jpg,325,471,443
1367.jpg,256,194,442
1368.jpg,298,337,160
1369.jpg,326,117,300
1370.jpg,225,443,300
1371.jpg,316,317,412
1372.jpg,314,318,476
1373.jpg,317,139,142
1374.jpg,259,297,154
1375.jpg,267,426,105
1376.jpg,237,389,290
1377.jpg,214,83,298
1378.jpg,307,367,97
1379.jpg,270,336,403
1380.jpg,266,358,69
1381.jpg,293,469,257
1382.jpg,320,145,296
1383.jpg,310,421,292
1384.jpg,317,349,275
1385.jpg,237,239,486
1386.jpg,217,84,289
1387.jpg,323,145,457
1388.jpg,299,436,346
1389.jpg,261,116,389
1390.jpg,206,399,395
1391.jpg,251,149,255
1392.jpg,257,371,155
1393.jpg,254,85,329
1394.jpg,200,459,418
1395.jpg,210,334,101
1396.jpg,233,235,176
1397.jpg,231,263,413
1398.jpg,303,229,409
1399.jpg,227,117,286
1400.jpg,252,217,254
1401.jpg,317,343,118
1402.jpg,259,264,419
1403.jpg,251,296,319
1404.jpg,288,130,150
1405.jpg,219,272,329
1406.jpg,212,360,473
1407.jpg,228,142,309
1408.jpg,240,204,248
1409.jpg,282,238,175
1410.jpg,205,443,416
1411.jpg,208,504,318
1412.jpg,283,485,87
1413.jpg,255,68,238
1414.jpg,209,283,479
1415.jpg,287,496,108
1416.jpg,319,71,198
1417.jpg,319,165,347
1418.jpg,305,72,453
1419.jpg,286,334,256
1420.jpg,202,114,396
1421.jpg,292,140,220
1422.jpg,211,252,460
1423.jpg,226,355,428
1424.jpg,229,242,184
1425.jpg,210,178,142
1426.jpg,258,352,451
1427.jpg,209,360,134
1428.jpg,271,191,236
1429.jpg,322,193,255
1430.jpg,220,231,294
1431.jpg,239,66,390
1432.jpg,264,249,270
1433.jpg,322,194,180
1434.jpg,280,195,169
1435.jpg,211,234,426
1436.jpg,262,334,331
1437.jpg,319,396,327
1438.jpg,251,199,482
1439.jpg,301,178,119
1440.jpg,247,153,365
1441.jpg,307,320,331
1442.jpg,266,446,115
1443.jpg,285,128,387
1444.jpg,258,225,171
1445.jpg,323,142,346
1446.jpg,257,222,123
1447.jpg,315,303,326
1448.jpg,293,109,414
1449.jpg,268,273,456
1450.jpg,313,123,262
1451.jpg,230,151,134
1452.jpg,267,336,104
1453.jpg,276,316,389
1454.jpg,203,221,407
1455.jpg,302,480,183
1456.jpg,297,146,386
1457.jpg,315,346,464
1458.jpg,251,154,321
1459.jpg,287,315,204
1460.jpg,320,419,466
1461.jpg,295,332,381
1462.jpg,320,198,430
1463.jpg,321,393,142
1464.jpg,291,305,136
1465.jpg,261,75,476
1466.jpg,227,371,348
1467.jpg,315,57,77
1468.jpg,278,82,111
1469.jpg,283,296,209
1470.jpg,265,413,416
1471.jpg,259,464,321
1472.jpg,282,125,171
1473.jpg,230,342,210
1474.jpg,308,468,211
1475.jpg,290,343,164
1476.jpg,322,136,238
1477.jpg,253,242,431
1478.jpg,278,460,190
1479.jpg,270,435,249
1480.jpg,328,500,240
1481.jpg,260,373,66
1482.jpg,280,366,94
1483.jpg,261,253,232
1484.jpg,223,112,192
1485.jpg,227,135,140
1486.jpg,230,222,96
1487.jpg,296,110,432
1488.jpg,248,369,481
1489.jpg,324,95,457
1490.jpg,225,60,430
1491.jpg,216,347,87
1492.jpg,215,93,301
1493.jpg,225,440,367
1494.jpg,287,438,214
1495.jpg,298,309,454
1496.jpg,251,77,270
1497.jpg,280,386,376
1498.jpg,211,286,185
1499.jpg,261,462,324
1500.jpg,275,321,142
1501.jpg,322,84,168
1502.jpg,240,303,369
1503.jpg,302,141,154
1504.jpg,276,199,208
1505.jpg,315,339,87
1506.jpg,278,295,256
1507.jpg,264,412,395
1508.jpg,329,84,355
1509.jpg,207,404,306
1510.jpg,315,366,111
1511.jpg,278,167,271
1512.jpg,304,204,192
1513.jpg,304,317,112
1514.jpg,199,452,403
1515.jpg,292,109,373
1516.jpg,288,395,214
1517.jpg,249,425,293
1518.jpg,236,153,385
1519.jpg,291,472,140
1520.jpg,256,249,240
1521.jpg,284,130,411
1522.jpg,222,166,102
1523.jpg,237,193,415
1524.jpg,302,327,444
1525.jpg,306,455,275
1526.jpg,272,290,400
1527.jpg,267,431,325
1528.jpg,279,429,412
1529.jpg,298,167,126
1530.jpg,295,386,145
1531.jpg,298,367,196
1532.jpg,309,80,386
1533.jpg,257,145,242
1534.jpg,219,402,159
1535.jpg,254,443,301
1536.jpg,314,202,464
1537.jpg,263,468,471
1538.jpg,208,384,417
1539.jpg,238,262,178
1540.jpg,272,283,101
1541.jpg,294,346,322
1542.jpg,203,142,290
1543.jpg,318,303,273
1544.jpg,223,165,458
1545.jpg,326,479,119
1546.jpg,288,207,151
1547.jpg,235,412,376
1548.jpg,216,201,189
1549.jpg,266,463,413
1550.jpg,211,281,172
1551.jpg,248,487,249
1552.jpg,238,240,382
1553.jpg,296,110,449
1554.jpg,203,356,134
1555.jpg,212,370,68
1556.jpg,226,331,471
1557.jpg,279,427,176
1558.jpg,290,101,228
1559.jpg,286,478,308
1560.jpg,220,197,150
1561.jpg,237,118,262
1562.jpg,295,347,162
1563.jpg,206,130,291
1564.jpg,259,400,288
1565.jpg,202,312,107
1566.jpg,267,78,416
1567.jpg,304,329,487
1568.jpg,312,120,383
1569.jpg,295,142,178
1570.jpg,253,78,258
1571.jpg,308,299,180
1572.jpg,234,451,149
1573.jpg,304,89,271
1574.jpg,240,407,116
1575.jpg,320,388,344
1576.jpg,324,90,272
1577.jpg,256,171,148
1578.jpg,326,311,137
1579.jpg,223,385,85
1580.jpg,237,116,230
1581.jpg,281,370,363
1582.jpg,262,414,224
1583.jpg,306,105,270
1584.jpg,310,481,457
1585.jpg,242,378,279
1586.jpg,330,120,188
1587.jpg,256,168,329
1588.jpg,220,171,135
1589.jpg,204,377,334
1590.jpg,212,426,185
1591.jpg,241,90,82
1592.jpg,319,437,196
1593.jpg,297,103,276
1594.jpg,271,263,470
1595.jpg,291,135,405
1596.jpg,267,479,114
1597.jpg,231,427,94
1598.jpg,318,233,422
1599.jpg,217,310,160
1600.jpg,218,117,194
1601.jpg,214,476,423
1602.jpg,294,156,317
1603.jpg,311,177,143
1604.jpg,258,274,367
1605.jpg,254,259,108
1606.jpg,259,390,89
1607.jpg,257,178,292
1608.jpg,217,292,209
1609.jpg,209,195,82
1610.jpg,275,465,149
1611.jpg,272,202,481
1612.jpg,236,249,100
1613.jpg,315,222,442
1614.jpg,205,174,239
1615.jpg,212,253,252
1616.jpg,204,207,380
1617.jpg,280,97,384
1618.jpg,271,78,368
1619.jpg,214,415,381
1620.jpg,222,387,309
1621.jpg,293,334,376
1622.jpg,316,139,270
1623.jpg,228,112,276
1624.jpg,269,368,225
1625.jpg,270,128,260
1626.jpg,320,195,349
1627.jpg,215,474,253
1628.jpg,284,303,434
1629.jpg,271,102,216
1630.jpg,268,158,87
1631.jpg,328,254,327
1632.jpg,210,441,479
1633.jpg,303,484,245
1634.jpg,286,300,448
1635.jpg,232,55,466
1636.jpg,254,222,284
1637.jpg,249,419,333
1638.jpg,260,321,281
1639.jpg,236,134,222
1640.jpg,234,463,207
1641.jpg,299,285,364
1642.jpg,294,232,135
1643.jpg,293,167,481
1644.jpg,206,170,93
1645.jpg,206,399,300
1646.jpg,295,138,341
1647.jpg,266,309,229
1648.jpg,237,289,235
1649.jpg,207,81,317
1650.jpg,277,145,310
1651.jpg,269,101,445
1652.jpg,264,100,188
1653.jpg,318,360,474
1654.jpg,302,473,255
1655.jpg,214,484,478
1656.jpg,283,359,366
1657.jpg,289,455,279
1658.jpg,268,92,182
1659.jpg,220,198,247
1660.jpg,259,278,183
1661.jpg,253,189,117
1662.jpg,328,471,239
1663.jpg,314,458,482
1664.jpg,220,430,73
1665.jpg,207,166,380
1666.jpg,317,243,243
1667.jpg,203,179,432
1668.jpg,269,458,150
1669.jpg,290,349,439
1670.jpg,321,186,80
1671.jpg,282,365,185
1672.jpg,297,333,209
1673.jpg,250,290,417
1674.jpg,304,445,235
1675.jpg,220,71,133
1676.jpg,323,390,402
1677.jpg,268,340,306
1678.jpg,315,438,490
1679.jpg,253,411,210
1680.jpg,253,226,210
1681.jpg,300,414,147
1682.jpg,219,394,393
1683.jpg,298,427,476
1684.jpg,308,96,292
1685.jpg,203,428,320
1686.jpg,243,327,169
1687.jpg,207,341,265
1688.jpg,292,188,185
1689.jpg,303,130,186
1690.jpg,324,488,467
1691.jpg,226,83,357
1692.jpg,253,151,404
1693.jpg,223,344,407
1694.jpg,275,118,329
1695.jpg,294,193,340
1696.jpg,236,479,469
1697.jpg,316,280,251
1698.jpg,263,133,65
1699.jpg,296,134,277
1700.jpg,233,169,68
1701.jpg,324,153,318
1702.jpg,262,465,143
1703.jpg,212,217,169
1704.jpg,253,470,262
1705.jpg,327,119,199
1706.jpg,238,248,371
1707.jpg,290,400,322
1708.jpg,218,274,363
1709.jpg,282,98,160
1710.jpg,315,223,445
1711.jpg,249,467,478
1712.jpg,220,288,179
1713.jpg,226,120,64
1714.jpg,303,334,287
1715.jpg,281,499,105
1716.jpg,311,132,214
1717.jpg,239,218,420
1718.jpg,230,408,354
1719.jpg,288,137,284
1720.jpg,224,239,316
1721.jpg,328,230,140
1722.jpg,322,272,241
1723.jpg,251,96,472
1724.jpg,315,378,381
1725.jpg,203,248,273
1726.jpg,203,485,346
1727.jpg,279,286,189
1728.jpg,246,291,228
1729.jpg,311,230,272
1730.jpg,267,120,406
1731.jpg,241,486,275
1732.jpg,256,485,431
1733.jpg,277,195,81
1734.jpg,241,111,68
1735.jpg,214,292,274
1736.jpg,310,273,125
1737.jpg,202,327,342
1738.jpg,229,466,384
1739.jpg,254,445,487
1740.jpg,212,266,99
1741.jpg,234,488,109
1742.jpg,287,278,445
1743.jpg,326,431,210
1744.jpg,285,372,124
1745.jpg,228,486,196
1746.jpg,272,94,192
1747.jpg,228,319,87
1748.jpg,221,383,114
1749.jpg,280,410,196
1750.jpg,257,60,267
1751.jpg,292,375,237
1752.jpg,298,120,425
1753.jpg,207,129,211
1754.jpg,246,280,234
1755.jpg,320,163,397
1756.jpg,319,187,483
1757.jpg,323,200,457
1758.jpg,295,306,162
1759.jpg,206,438,157
1760.jpg,324,329,140
1761.jpg,325,423,431
1762.jpg,252,97,147
1763.jpg,269,210,121
1764.jpg,244,306,341
1765.jpg,201,116,223
1766.jpg,229,350,115
1767.jpg,259,395,483
1768.jpg,229,201,293
1769.jpg,247,465,245
1770.jpg,212,258,460
1771.jpg,245,345,220
1772.jpg,206,374,378
1773.jpg,248,460,203
1774.jpg,223,220,313
1775.jpg,208,46,269
1776.jpg,213,406,114
1777.jpg,294,71,213
1778.jpg,226,364,316
1779.jpg,237,488,451
1780.jpg,273,366,433
1781.jpg,227,318,272
1782.jpg,319,227,181
1783.jpg,233,206,451
1784.jpg,243,243,279
1785.jpg,207,275,150
1786.jpg,312,366,71
1787.jpg,234,193,458
1788.jpg,279,466,237
1789.jpg,279,114,141
1790.jpg,263,185,243
1791.jpg,277,359,114
1792.jpg,223,376,457
1793.jpg,309,251,228
1794.jpg,212,412,169
1795.jpg,267,364,141
1796.jpg,296,479,449
1797.jpg,271,420,74
1798.jpg,231,290,309
1799.jpg,206,404,460
1800.jpg,253,302,297
1801.jpg,278,316,73
1802.jpg,283,467,148
1803.jpg,246,401,446
1804.jpg,244,361,78
1805.jpg,239,349,154
1806.jpg,235,223,299
1807.jpg,251,126,486
1808.jpg,265,295,351
1809.jpg,257,158,235
1810.jpg,281,310,183
1811.jpg,287,500,104
1812.jpg,294,111,283
1813.jpg,301,283,207
1814.jpg,213,113,238
1815.jpg,262,242,201
1816.jpg,298,173,133
1817.jpg,236,416,255
1818.jpg,281,326,324
1819.jpg,291,361,364
1820.jpg,327,200,445
1821.jpg,262,85,399
1822.jpg,294,266,455
1823.jpg,292,198,276
1824.jpg,285,67,243
1825.jpg,249,187,467
1826.jpg,257,237,237
1827.jpg,316,391,241
1828.jpg,256,281,91
1829.jpg,255,429,425
1830.jpg,322,478,374
1831.jpg,315,409,101
1832.jpg,237,64,292
1833.jpg,251,291,363
1834.jpg,265,490,227
1835.jpg,204,261,308
1836.jpg,220,334,407
1837.jpg,291,210,246
1838.jpg,235,335,72
1839.jpg,303,206,234
1840.jpg,245,222,157
1841.jpg,238,475,413
1842.jpg,257,413,116
1843.jpg,225,127,111
1844.jpg,208,373,310
1845.jpg,251,367,323
1846.jpg,309,336,355
1847.jpg,312,117,112
1848.jpg,287,184,403
1849.jpg,281,358,306
1850.jpg,284,378,82
1851.jpg,274,377,216
1852.jpg,205,117,143
1853.jpg,227,129,362
1854.jpg,312,160,201
1855.jpg,231,405,469
1856.jpg,309,90,433
1857.jpg,239,57,429
1858.jpg,232,184,208
1859.jpg,284,383,91
1860.jpg,294,112,87
1861.jpg,252,250,268
1862.jpg,316,361,447
1863.jpg,277,323,287
1864.jpg,227,145,102
1865.jpg,269,322,293
1866.jpg,263,496,221
1867.jpg,318,425,259
1868.jpg,320,313,451
1869.jpg,218,292,320
1870.jpg,214,327,294
1871.jpg,236,230,188
1872.jpg,318,401,464
1873.jpg,308,357,314
1874.jpg,309,430,427
1875.jpg,325,455,131
1876.jpg,279,275,401
1877.jpg,223,480,158
1878.jpg,323,470,292
1879.jpg,214,374,163
1880.jpg,240,491,436
1881.jpg,220,260,85
1882.jpg,292,482,489
1883.jpg,284,365,324
1884.jpg,237,211,280
1885.jpg,220,70,455
1886.jpg,302,146,340
1887.jpg,311,252,414
1888.jpg,317,480,379
1889.jpg,316,214,375
1890.jpg,237,252,464
1891.jpg,295,129,288
1892.jpg,295,270,470
1893.jpg,251,261,440
1894.jpg,291,361,264
1895.jpg,324,471,73
1896.jpg,247,404,331
1897.jpg,228,86,466
1898.jpg,315,316,140
1899.jpg,261,365,265
1900.jpg,309,454,477
1901.jpg,289,401,336
1902.jpg,328,75,272
1903.jpg,281,495,378
1904.jpg,207,352,300
1905.jpg,256,338,485
1906.jpg,316,168,247
1907.jpg,238,347,380
1908.jpg,309,253,240
1909.jpg,234,151,239
1910.jpg,275,330,460
1911.jpg,207,365,484
1912.jpg,254,481,100
1913.jpg,319,166,264
1914.jpg,304,441,105
1915.jpg,222,316,114
1916.jpg,258,316,136
1917.jpg,223,147,399
1918.jpg,319,400,223
1919.jpg,244,250,234
1920.jpg,250,135,251
1921.jpg,279,289,246
1922.jpg,266,268,194
1923.jpg,222,139,421
1924.jpg,324,498,62
1925.jpg,269,118,117
1926.jpg,296,360,391
1927.jpg,218,355,126
1928.jpg,315,230,367
1929.jpg,307,142,289
1930.jpg,279,232,309
1931.jpg,289,236,446
1932.jpg,230,320,410
1933.jpg,221,86,350
1934.jpg,316,86,235
1935.jpg,320,221,471
1936.jpg,240,401,345
1937.jpg,254,143,97
1938.jpg,308,229,405
1939.jpg,328,291,471
1940.jpg,292,367,369
1941.jpg,233,214,462
1942.jpg,269,422,130
1943.jpg,288,229,119
1944.jpg,318,360,354
1945.jpg,277,228,353
1946.jpg,203,131,451
1947.jpg,226,286,335
1948.jpg,311,434,337
1949.jpg,225,307,124
1950.jpg,316,319,213
1951.jpg,254,412,124
1952.jpg,217,295,476
1953.jpg,319,377,303
1954.jpg,325,118,467
1955.jpg,229,446,317
1956.jpg,237,138,395
1957.jpg,209,425,413
1958.jpg,290,461,479
1959.jpg,240,106,392
1960.jpg,265,410,221
1961.jpg,224,134,128
1962.jpg,249,166,90
1963.jpg,301,131,416
1964.jpg,290,181,491
1965.jpg,326,245,275
1966.jpg,324,229,396
1967.jpg,215,264,484
1968.jpg,291,297,144
1969.jpg,301,169,101
1970.jpg,218,502,381
1971.jpg,332,503,362
1972.jpg,253,141,397
1973.jpg,309,84,156
1974.jpg,289,292,433
1975.jpg,286,472,205
1976.jpg,238,346,286
1977.jpg,207,384,331
1978.jpg,236,105,303
1979.jpg,294,474,200
1980.jpg,306,79,397
1981.jpg,285,279,158
1982.jpg,284,235,174
1983.jpg,304,454,240
1984.jpg,327,473,256
1985.jpg,319,465,385
1986.jpg,267,195,323
1987.jpg,309,122,410
1988.jpg,201,399,258
1989.jpg,252,347,213
1990.jpg,257,152,74
1991.jpg,205,361,330
1992.jpg,274,93,266
1993.jpg,224,321,302
1994.jpg,241,157,338
1995.jpg,255,234,178
1996.jpg,234,379,342
1997.jpg,308,165,190
1998.jpg,269,442,353
1999.jpg,293,282,323
2000.jpg,215,323,224
2001.jpg,262,358,460
2002.jpg,244,366,169
2003.jpg,240,180,337
2004.jpg,214,460,419
2005.jpg,226,291,309
2006.jpg,275,487,271
2007.jpg,212,200,135
2008.jpg,321,146,398
2009.jpg,204,241,356
2010.jpg,271,345,81
2011.jpg,236,453,129
2012.jpg,236,485,152
2013.jpg,308,153,412
2014.jpg,244,207,291
2015.jpg,219,323,413
2016.jpg,253,66,374
2017.jpg,312,479,305
2018.jpg,248,83,108
2019.jpg,231,174,97
2020.jpg,303,250,340
2021.jpg,216,483,408
2022.jpg,281,418,327
2023.jpg,319,294,164
2024.jpg,206,133,459
2025.jpg,296,172,127
2026.jpg,212,393,452
2027.jpg,307,489,314
2028.jpg,291,435,466
2029.jpg,224,331,174
2030.jpg,297,446,419
2031.jpg,249,122,415
2032.jpg,199,464,393
2033.jpg,289,64,406
2034.jpg,235,380,185
2035.jpg,315,129,201
2036.jpg,277,376,198
2037.jpg,299,129,470
2038.jpg,281,342,413
2039.jpg,284,174,152
2040.jpg,274,433,102
2041.jpg,308,438,401
2042.jpg,257,221,127
2043.jpg,273,109,193
2044.jpg,275,78,491
2045.jpg,324,277,331
2046.jpg,229,321,431
2047.jpg,240,88,400
2048.jpg,267,183,434
2049.jpg,254,256,177
2050.jpg,295,287,409
2051.jpg,202,119,110
2052.jpg,242,61,442
2053.jpg,255,297,310
2054.jpg,223,237,261
2055.jpg,317,443,386
2056.jpg,214,93,109
2057.jpg,272,258,288
2058.jpg,293,125,86
2059.jpg,311,257,396
2060.jpg,250,476,284
2061.jpg,268,333,488
2062.jpg,260,253,181
2063.jpg,246,170,162
2064.jpg,323,234,132
2065.jpg,240,120,443
2066.jpg,202,354,352
2067.jpg,280,334,354
2068.jpg,272,270,289
2069.jpg,236,427,175
2070.jpg,260,259,281
2071.jpg,276,498,437
2072.jpg,243,414,228
2073.jpg,272,76,257
2074.jpg,202,293,308
2075.jpg,272,192,244
2076.jpg,233,220,208
2077.jpg,251,78,383
2078.jpg,247,70,387
2079.jpg,239,353,214
2080.jpg,254,112,157
2081.jpg,319,122,139
2082.jpg,255,179,244
2083.jpg,216,129,298
2084.jpg,311,400,274
2085.jpg,265,250,341
2086.jpg,223,157,186
2087.jpg,296,488,450
2088.jpg,225,162,112
2089.jpg,261,338,93
2090.jpg,242,303,314
2091.jpg,253,367,420
2092.jpg,283,459,319
2093.jpg,247,392,374
2094.jpg,216,430,434
2095.jpg,264,149,183
2096.jpg,307,98,88
2097.jpg,318,300,232
2098.jpg,288,306,68
2099.jpg,263,464,383
2100.jpg,237,352,274
2101.jpg,208,414,188
2102.jpg,326,334,299
2103.jpg,244,81,434
2104.jpg,270,131,317
2105.jpg,268,378,350
2106.jpg,313,248,302
2107.jpg,214,116,225
2108.jpg,309,315,216
2109.jpg,322,452,260
2110.jpg,227,408,441
2111.jpg,205,131,449
2112.jpg,264,168,196
2113.jpg,319,376,480
2114.jpg,220,307,252
2115.jpg,297,329,446
2116.jpg,218,177,486
2117.jpg,209,360,367
2118.jpg,219,173,470
2119.jpg,249,403,84
2120.jpg,246,232,185
2121.jpg,309,322,144
2122.jpg,250,245,187
2123.jpg,289,168,361
2124.jpg,270,335,326
2125.jpg,271,74,428
2126.jpg,313,110,275
2127.jpg,320,307,374
2128.jpg,279,434,104
2129.jpg,301,469,349
2130.jpg,327,395,274
2131.jpg,323,430,99
2132.jpg,324,245,251
2133.jpg,225,450,165
2134.jpg,313,80,357
2135.jpg,208,69,423
2136.jpg,329,162,202
2137.jpg,219,106,333
2138.jpg,233,124,248
2139.jpg,202,393,339
2140.jpg,226,410,218
2141.jpg,285,297,415
2142.jpg,241,207,486
2143.jpg,281,70,485
2144.jpg,274,148,436
2145.jpg,241,74,430
2146.jpg,329,304,435
2147.jpg,238,421,417
2148.jpg,318,132,484
2149.jpg,307,316,483
2150.jpg,242,244,398
2151.jpg,325,386,338
2152.jpg,215,217,434
2153.jpg,253,409,404
2154.jpg,317,293,246
2155.jpg,260,276,487
2156.jpg,238,101,202
2157.jpg,307,374,114
2158.jpg,230,146,65
2159.jpg,269,111,411
2160.jpg,289,144,406
2161.jpg,204,143,102
2162.jpg,201,320,369
2163.jpg,323,420,284
2164.jpg,260,355,420
2165.jpg,271,328,125
2166.jpg,252,248,211
2167.jpg,216,349,350
2168.jpg,272,198,448
2169.jpg,282,130,333
2170.jpg,243,234,349
2171.jpg,209,237,284
2172.jpg,290,389,130
2173.jpg,317,493,344
2174.jpg,304,455,325
2175.jpg,238,490,315
2176.jpg,255,105,322
2177.jpg,217,357,345
2178.jpg,232,76,479
2179.jpg,296,497,389
2180.jpg,200,481,356
2181.jpg,241,462,117
2182.jpg,282,244,266
2183.jpg,281,274,304
2184.jpg,331,495,206
2185.jpg,325,457,312
2186.jpg,312,432,282
2187.jpg,202,76,195
2188.jpg,240,481,337
2189.jpg,216,217,106
2190.jpg,302,136,309
2191.jpg,292,397,446
2192.jpg,240,431,490
2193.jpg,236,373,400
2194.jpg,215,201,482
2195.jpg,226,189,108
2196.jpg,232,249,221
2197.jpg,290,154,462
2198.jpg,205,104,466
2199.jpg,277,358,107
2200.jpg,221,397,169
2201.jpg,284,284,122
2202.jpg,323,344,487
2203.jpg,309,297,406
2204.jpg,254,158,125
2205.jpg,309,291,430
2206.jpg,288,405,398
2207.jpg,313,140,484
2208.jpg,303,114,69
2209.jpg,303,357,288
2210.jpg,321,349,305
2211.jpg,318,242,417
2212.jpg,238,178,99
2213.jpg,266,186,421
2214.jpg,251,412,101
2215.jpg,213,163,323
2216.jpg,266,393,359
2217.jpg,318,201,209
2218.jpg,278,79,164
2219.jpg,300,372,103
2220.jpg,265,259,478
2221.jpg,294,387,163
2222.jpg,209,440,396
2223.jpg,300,306,409
2224.jpg,259,424,227
2225.jpg,307,276,418
2226.jpg,217,355,278
2227.jpg,268,360,148
2228.jpg,234,402,320
2229.jpg,211,145,249
2230.jpg,242,146,331
2231.jpg,309,217,318
2232.jpg,297,261,399
2233.jpg,298,132,162
2234.jpg,301,113,240
2235.jpg,249,307,285
2236.jpg,224,130,79
2237.jpg,265,140,355
2238.jpg,330,78,103
2239.jpg,225,466,486
2240.jpg,258,432,377
2241.jpg,297,157,215
2242.jpg,214,416,178
2243.jpg,212,276,103
2244.jpg,217,303,96
2245.jpg,326,305,406
2246.jpg,257,61,121
2247.jpg,287,134,480
2248.jpg,301,386,396
2249.jpg,222,461,198
2250.jpg,304,224,366
2251.jpg,243,158,118
2252.jpg,302,415,208
2253.jpg,256,229,365
2254.jpg,324,173,161
2255.jpg,318,388,321
2256.jpg,260,233,237
2257.jpg,274,438,95
2258.jpg,214,259,289
2259.jpg,266,199,249
2260.jpg,299,246,174
2261.jpg,210,187,354
2262.jpg,293,202,486
2263.jpg,277,430,227
2264.jpg,212,424,363
2265.jpg,296,402,215
2266.jpg,325,224,167
2267.jpg,209,219,443
2268.jpg,302,205,225
2269.jpg,262,363,327
2270.jpg,240,309,154
2271.jpg,223,232,192
2272.jpg,299,470,152
2273.jpg,322,351,399
2274.jpg,291,70,187
2275.jpg,245,178,491
2276.jpg,218,152,101
2277.jpg,203,357,489
2278.jpg,309,457,435
2279.jpg,202,364,222
2280.jpg,287,341,274
2281.jpg,213,323,86
2282.jpg,255,451,276
2283.jpg,274,430,64
2284.jpg,212,202,264
2285.jpg,259,418,235
2286.jpg,203,352,116
2287.jpg,225,278,331
2288.jpg,263,75,83
2289.jpg,260,378,281
2290.jpg,310,90,299
2291.jpg,231,352,424
2292.jpg,267,99,136
2293.jpg,300,316,406
2294.jpg,254,185,481
2295.jpg,232,460,355
2296.jpg,217,373,250
2297.jpg,280,336,197
2298.jpg,307,203,102
2299.jpg,313,356,405
2300.jpg,286,206,165
2301.jpg,292,434,160
2302.jpg,211,130,386
2303.jpg,222,474,393
2304.jpg,255,273,410
2305.jpg,270,378,257
2306.jpg,270,150,476
2307.jpg,278,189,324
2308.jpg,206,499,478
2309.jpg,232,140,220
2310.jpg,288,121,134
2311.jpg,283,229,489
2312.jpg,215,401,105
2313.jpg,227,278,157
2314.jpg,313,344,280
2315.jpg,269,257,458
2316.jpg,324,431,338
2317.jpg,285,479,318
2318.jpg,317,107,141
2319.jpg,232,295,475
2320.jpg,238,356,392
2321.jpg,316,493,320
2322.jpg,313,131,155
2323.jpg,225,253,377
2324.jpg,259,324,364
2325.jpg,230,193,138
2326.jpg,288,216,87
2327.jpg,312,306,230
2328.jpg,323,224,287
2329.jpg,218,239,221
2330.jpg,234,111,402
2331.jpg,325,230,486
2332.jpg,324,479,179
2333.jpg,272,169,211
2334.jpg,257,144,179
2335.jpg,233,174,78
2336.jpg,202,491,412
2337.jpg,297,122,287
2338.jpg,229,377,346
2339.jpg,204,426,166
2340.jpg,219,412,111
2341.jpg,206,172,398
2342.jpg,217,304,358
2343.jpg,249,80,73
2344.jpg,214,252,490
2345.jpg,310,332,116
2346.jpg,285,194,408
2347.jpg,211,279,241
2348.jpg,290,145,152
2349.jpg,207,261,227
2350.jpg,301,183,262
2351.jpg,204,90,180
2352.jpg,270,481,369
2353.jpg,208,273,160
2354.jpg,202,104,332
2355.jpg,252,459,301
2356.jpg,220,62,215
2357.jpg,231,146,184
2358.jpg,316,188,338
2359.jpg,208,316,182
2360.jpg,282,422,215
2361.jpg,212,408,417
2362.jpg,277,144,368
2363.jpg,318,74,416
2364.jpg,209,387,246
2365.jpg,251,249,451
2366.jpg,253,271,86
2367.jpg,220,229,490
2368.jpg,318,469,207
2369.jpg,202,230,289
2370.jpg,277,423,355
2371.jpg,219,386,79
2372.jpg,291,387,256
2373.jpg,256,82,470
2374.jpg,236,342,340
2375.jpg,243,181,182
2376.jpg,269,229,187
2377.jpg,290,435,411
2378.jpg,215,171,485
2379.jpg,255,434,262
2380.jpg,322,231,233
2381.jpg,256,273,275
2382.jpg,240,152,453
2383.jpg,291,98,382
2384.jpg,269,95,115
2385.jpg,251,310,284
2386.jpg,271,350,170
2387.jpg,304,354,110
2388.jpg,257,132,396
2389.jpg,228,157,246
2390.jpg,306,195,423
2391.jpg,319,174,396
2392.jpg,224,73,419
2393.jpg,237,384,375
2394.jpg,287,453,415
2395.jpg,321,463,427
2396.jpg,307,125,378
2397.jpg,218,501,270
2398.jpg,322,267,120
2399.jpg,250,298,385
2400.jpg,206,193,169
2401.jpg,262,352,482
2402.jpg,221,424,490
2403.jpg,322,326,309
2404.jpg,284,176,262
2405.jpg,271,270,144
2406.jpg,281,245,232
2407.jpg,314,124,385
2408.jpg,293,110,296
2409.jpg,321,209,438
2410.jpg,223,373,112
2411.jpg,320,182,237
2412.jpg,319,395,229
2413.jpg,211,307,155
2414.jpg,240,307,361
2415.jpg,256,385,479
2416.jpg,280,170,214
2417.jpg,213,298,461
2418.jpg,237,354,261
2419.jpg,330,451,308
2420.jpg,255,209,263
2421.jpg,224,163,311
2422.jpg,309,54,340
2423.jpg,313,415,372
2424.jpg,222,200,173
2425.jpg,257,311,149
2426.jpg,236,436,197
2427.jpg,204,59,222
2428.jpg,242,480,231
2429.jpg,206,428,192
2430.jpg,305,432,158
2431.jpg,204,193,225
2432.jpg,257,259,151
2433.jpg,289,373,274
2434.jpg,313,197,181
2435.jpg,316,401,160
2436.jpg,263,132,348
2437.jpg,229,241,295
2438.jpg,265,393,83
2439.jpg,308,239,332
2440.jpg,266,266,157
2441.jpg,304,80,198
2442.jpg,272,254,165
2443.jpg,241,255,86
2444.jpg,227,76,141
2445.jpg,279,192,194
2446.jpg,268,282,210
2447.jpg,217,224,188
2448.jpg,219,443,211
2449.jpg,307,98,101
2450.jpg,259,74,186
2451.jpg,319,457,181
2452.jpg,255,165,468
2453.jpg,246,494,376
2454.jpg,284,456,145
2455.jpg,292,473,244
2456.jpg,217,246,390
2457.jpg,313,313,472
2458.jpg,247,410,337
2459.jpg,255,497,102
2460.jpg,299,325,423
2461.jpg,318,375,260
2462.jpg,218,388,95
2463.jpg,222,490,408
2464.jpg,256,171,113
2465.jpg,295,368,250
2466.jpg,319,265,170
2467.jpg,253,94,407
2468.jpg,204,270,136
2469.jpg,227,331,151
2470.jpg,277,72,108
2471.jpg,329,106,256
2472.jpg,319,173,368
2473.jpg,210,326,354
2474.jpg,214,222,242
2475.jpg,280,114,285
2476.jpg,312,253,307
2477.jpg,302,154,297
2478.jpg,263,388,193
2479.jpg,303,148,478
2480.jpg,307,365,459
2481.jpg,317,277,287
2482.jpg,296,467,362
2483.jpg,302,105,308
2484.jpg,242,57,139
2485.jpg,208,286,134
2486.jpg,209,85,193
2487.jpg,272,270,484
2488.jpg,208,203,426
2489.jpg,294,141,155
2490.jpg,323,154,464
2491.jpg,219,361,482
2492.jpg,233,72,246
2493.jpg,219,156,364
2494.jpg,206,122,191
2495.jpg,227,422,468
2496.jpg,327,143,305
2497.jpg,229,350,281
2498.jpg,266,63,85
2499.jpg,283,166,309
2500.jpg,262,330,165
2501.jpg,308,492,295
2502.jpg,267,401,302
2503.jpg,276,156,302
2504.jpg,287,230,100
2505.jpg,272,334,101
2506.jpg,239,275,293
2507.jpg,272,475,277
2508.jpg,275,385,235
2509.jpg,298,334,189
2510.jpg,251,471,147
2511.jpg,249,409,237
2512.jpg,324,316,217
2513.jpg,327,96,385
2514.jpg,220,196,397
2515.jpg,227,245,107
2516.jpg,275,64,338
2517.jpg,274,457,132
2518.jpg,278,159,210
2519.jpg,233,114,477
2520.jpg,262,178,373
2521.jpg,308,409,218
2522.jpg,211,266,269
2523.jpg,211,372,156
2524.jpg,315,124,472
2525.jpg,232,442,454
2526.jpg,221,186,323
2527.jpg,321,93,148
2528.jpg,303,424,441
2529.jpg,318,78,73
2530.jpg,308,195,446
2531.jpg,327,391,453
2532.jpg,326,90,182
2533.jpg,237,114,297
2534.jpg,243,94,370
2535.jpg,222,168,211
2536.jpg,294,336,420
2537.jpg,256,289,225
2538.jpg,282,220,476
2539.jpg,315,218,304
2540.jpg,253,119,285
2541.jpg,236,435,341
2542.jpg,303,439,276
2543.jpg,209,242,75
2544.jpg,265,264,488
2545.jpg,221,118,209
2546.jpg,201,309,181
2547.jpg,291,218,375
2548.jpg,258,200,392
2549.jpg,318,300,254
2550.jpg,209,465,127
2551.jpg,254,175,156
2552.jpg,279,281,163
2553.jpg,229,488,128
2554.jpg,233,378,174
2555.jpg,296,182,103
2556.jpg,305,448,308
2557.jpg,249,164,368
2558.jpg,240,242,377
2559.jpg,280,268,392
2560.jpg,305,440,236
2561.jpg,201,130,363
2562.jpg,278,165,316
2563.jpg,273,225,477
2564.jpg,220,346,327
2565.jpg,280,137,291
2566.jpg,227,449,401
2567.jpg,309,81,107
2568.jpg,214,129,488
2569.jpg,279,272,376
2570.jpg,245,221,441
2571.jpg,296,487,310
2572.jpg,230,217,92
2573.jpg,244,288,91
2574.jpg,247,330,431
2575.jpg,256,245,236
2576.jpg,272,70,427
2577.jpg,218,363,83
2578.jpg,282,225,479
2579.jpg,220,303,309
2580.jpg,220,91,237
2581.jpg,298,399,319
2582.jpg,286,175,418
2583.jpg,285,373,217
2584.jpg,218,460,317
2585.jpg,238,131,311
2586.jpg,298,354,304
2587.jpg,304,135,273
2588.jpg,216,59,330
2589.jpg,257,199,113
2590.jpg,302,109,197
2591.jpg,320,288,255
2592.jpg,220,314,121
2593.jpg,213,341,374
2594.jpg,315,141,367
2595.jpg,258,272,289
2596.jpg,216,280,78
2597.jpg,268,447,466
2598.jpg,229,158,213
2599.jpg,294,296,138
2600.jpg,257,321,362
2601.jpg,312,380,201
2602.jpg,325,213,381
2603.jpg,290,400,315
2604.jpg,295,305,231
2605.jpg,245,240,313
2606.jpg,260,339,228
2607.jpg,237,281,285
2608.jpg,303,68,180
2609.jpg,214,259,387
2610.jpg,308,95,434
2611.jpg,206,239,410
2612.jpg,277,215,361
2613.jpg,278,492,369
2614.jpg,244,457,252
2615.jpg,203,282,211
2616.jpg,242,376,76
2617.jpg,322,288,80
2618.jpg,230,341,487
2619.jpg,315,487,109
2620.jpg,209,155,292
2621.jpg,238,119,349
2622.jpg,261,361,71
2623.jpg,215,314,144
2624.jpg,294,188,283
2625.jpg,321,379,177
2626.jpg,325,394,391
2627.jpg,247,364,172
2628.jpg,317,349,88
2629.jpg,207,228,414
2630.jpg,318,309,319
2631.jpg,274,321,446
2632.jpg,251,467,233
2633.jpg,253,361,238
2634.jpg,265,453,188
2635.jpg,287,122,155
2636.jpg,228,298,479
2637.jpg,231,356,161
2638.jpg,212,462,65
2639.jpg,214,87,371
2640.jpg,245,343,222
2641.jpg,230,358,172
2642.jpg,318,251,97
2643.jpg,327,290,272
2644.jpg,319,418,257
2645.jpg,301,303,143
2646.jpg,215,291,175
2647.jpg,246,501,249
2648.jpg,313,281,441
2649.jpg,286,291,270
2650.jpg,220,455,256
2651.jpg,252,358,133
2652.jpg,326,346,183
2653.jpg,262,119,437
2654.jpg,273,298,479
2655.jpg,317,116,343
2656.jpg,256,424,433
2657.jpg,224,182,357
2658.jpg,300,328,466
2659.jpg,309,87,485
2660.jpg,225,313,162
2661.jpg,204,239,483
2662.jpg,255,455,403
2663.jpg,290,329,115
2664.jpg,278,229,335
2665.jpg,247,456,214
2666.jpg,325,331,297
2667.jpg,273,278,354
2668.jpg,264,130,169
2669.jpg,268,412,152
2670.jpg,273,237,158
2671.jpg,206,370,186
2672.jpg,235,69,122
2673.jpg,207,313,103
2674.jpg,319,194,189
2675.jpg,246,121,276
2676.jpg,273,70,316
2677.jpg,289,392,356
2678.jpg,213,411,451
2679.jpg,305,208,286
2680.jpg,248,104,315
2681.jpg,326,165,450
2682.jpg,241,271,451
2683.jpg,271,243,100
2684.jpg,309,423,420
2685.jpg,297,179,274
2686.jpg,322,127,291
2687.jpg,325,459,371
2688.jpg,219,329,122
2689.jpg,321,199,472
2690.jpg,288,195,286
2691.jpg,261,392,306
2692.jpg,212,323,345
2693.jpg,205,446,376
2694.jpg,220,96,163
2695.jpg,320,473,91
2696.jpg,264,382,449
2697.jpg,289,401,453
2698.jpg,283,261,142
2699.jpg,206,77,391
2700.jpg,280,167,225
2701.jpg,299,200,187
2702.jpg,290,153,88
2703.jpg,207,246,88
2704.jpg,237,194,107
2705.jpg,231,295,155
2706.jpg,300,235,147
2707.jpg,263,99,143
2708.jpg,224,338,335
2709.jpg,260,484,466
2710.jpg,215,294,148
2711.jpg,304,384,192
2712.jpg,216,207,289
2713.jpg,250,383,423
2714.jpg,311,102,257
2715.jpg,324,337,140
2716.jpg,229,268,401
2717.jpg,214,194,141
2718.jpg,235,157,276
2719.jpg,204,281,188
2720.jpg,283,269,379
2721.jpg,324,393,399
2722.jpg,210,196,295
2723.jpg,267,295,450
2724.jpg,253,316,135
2725.jpg,233,425,87
2726.jpg,215,140,330
2727.jpg,280,287,309
2728.jpg,324,327,383
2729.jpg,324,134,443
2730.jpg,229,320,277
2731.jpg,315,364,138
2732.jpg,212,324,385
2733.jpg,255,409,378
2734.jpg,207,317,354
2735.jpg,244,190,108
2736.jpg,309,459,185
2737.jpg,317,449,417
2738.jpg,282,298,326
2739.jpg,292,459,400
2740.jpg,234,303,372
2741.jpg,233,148,292
2742.jpg,276,483,95
2743.jpg,274,181,169
2744.jpg,324,455,94
2745.jpg,259,265,173
2746.jpg,218,357,486
2747.jpg,230,449,223
2748.jpg,314,207,331
2749.jpg,287,442,208
2750.jpg,254,360,488
2751.jpg,235,488,458
2752.jpg,226,320,215
2753.jpg,266,355,444
2754.jpg,242,335,478
2755.jpg,250,165,402
2756.jpg,213,163,314
2757.jpg,303,346,180
2758.jpg,267,224,490
2759.jpg,228,156,182
2760.jpg,301,376,361
2761.jpg,245,474,174
2762.jpg,283,483,408
2763.jpg,233,432,246
2764.jpg,262,320,326
2765.jpg,245,393,472
2766.jpg,287,375,113
2767.jpg,260,66,258
2768.jpg,257,96,465
2769.jpg,243,467,125
2770.jpg,322,294,452
2771.jpg,227,136,142
2772.jpg,237,451,482
2773.jpg,245,400,196
2774.jpg,291,249,204
2775.jpg,288,198,425
2776.jpg,267,225,105
2777.jpg,312,161,198
2778.jpg,211,412,123
2779.jpg,298,331,79
2780.jpg,298,259,241
2781.jpg,288,247,109
2782.jpg,270,373,113
2783.jpg,207,376,247
2784.jpg,288,261,255
2785.jpg,272,279,470
2786.jpg,285,323,300
2787.jpg,234,252,394
2788.jpg,235,298,277
2789.jpg,213,245,186
2790.jpg,293,92,190
2791.jpg,238,277,120
2792.jpg,224,216,275
2793.jpg,201,465,142
2794.jpg,240,82,456
2795.jpg,296,319,100
2796.jpg,302,146,234
2797.jpg,254,282,444
2798.jpg,251,344,148
2799.jpg,249,210,285
2800.jpg,292,64,373
2801.jpg,223,167,143
2802.jpg,241,221,293
2803.jpg,259,277,112
2804.jpg,314,56,439
2805.jpg,299,494,309
2806.jpg,325,201,246
2807.jpg,325,133,300
2808.jpg,222,393,222
2809.jpg,292,410,462
2810.jpg,308,197,299
2811.jpg,277,148,216
2812.jpg,323,361,470
2813.jpg,213,431,465
2814.jpg,226,187,447
2815.jpg,210,187,459
2816.jpg,254,329,467
2817.jpg,321,326,186
2818.jpg,305,459,449
2819.jpg,209,347,297
2820.jpg,218,177,151
2821.jpg,283,413,167
2822.jpg,235,67,417
2823.jpg,283,118,374
2824.jpg,219,74,258
2825.jpg,303,281,176
2826.jpg,243,456,396
2827.jpg,306,477,168
2828.jpg,240,240,485
2829.jpg,233,78,317
2830.jpg,315,186,139
2831.jpg,258,291,240
2832.jpg,314,487,446
2833.jpg,298,249,106
2834.jpg,277,170,118
2835.jpg,298,193,343
2836.jpg,247,114,266
2837.jpg,295,381,322
2838.jpg,287,347,95
2839.jpg,256,193,119
2840.jpg,327,416,326
2841.jpg,320,224,373
2842.jpg,270,362,234
2843.jpg,319,217,222
2844.jpg,244,327,176
2845.jpg,279,247,163
2846.jpg,295,309,466
2847.jpg,262,388,448
2848.jpg,300,408,214
2849.jpg,207,177,99
2850.jpg,201,139,387
2851.jpg,264,234,222
2852.jpg,280,129,192
2853.jpg,281,124,133
2854.jpg,293,104,459
2855.jpg,224,284,80
2856.jpg,273,342,90
2857.jpg,254,458,446
2858.jpg,279,233,108
2859.jpg,279,358,203
2860.jpg,279,188,350
2861.jpg,233,287,400
2862.jpg,316,229,312
2863.jpg,230,159,129
2864.jpg,246,170,136
2865.jpg,260,475,428
2866.jpg,284,107,361
2867.jpg,241,264,300
2868.jpg,205,100,235
2869.jpg,228,140,94
2870.jpg,277,105,253
2871.jpg,306,266,189
2872.jpg,321,292,470
2873.jpg,304,471,473
2874.jpg,252,198,221
2875.jpg,276,296,151
2876.jpg,247,221,369
2877.jpg,326,146,216
2878.jpg,319,140,352
2879.jpg,293,466,147
2880.jpg,291,291,354
2881.jpg,282,162,122
2882.jpg,255,142,316
2883.jpg,300,121,457
2884.jpg,235,400,391
2885.jpg,274,271,192
2886.jpg,234,389,103
2887.jpg,319,218,135
2888.jpg,265,397,217
2889.jpg,243,283,153
2890.jpg,263,63,292
2891.jpg,263,495,486
2892.jpg,263,59,300
2893.jpg,252,298,347
2894.jpg,250,446,376
2895.jpg,207,302,436
2896.jpg,326,403,363
2897.jpg,271,104,198
2898.jpg,233,454,321
2899.jpg,308,290,350
2900.jpg,281,191,68
2901.jpg,234,265,448
2902.jpg,304,106,115
2903.jpg,263,476,229
2904.jpg,311,274,440
2905.jpg,317,202,198
2906.jpg,277,388,373
2907.jpg,313,424,100
2908.jpg,304,418,156
2909.jpg,230,381,250
2910.jpg,234,499,105
2911.jpg,327,307,469
2912.jpg,221,440,481
2913.jpg,262,370,195
2914.jpg,238,193,291
2915.jpg,228,136,414
2916.jpg,289,326,486
2917.jpg,312,383,189
2918.jpg,298,306,91
2919.jpg,316,342,104
2920.jpg,287,391,78
2921.jpg,286,322,208
2922.jpg,301,158,408
2923.jpg,293,70,297
2924.jpg,253,163,129
2925.jpg,218,118,93
2926.jpg,272,169,356
2927.jpg,268,333,195
2928.jpg,272,432,206
2929.jpg,217,307,122
2930.jpg,327,453,124
2931.jpg,222,311,250
2932.jpg,304,408,411
2933.jpg,226,100,338
2934.jpg,241,78,132
2935.jpg,315,397,156
2936.jpg,210,131,174
2937.jpg,222,59,113
2938.jpg,318,234,122
2939.jpg,264,484,198
2940.jpg,234,74,273
2941.jpg,291,350,112
2942.jpg,325,260,270
2943.jpg,294,433,430
2944.jpg,311,419,490
2945.jpg,248,483,217
2946.jpg,327,93,264
2947.jpg,320,482,435
2948.jpg,319,222,425
2949.jpg,230,465,86
2950.jpg,227,192,359
2951.jpg,262,487,182
2952.jpg,280,338,145
2953.jpg,275,191,163
2954.jpg,263,89,184
2955.jpg,234,416,136
2956.jpg,320,85,102
2957.jpg,260,471,436
2958.jpg,205,257,323
2959.jpg,331,485,380
2960.jpg,300,403,64
2961.jpg,278,492,449
2962.jpg,201,395,118
2963.jpg,259,83,166
2964.jpg,242,428,364
2965.jpg,294,326,286
2966.jpg,323,168,199
2967.jpg,267,168,390
2968.jpg,206,457,169
2969.jpg,274,470,248
2970.jpg,208,189,469
2971.jpg,313,478,304
2972.jpg,306,118,352
2973.jpg,212,218,411
2974.jpg,306,306,453
2975.jpg,234,360,118
2976.jpg,265,433,237
2977.jpg,254,344,168
2978.jpg,285,346,453
2979.jpg,242,264,491
2980.jpg,258,348,308
2981.jpg,205,86,233
2982.jpg,263,377,466
2983.jpg,213,485,82
2984.jpg,306,386,217
2985.jpg,252,315,153
2986.jpg,219,480,246
2987.jpg,260,254,343
2988.jpg,206,74,92
2989.jpg,246,223,200
2990.jpg,257,173,245
2991.jpg,256,272,101
2992.jpg,299,502,385
2993.jpg,269,372,483
2994.jpg,204,276,131
2995.jpg,237,418,409
2996.jpg,238,483,421
2997.jpg,288,493,232
2998.jpg,218,164,257
2999.jpg,209,295,364
3000.jpg,329,492,376
3001.jpg,267,239,353
3002.jpg,243,206,417
3003.jpg,261,76,345
3004.jpg,235,297,226
3005.jpg,257,206,485
3006.jpg,263,299,222
3007.jpg,307,263,420
3008.jpg,272,407,410
3009.jpg,248,159,255
3010.jpg,282,126,135
3011.jpg,204,234,198
3012.jpg,305,414,428
3013.jpg,263,123,185
3014.jpg,298,101,357
3015.jpg,320,49,332
3016.jpg,204,54,149
3017.jpg,306,261,294
3018.jpg,241,389,310
3019.jpg,235,402,354
3020.jpg,259,327,194
3021.jpg,282,189,177
3022.jpg,323,416,103
3023.jpg,206,342,447
3024.jpg,319,172,327
3025.jpg,283,442,338
3026.jpg,306,456,485
3027.jpg,298,245,455
3028.jpg,258,415,388
3029.jpg,237,428,275
3030.jpg,256,219,77
3031.jpg,328,135,193
3032.jpg,259,259,66
3033.jpg,320,268,232
3034.jpg,281,487,323
3035.jpg,232,102,132
3036.jpg,247,468,266
3037.jpg,251,113,427
3038.jpg,252,384,302
3039.jpg,247,490,152
3040.jpg,294,354,248
3041.jpg,209,331,427
3042.jpg,215,407,450
3043.jpg,302,258,192
3044.jpg,273,58,373
3045.jpg,209,343,391
3046.jpg,310,156,170
3047.jpg,218,395,455
3048.jpg,209,187,71
3049.jpg,257,392,357
3050.jpg,201,426,280
3051.jpg,220,355,375
3052.jpg,232,143,439
3053.jpg,255,198,396
3054.jpg,295,329,109
3055.jpg,204,154,378
3056.jpg,286,363,329
3057.jpg,209,302,245
3058.jpg,214,476,292
3059.jpg,270,202,394
3060.jpg,259,262,241
3061.jpg,273,199,195
3062.jpg,251,266,459
3063.jpg,256,479,290
3064.jpg,206,57,385
3065.jpg,273,329,406
3066.jpg,268,446,471
3067.jpg,218,464,101
3068.jpg,308,121,340
3069.jpg,221,328,384
3070.jpg,216,433,305
3071.jpg,228,142,403
3072.jpg,315,302,157
3073.jpg,216,197,258
3074.jpg,229,442,434
3075.jpg,228,344,119
3076.jpg,261,248,441
3077.jpg,264,204,440
3078.jpg,247,113,191
3079.jpg,300,237,130
3080.jpg,328,127,135
3081.jpg,319,342,264
3082.jpg,289,466,402
3083.jpg,289,416,410
3084.jpg,237,163,471
3085.jpg,293,448,218
3086.jpg,279,421,333
3087.jpg,224,379,153
3088.jpg,215,332,185
3089.jpg,327,389,335
3090.jpg,318,57,292
3091.jpg,327,436,436
3092.jpg,226,94,299
3093.jpg,202,321,227
3094.jpg,298,374,365
3095.jpg,317,349,323
3096.jpg,220,361,226
3097.jpg,300,341,229
3098.jpg,231,53,200
3099.jpg,241,421,157
3100.jpg,307,254,469
3101.jpg,247,189,373
3102.jpg,229,318,317
3103.jpg,301,258,464
3104.jpg,328,278,147
3105.jpg,324,353,335
3106.jpg,314,265,253
3107.jpg,276,281,240
3108.jpg,245,238,395
3109.jpg,308,504,100
3110.jpg,280,208,128
3111.jpg,256,267,354
3112.jpg,208,375,315
3113.jpg,323,494,277
3114.jpg,286,301,436
3115.jpg,253,201,277
3116.jpg,251,364,156
3117.jpg,245,224,302
3118.jpg,279,274,236
3119.jpg,235,310,393
3120.jpg,327,297,287
3121.jpg,258,140,140
3122.jpg,205,351,270
3123.jpg,280,431,192
3124.jpg,290,91,119
3125.jpg,250,320,112
3126.jpg,207,142,448
3127.jpg,301,390,264
3128.jpg,321,391,264
3129.jpg,326,368,109
3130.jpg,243,243,131
3131.jpg,316,413,137
3132.jpg,259,137,316
3133.jpg,279,59,265
3134.jpg,265,122,447
3135.jpg,328,320,84
3136.jpg,227,240,430
3137.jpg,303,233,124
3138.jpg,218,428,196
3139.jpg,232,122,357
3140.jpg,272,319,196
3141.jpg,289,355,491
3142.jpg,307,383,439
3143.jpg,220,317,265
3144.jpg,198,466,474
3145.jpg,220,135,120
3146.jpg,212,347,131
3147.jpg,260,322,87
3148.jpg,327,189,275
3149.jpg,234,359,144
3150.jpg,322,159,123
3151.jpg,300,460,257
3152.jpg,302,282,316
3153.jpg,237,277,291
3154.jpg,288,132,286
3155.jpg,232,138,384
3156.jpg,268,481,137
3157.jpg,294,321,230
3158.jpg,306,282,431
3159.jpg,221,431,487
3160.jpg,311,480,152
3161.jpg,212,463,244
3162.jpg,237,176,142
3163.jpg,234,269,438
3164.jpg,305,275,398
3165.jpg,315,181,341
3166.jpg,290,371,422
3167.jpg,287,140,269
3168.jpg,236,66,183
3169.jpg,320,353,88
3170.jpg,208,474,132
3171.jpg,214,449,476
3172.jpg,288,154,464
3173.jpg,240,330,280
3174.jpg,290,334,425
3175.jpg,241,453,467
3176.jpg,308,217,373
3177.jpg,224,198,401
3178.jpg,251,423,330
3179.jpg,331,484,411
3180.jpg,311,142,110
3181.jpg,256,269,108
3182.jpg,233,218,113
3183.jpg,200,500,267
3184.jpg,309,110,159
3185.jpg,229,217,220
3186.jpg,305,292,404
3187.jpg,243,484,119
3188.jpg,327,392,195
3189.jpg,283,216,456
3190.jpg,280,495,89
3191.jpg,228,252,148
3192.jpg,319,203,183
3193.jpg,309,179,177
3194.jpg,227,336,479
3195.jpg,294,77,230
3196.jpg,242,246,309
3197.jpg,260,218,432
3198.jpg,260,273,261
3199.jpg,317,359,255
3200.jpg,318,74,303
3201.jpg,315,194,433
3202.jpg,286,195,138
3203.jpg,301,339,220
3204.jpg,249,103,397
3205.jpg,306,200,419
3206.jpg,237,501,114
3207.jpg,275,422,162
3208.jpg,262,421,124
3209.jpg,304,467,180
3210.jpg,216,110,187
3211.jpg,238,98,279
3212.jpg,329,367,135
3213.jpg,271,477,222
3214.jpg,215,151,411
3215.jpg,306,229,327
3216.jpg,240,228,171
3217.jpg,273,156,156
3218.jpg,324,318,357
3219.jpg,291,278,125
3220.jpg,242,386,148
3221.jpg,313,431,103
3222.jpg,311,173,180
3223.jpg,237,281,195
3224.jpg,316,408,476
3225.jpg,232,331,393
3226.jpg,218,466,325
3227.jpg,316,146,434
3228.jpg,265,396,407
3229.jpg,237,245,332
3230.jpg,230,91,99
3231.jpg,201,174,429
3232.jpg,292,292,400
3233.jpg,228,219,334
3234.jpg,282,208,91
3235.jpg,319,218,365
3236.jpg,314,417,355
3237.jpg,205,360,310
3238.jpg,324,118,421
3239.jpg,326,93,138
3240.jpg,321,334,303
3241.jpg,275,71,359
3242.jpg,311,401,281
3243.jpg,324,168,204
3244.jpg,244,206,199
3245.jpg,243,384,178
3246.jpg,216,494,134
3247.jpg,276,184,91
3248.jpg,295,137,70
3249.jpg,325,254,445
3250.jpg,231,480,284
3251.jpg,238,105,347
3252.jpg,315,388,312
3253.jpg,286,365,250
3254.jpg,323,221,325
3255.jpg,314,484,118
3256.jpg,264,467,454
3257.jpg,212,177,360
3258.jpg,300,412,306
3259.jpg,327,424,212
3260.jpg,260,425,146
3261.jpg,213,195,403
3262.jpg,276,236,407
3263.jpg,272,455,307
3264.jpg,217,392,285
3265.jpg,278,61,250
3266.jpg,255,334,221
3267.jpg,297,270,473
3268.jpg,257,129,187
3269.jpg,303,204,282
3270.jpg,213,236,250
3271.jpg,317,323,247
3272.jpg,332,490,268
3273.jpg,250,214,361
3274.jpg,301,380,255
3275.jpg,297,126,160
3276.jpg,293,323,197
3277.jpg,264,466,184
3278.jpg,268,129,287
3279.jpg,228,146,401
3280.jpg,290,453,126
3281.jpg,230,58,263
3282.jpg,282,292,384
3283.jpg,214,170,485
3284.jpg,286,267,433
3285.jpg,307,220,130
3286.jpg,204,347,174
3287.jpg,280,246,183
3288.jpg,280,75,199
3289.jpg,231,92,383
3290.jpg,289,402,315
3291.jpg,287,343,114
3292.jpg,275,437,444
3293.jpg,258,237,103
3294.jpg,226,455,319
3295.jpg,261,342,152
3296.jpg,261,125,152
3297.jpg,228,236,115
3298.jpg,326,186,260
3299.jpg,252,192,486
3300.jpg,259,196,280
3301.jpg,237,327,309
3302.jpg,254,145,185
3303.jpg,264,65,436
3304.jpg,326,398,239
3305.jpg,275,203,127
3306.jpg,296,288,265
3307.jpg,247,183,264
3308.jpg,232,375,411
3309.jpg,306,146,323
3310.jpg,312,303,225
3311.jpg,258,152,461
3312.jpg,306,102,273
3313.jpg,253,489,331
3314.jpg,241,399,470
3315.jpg,304,357,125
3316.jpg,303,400,318
3317.jpg,300,316,445
3318.jpg,287,206,309
3319.jpg,264,277,450
3320.jpg,323,358,387
3321.jpg,215,282,483
3322.jpg,222,148,101
3323.jpg,229,92,151
3324.jpg,234,231,313
3325.jpg,297,449,399
3326.jpg,242,219,66
3327.jpg,286,290,459
3328.jpg,223,458,180
3329.jpg,229,91,422
3330.jpg,305,353,233
3331.jpg,238,427,284
3332.jpg,253,245,86
3333.jpg,309,376,361
3334.jpg,231,409,472
3335.jpg,312,59,285
3336.jpg,277,175,258
3337.jpg,326,282,471
3338.jpg,258,468,259
3339.jpg,212,234,259
3340.jpg,282,274,345
3341.jpg,302,462,193
3342.jpg,292,236,103
3343.jpg,296,219,302
3344.jpg,294,481,237
3345.jpg,323,267,459
3346.jpg,226,209,375
3347.jpg,220,327,67
3348.jpg,321,459,416
3349.jpg,204,400,163
3350.jpg,283,433,82
3351.jpg,216,377,468
3352.jpg,266,453,143
3353.jpg,329,134,332
3354.jpg,237,277,306
3355.jpg,226,287,234
3356.jpg,243,114,396
3357.jpg,234,212,479
3358.jpg,262,492,488
3359.jpg,307,186,238
3360.jpg,293,351,455
3361.jpg,285,236,422
3362.jpg,217,159,357
3363.jpg,292,229,186
3364.jpg,310,111,246
3365.jpg,261,329,407
3366.jpg,248,192,341
3367.jpg,309,290,116
3368.jpg,220,112,425
3369.jpg,205,456,240
3370.jpg,313,187,327
3371.jpg,305,442,114
3372.jpg,254,66,256
3373.jpg,312,490,298
3374.jpg,321,113,216
3375.jpg,256,176,87
3376.jpg,330,394,122
3377.jpg,246,71,288
3378.jpg,275,284,317
3379.jpg,241,268,446
3380.jpg,244,95,443
3381.jpg,211,301,301
3382.jpg,244,147,282
3383.jpg,273,306,304
3384.jpg,305,318,454
3385.jpg,227,267,89
3386.jpg,229,65,477
3387.jpg,280,241,390
3388.jpg,304,290,120
3389.jpg,304,193,482
3390.jpg,280,464,153
3391.jpg,303,360,192
3392.jpg,274,281,305
3393.jpg,247,428,151
3394.jpg,288,112,431
3395.jpg,307,426,118
3396.jpg,209,355,163
3397.jpg,311,214,235
3398.jpg,234,494,392
3399.jpg,313,237,155
3400.jpg,234,379,156
3401.jpg,311,417,170
3402.jpg,265,395,479
3403.jpg,283,230,179
3404.jpg,326,452,208
3405.jpg,279,313,285
3406.jpg,230,403,350
3407.jpg,292,151,294
3408.jpg,259,285,307
3409.jpg,303,459,422
3410.jpg,211,319,103
3411.jpg,243,112,218
3412.jpg,329,263,167
3413.jpg,292,437,263
3414.jpg,289,346,315
3415.jpg,209,213,251
3416.jpg,293,323,410
3417.jpg,268,218,362
3418.jpg,259,277,364
3419.jpg,253,82,103
3420.jpg,300,481,473
3421.jpg,310,71,79
3422.jpg,234,59,144
3423.jpg,233,305,260
3424.jpg,297,273,272
3425.jpg,328,332,204
3426.jpg,311,448,171
3427.jpg,284,126,306
3428.jpg,317,65,379
3429.jpg,278,71,366
3430.jpg,216,143,254
3431.jpg,226,56,324
3432.jpg,319,478,295
3433.jpg,269,456,463
3434.jpg,305,260,184
3435.jpg,310,296,370
3436.jpg,218,244,421
3437.jpg,269,263,160
3438.jpg,255,467,464
3439.jpg,245,230,259
3440.jpg,267,428,126
3441.jpg,254,73,321
3442.jpg,267,220,384
3443.jpg,309,206,94
3444.jpg,229,435,346
3445.jpg,264,264,186
3446.jpg,255,199,65
3447.jpg,255,352,390
3448.jpg,256,467,476
3449.jpg,289,494,94
3450.jpg,214,352,434
3451.jpg,247,303,319
3452.jpg,326,242,429
3453.jpg,273,241,100
3454.jpg,294,73,445
3455.jpg,281,203,205
3456.jpg,231,474,93
3457.jpg,285,490,226
3458.jpg,309,103,186
3459.jpg,229,349,140
3460.jpg,283,447,149
3461.jpg,321,294,383
3462.jpg,305,437,109
3463.jpg,238,380,396
3464.jpg,289,344,254
3465.jpg,289,343,90
3466.jpg,213,227,332
3467.jpg,305,369,176
3468.jpg,304,468,486
3469.jpg,254,478,99
3470.jpg,304,423,398
3471.jpg,316,311,295
3472.jpg,267,352,293
3473.jpg,302,159,235
3474.jpg,287,345,261
3475.jpg,208,78,490
3476.jpg,229,174,164
3477.jpg,303,207,269
3478.jpg,312,164,265
3479.jpg,206,225,221
3480.jpg,281,199,211
3481.jpg,331,454,248
3482.jpg,201,152,426
3483.jpg,301,462,65
3484.jpg,213,216,399
3485.jpg,281,193,469
3486.jpg,318,56,452
3487.jpg,330,430,389
3488.jpg,225,190,264
3489.jpg,245,459,447
3490.jpg,209,248,276
3491.jpg,323,124,331
3492.jpg,261,244,470
3493.jpg,227,260,295
3494.jpg,282,364,102
3495.jpg,316,196,277
3496.jpg,235,177,416
3497.jpg,240,73,198
3498.jpg,279,400,475
3499.jpg,263,390,388
3500.jpg,216,426,196
3501.jpg,308,102,416
3502.jpg,308,126,173
3503.jpg,270,254,444
3504.jpg,232,109,182
3505.jpg,307,215,140
3506.jpg,315,278,454
3507.jpg,294,80,338
3508.jpg,249,310,320
3509.jpg,203,164,196
3510.jpg,221,112,261
3511.jpg,273,418,113
3512.jpg,330,68,252
3513.jpg,261,351,81
3514.jpg,217,116,254
3515.jpg,203,450,184
3516.jpg,276,308,83
3517.jpg,320,227,387
3518.jpg,248,240,223
3519.jpg,259,472,261
3520.jpg,270,343,321
3521.jpg,280,392,417
3522.jpg,212,400,296
3523.jpg,272,332,383
3524.jpg,264,181,146
3525.jpg,248,313,151
3526.jpg,257,251,449
3527.jpg,299,431,76
3528.jpg,260,398,244
3529.jpg,290,212,386
3530.jpg,267,129,256
3531.jpg,280,497,311
3532.jpg,270,487,256
3533.jpg,213,453,162
3534.jpg,246,267,188
3535.jpg,284,92,82
3536.jpg,232,432,101
3537.jpg,293,100,167
3538.jpg,223,482,278
3539.jpg,274,134,135
3540.jpg,209,177,374
3541.jpg,208,358,466
3542.jpg,251,496,196
3543.jpg,283,460,491
3544.jpg,269,170,268
3545.jpg,220,223,291
3546.jpg,215,385,135
3547.jpg,304,371,461
3548.jpg,276,343,439
3549.jpg,290,407,381
3550.jpg,218,188,280
3551.jpg,240,327,465
3552.jpg,290,329,305
3553.jpg,279,447,257
3554.jpg,216,135,331
3555.jpg,308,158,421
3556.jpg,218,492,125
3557.jpg,258,130,362
3558.jpg,320,134,117
3559.jpg,208,232,129
3560.jpg,303,257,471
3561.jpg,288,228,86
3562.jpg,218,413,346
3563.jpg,226,496,150
3564.jpg,291,163,126
3565.jpg,225,141,196
3566.jpg,317,254,481
3567.jpg,278,161,158
3568.jpg,242,353,396
3569.jpg,227,333,179
3570.jpg,305,155,455
3571.jpg,223,223,113
3572.jpg,208,70,129
3573.jpg,205,378,109
3574.jpg,295,156,272
3575.jpg,219,454,237
3576.jpg,329,422,253
3577.jpg,209,109,434
3578.jpg,258,472,311
3579.jpg,276,252,409
3580.jpg,329,435,181
3581.jpg,244,416,464
3582.jpg,232,107,219
3583.jpg,240,116,469
3584.jpg,261,87,275
3585.jpg,310,300,181
3586.jpg,241,175,238
3587.jpg,203,410,341
3588.jpg,293,312,258
3589.jpg,290,239,309
3590.jpg,249,266,275
3591.jpg,275,293,181
3592.jpg,277,77,376
3593.jpg,294,380,161
3594.jpg,295,340,195
3595.jpg,318,277,328
3596.jpg,308,64,420
3597.jpg,231,178,330
3598.jpg,246,477,252
3599.jpg,298,337,142
3600.jpg,260,367,227
3601.jpg,219,348,407
3602.jpg,237,347,420
3603.jpg,289,139,91
3604.jpg,272,474,480
3605.jpg,307,120,270
3606.jpg,266,409,433
3607.jpg,302,189,137
3608.jpg,263,305,220
3609.jpg,230,91,94
3610.jpg,309,313,189
3611.jpg,256,143,143
3612.jpg,266,226,139
3613.jpg,298,172,480
3614.jpg,302,180,251
3615.jpg,306,136,148
3616.jpg,264,121,164
3617.jpg,241,143,426
3618.jpg,226,381,366
3619.jpg,301,485,436
3620.jpg,244,295,448
3621.jpg,281,287,286
3622.jpg,224,476,332
3623.jpg,321,146,136
3624.jpg,302,159,78
3625.jpg,318,275,241
3626.jpg,248,350,112
3627.jpg,285,449,311
3628.jpg,234,268,479
3629.jpg,309,297,461
3630.jpg,248,127,203
3631.jpg,249,392,290
3632.jpg,321,348,365
3633.jpg,303,465,140
3634.jpg,264,374,262
3635.jpg,221,280,437
3636.jpg,212,458,151
3637.jpg,245,186,471
3638.jpg,324,486,429
3639.jpg,264,398,265
3640.jpg,314,158,106
3641.jpg,211,395,277
3642.jpg,316,140,104
3643.jpg,320,388,150
3644.jpg,199,479,434
3645.jpg,281,497,201
3646.jpg,314,312,425
3647.jpg,287,129,99
3648.jpg,278,299,281
3649.jpg,276,474,411
3650.jpg,218,313,326
3651.jpg,216,383,227
3652.jpg,257,286,209
3653.jpg,245,363,227
3654.jpg,307,210,336
3655.jpg,324,253,426
3656.jpg,272,486,85
3657.jpg,251,124,286
3658.jpg,320,98,345
3659.jpg,255,305,144
3660.jpg,211,191,219
3661.jpg,211,482,414
3662.jpg,324,270,381
3663.jpg,220,351,145
3664.jpg,282,64,266
3665.jpg,222,358,379
3666.jpg,220,506,244
3667.jpg,248,213,197
3668.jpg,202,301,194
3669.jpg,227,356,468
3670.jpg,267,343,318
3671.jpg,307,430,264
3672.jpg,231,99,298
3673.jpg,266,431,69
3674.jpg,202,266,129
3675.jpg,265,187,415
3676.jpg,266,107,363
3677.jpg,229,125,167
3678.jpg,203,205,429
3679.jpg,235,378,343
3680.jpg,273,268,363
3681.jpg,242,247,191
3682.jpg,265,289,238
3683.jpg,247,95,271
3684.jpg,302,162,144
3685.jpg,222,139,270
3686.jpg,307,422,201
3687.jpg,269,234,481
3688.jpg,237,229,200
3689.jpg,323,185,383
3690.jpg,322,189,368
3691.jpg,247,300,61
3692.jpg,317,198,419
3693.jpg,255,247,115
3694.jpg,270,407,290
3695.jpg,295,144,257
3696.jpg,280,429,73
3697.jpg,325,432,426
3698.jpg,236,86,165
3699.jpg,206,232,353
3700.jpg,264,65,350
3701.jpg,315,461,351
3702.jpg,228,393,484
3703.jpg,219,322,202
3704.jpg,272,264,485
3705.jpg,264,266,241
3706.jpg,240,471,248
3707.jpg,233,113,272
3708.jpg,324,356,255
3709.jpg,257,335,378
3710.jpg,258,138,233
3711.jpg,320,444,182
3712.jpg,287,404,135
3713.jpg,308,150,147
3714.jpg,226,377,490
3715.jpg,255,400,108
3716.jpg,221,87,168
3717.jpg,318,76,231
3718.jpg,229,147,380
3719.jpg,256,210,420
3720.jpg,286,116,280
3721.jpg,307,152,381
3722.jpg,243,473,346
3723.jpg,308,480,331
3724.jpg,274,228,146
3725.jpg,230,470,164
3726.jpg,213,287,352
3727.jpg,282,210,318
3728.jpg,321,185,468
3729.jpg,277,404,379
3730.jpg,279,447,332
3731.jpg,273,304,335
3732.jpg,261,321,390
3733.jpg,325,344,140
3734.jpg,320,365,333
3735.jpg,247,131,233
3736.jpg,224,132,273
3737.jpg,264,254,324
3738.jpg,324,333,124
3739.jpg,326,324,362
3740.jpg,207,371,118
3741.jpg,324,378,113
3742.jpg,289,444,361
3743.jpg,304,332,273
3744.jpg,271,343,135
3745.jpg,308,98,192
3746.jpg,299,307,179
3747.jpg,202,380,235
3748.jpg,299,415,367
3749.jpg,217,262,406
3750.jpg,322,310,313
3751.jpg,203,343,134
3752.jpg,315,428,299
3753.jpg,302,399,380
3754.jpg,282,111,175
3755.jpg,207,465,396
3756.jpg,282,470,212
3757.jpg,278,66,143
3758.jpg,259,386,115
3759.jpg,245,102,434
3760.jpg,298,360,239
3761.jpg,297,421,85
3762.jpg,231,385,360
3763.jpg,286,187,224
3764.jpg,264,297,408
3765.jpg,295,376,466
3766.jpg,242,464,318
3767.jpg,295,494,187
3768.jpg,298,70,425
3769.jpg,278,70,218
3770.jpg,311,328,251
3771.jpg,258,214,215
3772.jpg,233,454,408
3773.jpg,328,104,141
3774.jpg,253,415,351
3775.jpg,296,115,318
3776.jpg,313,82,322
3777.jpg,323,155,489
3778.jpg,318,387,394
3779.jpg,265,400,249
3780.jpg,262,331,381
3781.jpg,287,166,178
3782.jpg,233,179,345
3783.jpg,294,172,128
3784.jpg,309,477,321
3785.jpg,236,234,438
3786.jpg,245,174,391
3787.jpg,248,137,277
3788.jpg,314,480,157
3789.jpg,263,188,356
3790.jpg,250,434,400
3791.jpg,279,179,283
3792.jpg,227,135,265
3793.jpg,232,300,161
3794.jpg,312,92,158
3795.jpg,234,413,253
3796.jpg,231,497,284
3797.jpg,283,378,386
3798.jpg,304,119,292
3799.jpg,210,137,76
3800.jpg,257,95,274
3801.jpg,205,482,119
3802.jpg,296,237,208
3803.jpg,236,181,457
3804.jpg,210,439,130
3805.jpg,237,325,113
3806.jpg,223,366,241
3807.jpg,228,344,184
3808.jpg,287,158,191
3809.jpg,296,204,370
3810.jpg,280,248,295
3811.jpg,224,194,243
3812.jpg,213,418,332
3813.jpg,282,209,235
3814.jpg,323,387,251
3815.jpg,317,399,306
3816.jpg,207,414,257
3817.jpg,281,382,190
3818.jpg,257,283,151
3819.jpg,296,185,426
3820.jpg,263,352,388
3821.jpg,236,245,121
3822.jpg,265,93,283
3823.jpg,228,443,183
3824.jpg,331,451,80
3825.jpg,284,191,300
3826.jpg,213,343,483
3827.jpg,264,311,475
3828.jpg,325,435,369
3829.jpg,280,452,363
3830.jpg,281,456,436
3831.jpg,225,124,107
3832.jpg,302,289,156
3833.jpg,294,66,275
3834.jpg,320,261,247
3835.jpg,309,116,153
3836.jpg,245,422,324
3837.jpg,215,150,174
3838.jpg,293,310,448
3839.jpg,297,205,120
3840.jpg,220,254,339
3841.jpg,297,482,412
3842.jpg,264,277,456
3843.jpg,298,382,469
3844.jpg,207,461,426
3845.jpg,310,280,166
3846.jpg,304,270,109
3847.jpg,293,208,242
3848.jpg,245,276,287
3849.jpg,261,90,231
3850.jpg,240,303,279
3851.jpg,248,66,164
3852.jpg,219,233,320
3853.jpg,221,307,457
3854.jpg,255,378,282
3855.jpg,225,313,292
3856.jpg,237,465,489
3857.jpg,307,394,436
3858.jpg,251,346,306
3859.jpg,264,150,251
3860.jpg,299,162,482
3861.jpg,231,207,85
3862.jpg,271,481,485
3863.jpg,219,346,233
3864.jpg,222,109,128
3865.jpg,230,228,165
3866.jpg,243,134,365
3867.jpg,278,369,466
3868.jpg,286,145,139
3869.jpg,214,203,139
3870.jpg,209,234,302
3871.jpg,210,189,173
3872.jpg,210,468,405
3873.jpg,310,243,366
3874.jpg,251,366,423
3875.jpg,242,417,110
3876.jpg,257,460,370
3877.jpg,278,429,193
3878.jpg,299,338,135
3879.jpg,221,306,432
3880.jpg,270,74,282
3881.jpg,272,463,377
3882.jpg,327,233,273
3883.jpg,250,281,363
3884.jpg,264,236,314
3885.jpg,227,180,329
3886.jpg,272,179,317
3887.jpg,215,482,227
3888.jpg,219,252,401
3889.jpg,310,287,324
3890.jpg,299,174,328
3891.jpg,326,159,198
3892.jpg,230,217,197
3893.jpg,224,177,165
3894.jpg,297,218,105
3895.jpg,306,252,202
3896.jpg,261,255,128
3897.jpg,329,315,223
3898.jpg,272,323,203
3899.jpg,222,279,440
3900.jpg,250,62,130
3901.jpg,230,291,451
3902.jpg,265,257,67
3903.jpg,230,111,181
3904.jpg,299,73,353
3905.jpg,312,298,241
3906.jpg,225,384,317
3907.jpg,230,356,443
3908.jpg,270,411,144
3909.jpg,308,479,198
3910.jpg,231,262,270
3911.jpg,254,338,473
3912.jpg,275,155,115
3913.jpg,240,87,272
3914.jpg,281,312,215
3915.jpg,294,430,329
3916.jpg,222,410,488
3917.jpg,251,349,435
3918.jpg,254,478,255
3919.jpg,237,303,141
3920.jpg,215,486,199
3921.jpg,292,476,127
3922.jpg,275,143,291
3923.jpg,241,427,459
3924.jpg,229,444,465
3925.jpg,241,194,150
3926.jpg,294,419,273
3927.jpg,254,243,223
3928.jpg,314,355,466
3929.jpg,283,282,401
3930.jpg,239,171,388
3931.jpg,292,60,98
3932.jpg,282,276,150
3933.jpg,209,88,143
3934.jpg,247,486,107
3935.jpg,250,462,176
3936.jpg,206,194,230
3937.jpg,239,441,398
3938.jpg,319,416,230
3939.jpg,271,240,479
3940.jpg,225,237,453
3941.jpg,203,392,355
3942.jpg,233,276,176
3943.jpg,245,250,269
3944.jpg,234,306,258
3945.jpg,221,388,342
3946.jpg,276,346,89
3947.jpg,255,114,490
3948.jpg,237,164,114
3949.jpg,248,487,73
3950.jpg,237,302,369
3951.jpg,228,335,245
3952.jpg,203,58,223
3953.jpg,244,433,230
3954.jpg,263,106,404
3955.jpg,311,104,250
3956.jpg,269,356,233
3957.jpg,202,221,185
3958.jpg,302,208,413
3959.jpg,219,218,95
3960.jpg,273,242,271
3961.jpg,307,267,456
3962.jpg,231,429,179
3963.jpg,314,214,185
3964.jpg,206,403,350
3965.jpg,262,487,292
3966.jpg,261,357,96
3967.jpg,239,288,465
3968.jpg,311,459,349
3969.jpg,288,343,258
3970.jpg,299,165,399
3971.jpg,217,254,126
3972.jpg,277,482,208
3973.jpg,234,222,231
3974.jpg,289,101,342
3975.jpg,317,413,130
3976.jpg,281,417,239
3977.jpg,235,64,490
3978.jpg,327,84,429
3979.jpg,266,132,112
3980.jpg,263,173,355
3981.jpg,225,461,163
3982.jpg,308,273,304
3983.jpg,242,461,457
3984.jpg,233,468,343
3985.jpg,288,152,430
3986.jpg,275,492,435
3987.jpg,299,56,325
3988.jpg,282,189,139
3989.jpg,241,77,267
3990.jpg,315,197,230
3991.jpg,289,127,229
3992.jpg,225,217,132
3993.jpg,303,107,376
3994.jpg,232,177,326
3995.jpg,243,486,281
3996.jpg,315,351,210
3997.jpg,258,159,432
3998.jpg,241,224,65
3999.jpg,281,215,487
4000.jpg,320,124,444
4001.jpg,251,466,403
4002.jpg,248,204,396
4003.jpg,262,92,306
4004.jpg,234,153,81
4005.jpg,321,368,275
4006.jpg,244,409,133
4007.jpg,267,256,95
4008.jpg,270,253,123
4009.jpg,272,391,262
4010.jpg,264,449,422
4011.jpg,313,292,228
4012.jpg,309,149,483
4013.jpg,292,201,467
4014.jpg,325,311,189
4015.jpg,283,72,277
4016.jpg,216,387,275
4017.jpg,305,132,94
4018.jpg,224,192,121
4019.jpg,326,386,359
4020.jpg,282,426,240
4021.jpg,299,463,371
4022.jpg,242,367,121
4023.jpg,329,482,416
4024.jpg,306,348,380
4025.jpg,266,66,110
4026.jpg,218,409,167
4027.jpg,250,135,190
4028.jpg,220,474,419
4029.jpg,296,118,361
4030.jpg,204,425,204
4031.jpg,210,96,482
4032.jpg,275,383,423
4033.jpg,256,248,221
4034.jpg,283,174,110
4035.jpg,233,298,491
4036.jpg,281,263,263
4037.jpg,322,199,423
4038.jpg,247,141,97
4039.jpg,319,153,315
4040.jpg,299,313,374
4041.jpg,258,279,152
4042.jpg,232,316,142
4043.jpg,292,427,450
4044.jpg,328,361,223
4045.jpg,294,440,376
4046.jpg,257,367,433
4047.jpg,255,154,256
4048.jpg,321,174,311
4049.jpg,219,137,168
4050.jpg,287,134,361
4051.jpg,300,100,317
4052.jpg,266,495,148
4053.jpg,263,179,398
4054.jpg,218,248,290
4055.jpg,297,115,258
4056.jpg,261,204,371
4057.jpg,309,420,89
4058.jpg,278,366,338
4059.jpg,302,446,398
4060.jpg,254,232,290
4061.jpg,219,485,91
4062.jpg,258,443,418
4063.jpg,286,386,205
4064.jpg,297,173,294
4065.jpg,253,400,164
4066.jpg,234,209,266
4067.jpg,230,240,319
4068.jpg,239,423,127
4069.jpg,295,140,106
4070.jpg,222,272,410
4071.jpg,267,87,135
4072.jpg,320,220,182
4073.jpg,229,345,466
4074.jpg,220,412,250
4075.jpg,279,99,245
4076.jpg,212,212,189
4077.jpg,217,356,379
4078.jpg,301,58,392
4079.jpg,257,475,309
4080.jpg,322,346,185
4081.jpg,288,223,145
4082.jpg,205,482,210
4083.jpg,244,387,312
4084.jpg,255,302,163
4085.jpg,295,249,383
4086.jpg,232,213,101
4087.jpg,222,317,246
4088.jpg,263,210,453
4089.jpg,238,476,326
4090.jpg,273,266,172
4091.jpg,298,223,282
4092.jpg,257,486,243
4093.jpg,288,278,338
4094.jpg,236,299,178
4095.jpg,233,197,202
4096.jpg,248,179,232
4097.jpg,244,305,104
4098.jpg,301,421,396
4099.jpg,248,159,267
4100.jpg,285,190,397
4101.jpg,244,398,463
4102.jpg,276,195,250
4103.jpg,200,110,131
4104.jpg,262,125,209
4105.jpg,267,156,258
4106.jpg,242,497,200
4107.jpg,258,497,349
4108.jpg,203,388,96
4109.jpg,239,250,416
4110.jpg,242,112,236
4111.jpg,212,402,349
4112.jpg,265,350,232
4113.jpg,262,232,112
4114.jpg,212,350,112
4115.jpg,271,292,426
4116.jpg,274,470,225
4117.jpg,215,188,404
4118.jpg,254,220,221
4119.jpg,258,283,101
4120.jpg,247,273,248
4121.jpg,297,414,440
4122.jpg,289,192,485
4123.jpg,243,292,170
4124.jpg,205,318,250
4125.jpg,240,384,252
4126.jpg,207,255,350
4127.jpg,262,313,208
4128.jpg,232,319,333
4129.jpg,286,464,471
4130.jpg,297,202,306
4131.jpg,225,194,96
4132.jpg,205,369,286
4133.jpg,315,62,211
4134.jpg,202,412,407
4135.jpg,202,152,262
4136.jpg,231,112,204
4137.jpg,242,82,305
4138.jpg,258,154,313
4139.jpg,297,215,192
4140.jpg,259,340,203
4141.jpg,236,460,443
4142.jpg,204,95,262
4143.jpg,282,355,315
4144.jpg,275,96,360
4145.jpg,256,317,361
4146.jpg,240,469,291
4147.jpg,234,350,154
4148.jpg,246,140,311
4149.jpg,323,100,66
4150.jpg,282,462,352
4151.jpg,236,336,234
4152.jpg,206,221,414
4153.jpg,280,251,272
4154.jpg,283,224,101
4155.jpg,227,330,181
4156.jpg,233,445,107
4157.jpg,265,244,159
4158.jpg,259,151,94
4159.jpg,242,138,378
4160.jpg,222,189,285
4161.jpg,280,422,221
4162.jpg,271,450,149
4163.jpg,301,95,80
4164.jpg,254,235,343
4165.jpg,319,332,164
4166.jpg,304,489,273
4167.jpg,310,85,475
4168.jpg,280,87,223
4169.jpg,255,81,300
4170.jpg,262,78,343
4171.jpg,203,300,390
4172.jpg,206,227,151
4173.jpg,281,203,69
4174.jpg,321,279,375
4175.jpg,234,141,144
4176.jpg,239,277,340
4177.jpg,305,305,259
4178.jpg,268,238,287
4179.jpg,232,418,348
4180.jpg,226,318,475
4181.jpg,198,502,306
4182.jpg,212,165,276
4183.jpg,319,216,385
4184.jpg,216,500,452
4185.jpg,225,463,465
4186.jpg,234,205,340
4187.jpg,202,325,454
4188.jpg,329,207,165
4189.jpg,204,112,356
4190.jpg,297,84,441
4191.jpg,240,247,266
4192.jpg,281,434,238
4193.jpg,318,198,429
4194.jpg,232,415,286
4195.jpg,239,367,408
4196.jpg,227,95,380
4197.jpg,254,445,198
4198.jpg,234,372,248
4199.jpg,228,257,446
4200.jpg,308,346,445
4201.jpg,235,221,297
4202.jpg,252,184,329
4203.jpg,237,91,343
4204.jpg,331,431,456
4205.jpg,322,300,106
4206.jpg,232,366,170
4207.jpg,299,247,345
4208.jpg,284,244,487
4209.jpg,288,109,157
4210.jpg,312,472,485
4211.jpg,272,385,260
4212.jpg,237,430,167
4213.jpg,261,421,156
4214.jpg,308,118,307
4215.jpg,227,497,361
4216.jpg,203,354,198
4217.jpg,321,77,310
4218.jpg,297,74,233
4219.jpg,235,97,443
4220.jpg,284,138,296
4221.jpg,213,239,464
4222.jpg,301,120,183
4223.jpg,289,126,236
4224.jpg,215,136,274
4225.jpg,284,146,238
4226.jpg,234,364,333
4227.jpg,280,256,231
4228.jpg,229,486,152
4229.jpg,271,357,308
4230.jpg,276,143,90
4231.jpg,219,447,90
4232.jpg,243,76,385
4233.jpg,301,181,196
4234.jpg,317,130,427
4235.jpg,298,260,79
4236.jpg,273,489,485
4237.jpg,272,243,434
4238.jpg,281,254,384
4239.jpg,271,400,205
4240.jpg,302,302,373
4241.jpg,310,207,304
4242.jpg,313,472,159
4243.jpg,284,304,150
4244.jpg,327,183,218
4245.jpg,238,493,456
4246.jpg,289,68,96
4247.jpg,329,97,372
4248.jpg,233,374,319
4249.jpg,204,344,239
4250.jpg,208,284,76
4251.jpg,235,99,79
4252.jpg,320,114,367
4253.jpg,251,209,479
4254.jpg,204,463,410
4255.jpg,202,367,331
4256.jpg,321,285,279
4257.jpg,211,364,111
4258.jpg,319,460,463
4259.jpg,303,501,83
4260.jpg,326,369,186
4261.jpg,251,379,313
4262.jpg,202,217,270
4263.jpg,260,428,361
4264.jpg,327,232,404
4265.jpg,226,235,264
4266.jpg,303,127,434
4267.jpg,241,306,303
4268.jpg,256,275,94
4269.jpg,309,435,293
4270.jpg,253,170,133
4271.jpg,237,183,342
4272.jpg,230,99,334
4273.jpg,297,337,264
4274.jpg,200,479,197
4275.jpg,275,160,284
4276.jpg,232,338,482
4277.jpg,269,264,199
4278.jpg,310,259,216
4279.jpg,211,391,287
4280.jpg,228,312,316
4281.jpg,259,217,85
4282.jpg,285,402,383
4283.jpg,307,267,263
4284.jpg,324,123,463
4285.jpg,290,333,473
4286.jpg,317,162,169
4287.jpg,321,253,156
4288.jpg,205,381,490
4289.jpg,269,465,251
4290.jpg,272,274,207
4291.jpg,253,411,273
4292.jpg,270,355,269
4293.jpg,263,217,137
4294.jpg,219,264,92
4295.jpg,276,143,292
4296.jpg,209,71,315
4297.jpg,268,268,464
4298.jpg,240,154,419
4299.jpg,203,316,349
4300.jpg,309,346,431
4301.jpg,214,263,208
4302.jpg,273,409,477
4303.jpg,233,356,270
4304.jpg,288,265,122
4305.jpg,282,373,249
4306.jpg,217,439,400
4307.jpg,246,83,308
4308.jpg,267,193,167
4309.jpg,266,315,242
4310.jpg,266,483,222
4311.jpg,314,69,341
4312.jpg,297,426,398
4313.jpg,260,94,356
4314.jpg,319,182,139
4315.jpg,275,220,82
4316.jpg,258,281,326
4317.jpg,286,367,121
4318.jpg,202,424,477
4319.jpg,277,258,382
4320.jpg,222,439,153
4321.jpg,233,477,410
4322.jpg,209,329,137
4323.jpg,307,365,214
4324.jpg,242,203,336
4325.jpg,323,346,75
4326.jpg,331,457,84
4327.jpg,246,222,321
4328.jpg,297,319,293
4329.jpg,221,448,359
4330.jpg,272,227,442
4331.jpg,264,77,241
4332.jpg,328,106,343
4333.jpg,270,404,239
4334.jpg,300,283,149
4335.jpg,294,129,341
4336.jpg,285,349,296
4337.jpg,278,125,250
4338.jpg,211,112,363
4339.jpg,292,205,257
4340.jpg,248,283,400
4341.jpg,214,236,270
4342.jpg,282,177,431
4343.jpg,255,269,173
4344.jpg,299,315,144
4345.jpg,270,231,96
4346.jpg,229,397,284
4347.jpg,310,340,70
4348.jpg,321,75,257
4349.jpg,254,385,298
4350.jpg,209,156,109
4351.jpg,223,413,418
4352.jpg,257,324,293
4353.jpg,308,284,205
4354.jpg,242,335,465
4355.jpg,325,410,105
4356.jpg,269,371,159
4357.jpg,303,170,142
4358.jpg,208,393,330
4359.jpg,329,249,258
4360.jpg,325,448,431
4361.jpg,241,290,491
4362.jpg,249,195,315
4363.jpg,261,142,432
4364.jpg,227,61,315
4365.jpg,308,64,229
4366.jpg,296,456,168
4367.jpg,280,159,262
4368.jpg,254,221,467
4369.jpg,309,155,428
4370.jpg,237,447,378
4371.jpg,325,332,448
4372.jpg,270,114,102
4373.jpg,275,290,436
4374.jpg,308,69,390
4375.jpg,221,296,153
4376.jpg,309,402,479
4377.jpg,296,343,236
4378.jpg,326,282,280
4379.jpg,207,159,416
4380.jpg,261,277,254
4381.jpg,307,324,153
4382.jpg,256,338,233
4383.jpg,211,291,86
4384.jpg,243,292,404
4385.jpg,279,335,411
4386.jpg,294,293,460
4387.jpg,204,494,220
4388.jpg,249,450,278
4389.jpg,290,84,381
4390.jpg,283,321,164
4391.jpg,320,153,132
4392.jpg,269,377,277
4393.jpg,282,479,215
4394.jpg,327,275,61
4395.jpg,223,122,64
4396.jpg,308,118,269
4397.jpg,259,390,485
4398.jpg,282,199,152
4399.jpg,279,245,88
4400.jpg,286,331,250
4401.jpg,253,462,124
4402.jpg,251,349,217
4403.jpg,326,291,396
4404.jpg,285,462,205
4405.jpg,253,327,373
4406.jpg,303,344,292
4407.jpg,247,317,467
4408.jpg,315,86,364
4409.jpg,220,438,339
4410.jpg,322,350,151
4411.jpg,249,111,411
4412.jpg,297,288,170
4413.jpg,323,340,491
4414.jpg,284,164,360
4415.jpg,225,82,309
4416.jpg,275,129,484
4417.jpg,317,207,236
4418.jpg,223,359,456
4419.jpg,320,420,466
4420.jpg,292,320,423
4421.jpg,260,363,188
4422.jpg,317,70,129
4423.jpg,302,263,174
4424.jpg,285,251,282
4425.jpg,274,326,403
4426.jpg,261,280,309
4427.jpg,261,59,455
4428.jpg,315,163,374
4429.jpg,261,181,356
4430.jpg,284,167,116
4431.jpg,228,332,325
4432.jpg,283,94,85
4433.jpg,261,278,208
4434.jpg,204,226,173
4435.jpg,313,359,361
4436.jpg,264,287,181
4437.jpg,287,463,182
4438.jpg,215,150,64
4439.jpg,317,338,212
4440.jpg,255,378,416
4441.jpg,307,247,346
4442.jpg,275,89,387
4443.jpg,280,447,323
4444.jpg,302,402,434
4445.jpg,209,171,325
4446.jpg,250,449,381
4447.jpg,324,123,141
4448.jpg,226,352,228
4449.jpg,205,284,216
4450.jpg,301,347,363
4451.jpg,286,483,197
4452.jpg,259,421,125
4453.jpg,258,286,280
4454.jpg,213,414,431
4455.jpg,255,183,351
4456.jpg,293,398,299
4457.jpg,259,230,397
4458.jpg,226,217,289
4459.jpg,280,59,319
4460.jpg,292,449,339
4461.jpg,271,443,94
4462.jpg,275,312,415
4463.jpg,278,249,466
4464.jpg,275,111,431
4465.jpg,202,486,197
4466.jpg,273,368,332
4467.jpg,271,491,285
4468.jpg,322,153,135
4469.jpg,306,504,189
4470.jpg,243,340,119
4471.jpg,308,145,218
4472.jpg,302,173,163
4473.jpg,254,109,153
4474.jpg,267,327,67
4475.jpg,295,320,266
4476.jpg,280,101,323
4477.jpg,290,487,171
4478.jpg,255,476,273
4479.jpg,295,451,272
4480.jpg,315,487,408
4481.jpg,204,143,208
4482.jpg,202,264,132
4483.jpg,273,101,280
4484.jpg,214,246,252
4485.jpg,210,94,306
4486.jpg,318,131,64
4487.jpg,268,402,216
4488.jpg,249,399,350
4489.jpg,323,498,79
4490.jpg,242,195,255
4491.jpg,304,378,442
4492.jpg,249,276,488
4493.jpg,302,71,224
4494.jpg,246,223,226
4495.jpg,282,245,99
4496.jpg,307,219,461
4497.jpg,200,491,282
4498.jpg,291,429,297
4499.jpg,207,278,191
4500.jpg,302,289,193
4501.jpg,290,409,292
4502.jpg,253,149,155
4503.jpg,258,113,294
4504.jpg,278,408,188
4505.jpg,250,125,123
4506.jpg,303,276,243
4507.jpg,285,317,299
4508.jpg,222,85,338
4509.jpg,268,447,211
4510.jpg,318,176,441
4511.jpg,286,336,232
4512.jpg,256,109,92
4513.jpg,323,407,205
4514.jpg,205,455,229
4515.jpg,216,364,229
4516.jpg,213,173,250
4517.jpg,201,353,175
4518.jpg,224,390,262
4519.jpg,223,293,451
4520.jpg,272,134,259
4521.jpg,285,347,213
4522.jpg,210,415,445
4523.jpg,257,308,126
4524.jpg,253,215,386
4525.jpg,264,179,196
4526.jpg,205,155,440
4527.jpg,208,199,279
4528.jpg,277,147,349
4529.jpg,247,121,291
4530.jpg,202,71,306
4531.jpg,323,363,230
4532.jpg,219,343,101
4533.jpg,311,56,182
4534.jpg,305,318,111
4535.jpg,288,338,291
4536.jpg,297,210,271
4537.jpg,327,454,419
4538.jpg,249,207,147
4539.jpg,276,263,109
4540.jpg,323,201,303
4541.jpg,242,190,312
4542.jpg,322,251,387
4543.jpg,287,109,224
4544.jpg,221,84,240
4545.jpg,255,169,395
4546.jpg,214,226,240
4547.jpg,225,125,208
4548.jpg,300,62,439
4549.jpg,207,465,269
4550.jpg,306,224,246
4551.jpg,330,350,110
4552.jpg,313,206,412
4553.jpg,234,212,170
4554.jpg,295,467,396
4555.jpg,201,424,470
4556.jpg,239,165,464
4557.jpg,311,369,135
4558.jpg,263,74,257
4559.jpg,218,327,268
4560.jpg,320,160,335
4561.jpg,224,331,255
4562.jpg,287,277,375
4563.jpg,216,209,100
4564.jpg,221,292,288
4565.jpg,247,380,167
4566.jpg,297,146,354
4567.jpg,233,485,380
4568.jpg,217,376,268
4569.jpg,263,150,264
4570.jpg,254,468,326
4571.jpg,224,278,289
4572.jpg,272,447,224
4573.jpg,204,248,438
4574.jpg,322,369,231
4575.jpg,227,128,91
4576.jpg,296,319,414
4577.jpg,274,402,223
4578.jpg,253,148,247
4579.jpg,233,219,397
4580.jpg,318,172,369
4581.jpg,254,496,185
4582.jpg,270,314,364
4583.jpg,274,292,160
4584.jpg,324,144,86
4585.jpg,220,245,95
4586.jpg,213,249,230
4587.jpg,272,415,465
4588.jpg,274,490,131
4589.jpg,299,74,410
4590.jpg,273,256,74
4591.jpg,254,481,256
4592.jpg,276,236,369
4593.jpg,255,341,363
4594.jpg,266,398,278
4595.jpg,237,306,306
4596.jpg,238,453,229
4597.jpg,235,69,298
4598.jpg,222,499,430
4599.jpg,231,100,103
4600.jpg,323,272,86
4601.jpg,293,307,71
4602.jpg,329,420,177
4603.jpg,240,90,144
4604.jpg,249,92,470
4605.jpg,317,104,207
4606.jpg,268,494,319
4607.jpg,249,72,93
4608.jpg,253,490,392
4609.jpg,239,316,132
4610.jpg,303,206,260
4611.jpg,231,239,399
4612.jpg,207,311,269
4613.jpg,238,202,104
4614.jpg,303,181,264
4615.jpg,279,127,407
4616.jpg,227,348,456
4617.jpg,244,460,476
4618.jpg,255,224,462
4619.jpg,237,111,302
4620.jpg,284,407,307
4621.jpg,262,263,380
4622.jpg,204,186,182
4623.jpg,249,464,205
4624.jpg,268,270,293
4625.jpg,273,269,99
4626.jpg,238,388,472
4627.jpg,236,254,464
4628.jpg,262,418,256
4629.jpg,199,462,428
4630.jpg,289,285,280
4631.jpg,247,61,256
4632.jpg,326,142,170
4633.jpg,306,388,336
4634.jpg,299,237,283
4635.jpg,232,151,291
4636.jpg,279,285,177
4637.jpg,236,196,93
4638.jpg,250,119,439
4639.jpg,318,315,220
4640.jpg,243,218,482
4641.jpg,315,462,472
4642.jpg,241,443,352
4643.jpg,284,238,227
4644.jpg,308,414,390
4645.jpg,252,171,354
4646.jpg,300,418,197
4647.jpg,327,321,459
4648.jpg,291,335,361
4649.jpg,237,160,460
4650.jpg,298,432,453
4651.jpg,228,150,144
4652.jpg,270,248,72
4653.jpg,325,430,448
4654.jpg,261,393,113
4655.jpg,234,439,217
4656.jpg,203,114,452
4657.jpg,257,316,97
4658.jpg,302,155,333
4659.jpg,221,69,147
4660.jpg,314,309,250
4661.jpg,323,373,167
4662.jpg,245,391,305
4663.jpg,295,217,237
4664.jpg,210,305,183
4665.jpg,225,297,264
4666.jpg,232,379,399
4667.jpg,277,412,270
4668.jpg,245,424,482
4669.jpg,324,459,384
4670.jpg,286,308,85
4671.jpg,206,406,287
4672.jpg,227,180,219
4673.jpg,283,64,354
4674.jpg,226,80,430
4675.jpg,320,323,289
4676.jpg,206,167,276
4677.jpg,214,368,133
4678.jpg,269,229,114
4679.jpg,250,191,239
4680.jpg,269,273,370
4681.jpg,286,414,409
4682.jpg,245,97,156
4683.jpg,259,222,169
4684.jpg,295,199,119
4685.jpg,281,313,73
4686.jpg,228,428,125
4687.jpg,271,69,383
4688.jpg,258,264,98
4689.jpg,217,467,446
4690.jpg,266,144,465
4691.jpg,319,435,364
4692.jpg,317,506,165
4693.jpg,315,73,234
4694.jpg,214,90,427
4695.jpg,317,426,154
4696.jpg,215,152,244
4697.jpg,307,169,270
4698.jpg,283,299,273
4699.jpg,290,311,216
4700.jpg,230,328,293
4701.jpg,314,170,440
4702.jpg,215,225,452
4703.jpg,264,341,462
4704.jpg,289,321,163
4705.jpg,289,112,290
4706.jpg,293,398,115
4707.jpg,212,288,197
4708.jpg,290,200,364
4709.jpg,316,193,364
4710.jpg,280,384,240
4711.jpg,203,376,371
4712.jpg,272,301,405
4713.jpg,226,165,386
4714.jpg,199,481,290
4715.jpg,310,240,252
4716.jpg,209,114,101
4717.jpg,259,189,208
4718.jpg,269,174,266
4719.jpg,224,290,376
4720.jpg,301,130,215
4721.jpg,286,108,217
4722.jpg,235,190,311
4723.jpg,274,395,147
4724.jpg,268,163,158
4725.jpg,328,79,248
4726.jpg,304,66,222
4727.jpg,212,428,469
4728.jpg,242,166,202
4729.jpg,243,168,405
4730.jpg,313,61,213
4731.jpg,325,268,392
4732.jpg,329,115,170
4733.jpg,223,300,274
4734.jpg,327,182,304
4735.jpg,217,449,144
4736.jpg,244,345,412
4737.jpg,306,304,205
4738.jpg,230,127,179
4739.jpg,234,450,415
4740.jpg,324,324,152
4741.jpg,287,178,447
4742.jpg,282,245,458
4743.jpg,243,372,142
4744.jpg,237,260,430
4745.jpg,223,489,480
4746.jpg,238,100,481
4747.jpg,244,345,416
4748.jpg,256,364,479
4749.jpg,220,395,426
4750.jpg,318,86,144
4751.jpg,208,368,334
4752.jpg,260,290,344
4753.jpg,204,119,266
4754.jpg,240,171,278
4755.jpg,203,342,468
4756.jpg,301,411,94
4757.jpg,243,373,307
4758.jpg,326,397,273
4759.jpg,224,148,434
4760.jpg,276,330,264
4761.jpg,205,352,431
4762.jpg,268,340,320
4763.jpg,273,344,305
4764.jpg,286,131,160
4765.jpg,291,370,436
4766.jpg,268,485,172
4767.jpg,278,182,97
4768.jpg,211,153,193
4769.jpg,268,194,295
4770.jpg,259,375,408
4771.jpg,248,118,458
4772.jpg,244,384,219
4773.jpg,222,430,202
4774.jpg,232,401,436
4775.jpg,228,207,358
4776.jpg,214,412,328
4777.jpg,216,451,439
4778.jpg,207,184,254
4779.jpg,237,233,243
4780.jpg,234,232,109
4781.jpg,305,347,211
4782.jpg,245,476,164
4783.jpg,304,73,304
4784.jpg,207,420,307
4785.jpg,279,219,355
4786.jpg,304,387,473
4787.jpg,210,283,369
4788.jpg,273,289,339
4789.jpg,260,152,61
4790.jpg,316,69,344
4791.jpg,304,437,288
4792.jpg,290,68,369
4793.jpg,299,384,440
4794.jpg,308,135,124
4795.jpg,217,445,144
4796.jpg,223,176,417
4797.jpg,269,102,478
4798.jpg,274,335,460
4799.jpg,329,96,297
4800.jpg,317,412,242
4801.jpg,237,148,306
4802.jpg,322,234,370
4803.jpg,320,83,276
4804.jpg,312,303,212
4805.jpg,278,87,412
4806.jpg,322,410,122
4807.jpg,275,272,417
4808.jpg,221,493,442
4809.jpg,286,257,293
4810.jpg,220,72,313
4811.jpg,272,461,311
4812.jpg,302,337,231
4813.jpg,245,313,475
4814.jpg,223,450,77
4815.jpg,240,302,456
4816.jpg,235,135,312
4817.jpg,287,394,165
4818.jpg,248,417,321
4819.jpg,313,340,110
4820.jpg,284,239,154
4821.jpg,206,300,331
4822.jpg,204,155,103
4823.jpg,312,195,457
4824.jpg,292,205,455
4825.jpg,205,295,281
4826.jpg,296,133,396
4827.jpg,250,251,269
4828.jpg,210,378,154
4829.jpg,252,283,343
4830.jpg,237,308,125
4831.jpg,295,359,405
4832.jpg,238,72,385
4833.jpg,205,347,351
4834.jpg,254,295,258
4835.jpg,210,282,356
4836.jpg,245,78,249
4837.jpg,262,250,128
4838.jpg,325,95,290
4839.jpg,206,165,313
4840.jpg,240,76,116
4841.jpg,256,405,123
4842.jpg,276,348,441
4843.jpg,235,475,441
4844.jpg,293,436,123
4845.jpg,241,290,227
4846.jpg,292,180,309
4847.jpg,278,470,219
4848.jpg,274,89,320
4849.jpg,280,246,115
4850.jpg,324,370,230
4851.jpg,329,135,379
4852.jpg,284,94,294
4853.jpg,250,379,325
4854.jpg,213,234,191
4855.jpg,323,135,201
4856.jpg,229,166,278
4857.jpg,305,499,162
4858.jpg,230,345,467
4859.jpg,328,425,233
4860.jpg,218,177,108
4861.jpg,326,383,166
4862.jpg,254,324,333
4863.jpg,290,178,265
4864.jpg,236,502,137
4865.jpg,287,254,72
4866.jpg,322,220,205
4867.jpg,227,262,289
4868.jpg,219,187,239
4869.jpg,211,71,125
4870.jpg,213,421,414
4871.jpg,304,364,241
4872.jpg,208,208,358
4873.jpg,220,104,124
4874.jpg,285,69,438
4875.jpg,254,343,224
4876.jpg,316,286,295
4877.jpg,316,493,261
4878.jpg,240,98,281
4879.jpg,206,228,373
4880.jpg,298,322,252
4881.jpg,223,139,485
4882.jpg,209,464,121
4883.jpg,280,61,115
4884.jpg,292,251,173
4885.jpg,291,303,380
4886.jpg,252,163,139
4887.jpg,218,309,292
4888.jpg,225,414,284
4889.jpg,278,268,480
4890.jpg,248,240,227
4891.jpg,279,414,350
4892.jpg,273,150,231
4893.jpg,240,73,312
4894.jpg,258,342,461
4895.jpg,305,489,394
4896.jpg,330,443,291
4897.jpg,296,416,100
4898.jpg,326,400,98
4899.jpg,297,357,409
4900.jpg,300,91,476
4901.jpg,267,128,190
4902.jpg,298,181,377
4903.jpg,222,121,92
4904.jpg,262,158,200
4905.jpg,283,164,484
4906.jpg,239,202,308
4907.jpg,312,178,322
4908.jpg,267,86,263
4909.jpg,235,393,311
4910.jpg,232,354,139
4911.jpg,307,445,176
4912.jpg,326,445,121
4913.jpg,213,279,392
4914.jpg,212,223,383
4915.jpg,311,453,381
4916.jpg,218,457,403
4917.jpg,272,340,284
4918.jpg,247,179,165
4919.jpg,205,500,330
4920.jpg,217,161,265
4921.jpg,225,278,330
4922.jpg,201,482,182
4923.jpg,251,154,432
4924.jpg,310,200,409
4925.jpg,214,402,402
4926.jpg,279,187,456
4927.jpg,256,407,132
4928.jpg,240,404,355
4929.jpg,325,274,230
4930.jpg,275,198,149
4931.jpg,312,186,194
4932.jpg,245,340,383
4933.jpg,314,152,114
4934.jpg,326,136,233
4935.jpg,246,353,92
4936.jpg,205,329,121
4937.jpg,313,350,324
4938.jpg,201,144,351
4939.jpg,282,178,315
4940.jpg,311,483,115
4941.jpg,255,188,297
4942.jpg,302,190,198
4943.jpg,248,188,294
4944.jpg,203,62,461
4945.jpg,300,222,477
4946.jpg,326,379,212
4947.jpg,314,181,469
4948.jpg,310,136,384
4949.jpg,274,102,343
4950.jpg,301,94,195
4951.jpg,243,495,454
4952.jpg,204,310,395
4953.jpg,283,459,95
4954.jpg,262,266,393
4955.jpg,247,336,201
4956.jpg,277,175,395
4957.jpg,292,101,208
4958.jpg,294,190,308
4959.jpg,237,65,438
4960.jpg,235,424,326
4961.jpg,317,306,203
4962.jpg,215,273,436
4963.jpg,320,312,472
4964.jpg,240,244,88
4965.jpg,206,166,128
4966.jpg,226,349,292
4967.jpg,252,186,441
4968.jpg,267,84,162
4969.jpg,321,54,303
4970.jpg,224,203,413
4971.jpg,210,418,466
4972.jpg,242,242,173
4973.jpg,223,271,223
4974.jpg,302,496,257
4975.jpg,328,267,61
4976.jpg,314,166,301
4977.jpg,226,251,347
4978.jpg,220,216,301
4979.jpg,252,380,464
4980.jpg,277,142,135
4981.jpg,281,251,138
4982.jpg,215,58,232
4983.jpg,214,325,309
4984.jpg,290,189,117
4985.jpg,232,305,100
4986.jpg,289,443,173
4987.jpg,317,408,222
4988.jpg,215,78,193
4989.jpg,294,147,425
4990.jpg,210,304,112
4991.jpg,281,214,480
4992.jpg,263,80,349
4993.jpg,251,320,265
4994.jpg,210,112,257
4995.jpg,284,492,137
4996.jpg,228,424,324
4997.jpg,294,254,186
4998.jpg,326,336,333
4999.jpg,246,123,438
5000.jpg,248,112,138
5001.jpg,256,186,251
5002.jpg,266,155,353
5003.jpg,206,190,277
5004.jpg,255,373,437
5005.jpg,216,156,198
5006.jpg,294,230,461
5007.jpg,268,491,98
5008.jpg,304,100,455
5009.jpg,302,84,109
5010.jpg,288,157,310
5011.jpg,207,163,345
5012.jpg,274,437,186
5013.jpg,315,273,449
5014.jpg,214,430,101
5015.jpg,325,293,385
5016.jpg,293,420,349
5017.jpg,276,315,252
5018.jpg,298,223,112
5019.jpg,328,341,273
5020.jpg,280,265,241
5021.jpg,323,431,93
5022.jpg,298,238,78
5023.jpg,223,391,328
5024.jpg,246,276,240
5025.jpg,220,179,186
5026.jpg,263,253,209
5027.jpg,248,177,149
5028.jpg,231,277,484
5029.jpg,216,164,230
5030.jpg,204,286,162
5031.jpg,280,271,418
5032.jpg,230,297,412
5033.jpg,274,418,261
5034.jpg,235,183,173
5035.jpg,275,170,102
5036.jpg,303,356,453
5037.jpg,223,149,172
5038.jpg,264,320,307
5039.jpg,245,102,416
5040.jpg,319,440,94
5041.jpg,271,400,92
5042.jpg,306,149,376
5043.jpg,240,308,163
5044.jpg,226,343,423
5045.jpg,322,425,305
5046.jpg,297,485,459
5047.jpg,332,468,453
5048.jpg,275,490,351
5049.jpg,234,185,114
5050.jpg,292,259,237
5051.jpg,277,106,161
5052.jpg,258,70,196
5053.jpg,203,166,215
5054.jpg,279,358,458
5055.jpg,282,390,391
5056.jpg,243,284,167
5057.jpg,218,83,416
5058.jpg,240,136,470
5059.jpg,326,301,104
5060.jpg,245,203,337
5061.jpg,212,369,253
5062.jpg,290,267,481
5063.jpg,250,325,278
5064.jpg,288,198,187
5065.jpg,223,180,465
5066.jpg,241,466,209
5067.jpg,218,449,93
5068.jpg,257,175,491
5069.jpg,310,321,375
5070.jpg,247,186,194
5071.jpg,242,153,463
5072.jpg,227,495,174
5073.jpg,279,330,305
5074.jpg,218,410,131
5075.jpg,214,236,276
5076.jpg,246,212,165
5077.jpg,285,326,225
5078.jpg,244,257,117
5079.jpg,241,187,176
5080.jpg,276,439,122
5081.jpg,206,260,307
5082.jpg,321,73,87
5083.jpg,325,336,131
5084.jpg,215,190,375
5085.jpg,276,306,413
5086.jpg,301,366,192
5087.jpg,329,301,176
5088.jpg,263,480,178
5089.jpg,322,170,296
5090.jpg,206,211,279
5091.jpg,206,74,385
5092.jpg,274,147,470
5093.jpg,227,455,113
5094.jpg,260,367,103
5095.jpg,202,96,410
5096.jpg,268,260,299
5097.jpg,319,117,460
5098.jpg,287,350,97
5099.jpg,279,342,353
5100.jpg,291,163,291
5101.jpg,262,123,173
5102.jpg,248,344,479
5103.jpg,315,468,196
5104.jpg,328,145,225
5105.jpg,268,192,137
5106.jpg,202,364,322
5107.jpg,300,222,143
5108.jpg,290,103,304
5109.jpg,280,343,122
5110.jpg,323,178,220
5111.jpg,208,125,242
5112.jpg,285,241,181
5113.jpg,281,244,293
5114.jpg,316,157,385
5115.jpg,322,245,312
5116.jpg,297,196,201
5117.jpg,327,376,260
5118.jpg,257,459,272
5119.jpg,248,110,327
5120.jpg,249,432,348
5121.jpg,222,254,234
5122.jpg,290,76,212
5123.jpg,248,414,91
5124.jpg,283,337,83
5125.jpg,288,63,204
5126.jpg,293,227,239
5127.jpg,287,202,445
5128.jpg,327,184,212
5129.jpg,210,365,183
5130.jpg,292,214,127
5131.jpg,240,297,458
5132.jpg,204,162,275
5133.jpg,279,349,347
5134.jpg,248,89,354
5135.jpg,213,313,308
5136.jpg,324,138,228
5137.jpg,215,71,323
5138.jpg,327,373,262
5139.jpg,256,237,142
5140.jpg,250,402,357
5141.jpg,290,267,410
5142.jpg,288,417,435
5143.jpg,204,263,400
5144.jpg,277,440,101
5145.jpg,273,318,358
5146.jpg,290,363,229
5147.jpg,282,109,490
5148.jpg,287,269,84
5149.jpg,300,64,265
5150.jpg,218,83,114
5151.jpg,301,109,329
5152.jpg,327,381,80
5153.jpg,218,137,168
5154.jpg,262,425,461
5155.jpg,265,285,314
5156.jpg,248,271,139
5157.jpg,220,230,464
5158.jpg,244,186,270
5159.jpg,283,448,366
5160.jpg,276,487,139
5161.jpg,234,478,231
5162.jpg,285,185,311
5163.jpg,254,110,144
5164.jpg,290,194,346
5165.jpg,298,112,329
5166.jpg,234,330,205
5167.jpg,292,99,186
5168.jpg,296,262,243
5169.jpg,325,95,360
5170.jpg,218,99,104
5171.jpg,307,322,456
5172.jpg,317,298,182
5173.jpg,325,208,220
5174.jpg,211,463,279
5175.jpg,266,301,460
5176.jpg,235,408,440
5177.jpg,225,337,92
5178.jpg,273,198,76
5179.jpg,288,415,466
5180.jpg,204,410,96
5181.jpg,230,153,393
5182.jpg,274,269,361
5183.jpg,321,266,304
5184.jpg,286,490,200
5185.jpg,282,250,472
5186.jpg,275,306,95
5187.jpg,238,79,218
5188.jpg,245,156,427
5189.jpg,312,388,281
5190.jpg,284,433,353
5191.jpg,206,428,453
5192.jpg,216,489,392
5193.jpg,205,484,386
5194.jpg,224,194,147
5195.jpg,298,225,81
5196.jpg,322,210,339
5197.jpg,258,131,347
5198.jpg,263,134,427
5199.jpg,220,200,107
5200.jpg,269,219,416
5201.jpg,238,79,288
5202.jpg,311,83,272
5203.jpg,289,380,96
5204.jpg,280,152,358
5205.jpg,297,165,229
5206.jpg,249,175,327
5207.jpg,282,374,313
5208.jpg,267,405,406
5209.jpg,257,287,260
5210.jpg,310,216,437
5211.jpg,278,103,436
5212.jpg,277,369,161
5213.jpg,325,116,121
5214.jpg,207,424,205
5215.jpg,241,328,141
5216.jpg,209,425,203
5217.jpg,294,378,92
5218.jpg,204,84,258
5219.jpg,272,421,281
5220.jpg,259,409,278
5221.jpg,305,327,287
5222.jpg,290,116,381
5223.jpg,306,451,222
5224.jpg,223,127,107
5225.jpg,320,440,442
5226.jpg,276,147,202
5227.jpg,237,83,458
5228.jpg,257,279,323
5229.jpg,302,198,75
5230.jpg,310,125,113
5231.jpg,324,76,223
5232.jpg,229,334,363
5233.jpg,308,242,234
5234.jpg,231,401,176
5235.jpg,225,202,348
5236.jpg,230,457,64
5237.jpg,282,138,268
5238.jpg,283,315,179
5239.jpg,307,208,187
5240.jpg,234,267,252
5241.jpg,309,389,234
5242.jpg,256,410,403
5243.jpg,238,396,335
5244.jpg,283,78,118
5245.jpg,228,196,203
5246.jpg,228,485,87
5247.jpg,307,476,185
5248.jpg,310,474,489
5249.jpg,318,88,288
5250.jpg,302,466,433
5251.jpg,247,126,352
5252.jpg,315,146,299
5253.jpg,249,125,103
5254.jpg,201,425,195
5255.jpg,283,308,288
5256.jpg,306,459,390
5257.jpg,312,91,109
5258.jpg,257,431,355
5259.jpg,293,88,110
5260.jpg,262,214,465
5261.jpg,309,475,231
5262.jpg,303,301,190
5263.jpg,283,71,429
5264.jpg,274,407,327
5265.jpg,256,469,295
5266.jpg,287,429,117
5267.jpg,252,142,154
5268.jpg,269,219,73
5269.jpg,264,86,432
5270.jpg,213,323,203
5271.jpg,243,253,456
5272.jpg,246,92,192
5273.jpg,280,372,410
5274.jpg,281,128,99
5275.jpg,263,127,341
5276.jpg,321,238,189
5277.jpg,328,495,426
5278.jpg,213,409,345
5279.jpg,298,487,332
5280.jpg,234,176,125
5281.jpg,246,344,187
5282.jpg,213,342,82
5283.jpg,238,71,390
5284.jpg,317,103,343
5285.jpg,224,228,442
5286.jpg,261,205,471
5287.jpg,293,61,309
5288.jpg,327,156,115
5289.jpg,234,69,352
5290.jpg,312,242,96
5291.jpg,218,165,168
5292.jpg,229,280,443
5293.jpg,308,250,442
5294.jpg,293,73,230
5295.jpg,267,100,91
5296.jpg,264,207,268
5297.jpg,243,302,343
5298.jpg,232,406,90
5299.jpg,281,247,327
5300.jpg,226,206,99
5301.jpg,227,390,372
5302.jpg,284,252,233
5303.jpg,264,428,228
5304.jpg,323,268,325
5305.jpg,287,90,317
5306.jpg,228,465,203
5307.jpg,284,130,447
5308.jpg,301,102,66
5309.jpg,255,242,263
5310.jpg,231,444,466
5311.jpg,330,65,443
5312.jpg,210,298,434
5313.jpg,262,379,320
5314.jpg,304,467,235
5315.jpg,292,212,336
5316.jpg,260,188,441
5317.jpg,225,323,299
5318.jpg,297,478,159
5319.jpg,286,432,225
5320.jpg,284,472,294
5321.jpg,330,127,105
5322.jpg,257,183,203
5323.jpg,321,285,476
5324.jpg,271,149,329
5325.jpg,312,106,414
5326.jpg,297,499,375
5327.jpg,277,425,70
5328.jpg,275,71,466
5329.jpg,293,260,145
5330.jpg,209,404,338
5331.jpg,299,228,68
5332.jpg,283,370,341
5333.jpg,245,388,214
5334.jpg,230,301,141
5335.jpg,291,92,73
5336.jpg,256,210,350
5337.jpg,275,137,429
5338.jpg,311,394,122
5339.jpg,240,399,274
5340.jpg,265,156,486
5341.jpg,278,423,317
5342.jpg,291,319,336
5343.jpg,253,226,406
5344.jpg,303,404,114
5345.jpg,323,317,489
5346.jpg,233,486,314
5347.jpg,309,389,117
5348.jpg,256,309,97
5349.jpg,266,127,207
5350.jpg,237,293,125
5351.jpg,298,318,247
5352.jpg,307,372,391
5353.jpg,325,125,220
5354.jpg,233,216,298
5355.jpg,232,276,371
5356.jpg,253,174,227
5357.jpg,270,328,92
5358.jpg,253,96,218
5359.jpg,278,352,265
5360.jpg,323,178,267
5361.jpg,328,80,348
5362.jpg,251,360,207
5363.jpg,220,376,282
5364.jpg,271,236,252
5365.jpg,288,261,486
5366.jpg,307,62,86
5367.jpg,303,368,90
5368.jpg,297,191,477
5369.jpg,219,320,198
5370.jpg,232,384,448
5371.jpg,310,79,112
5372.jpg,290,300,136
5373.jpg,257,351,187
5374.jpg,313,85,488
5375.jpg,277,466,314
5376.jpg,218,201,268
5377.jpg,275,327,394
5378.jpg,257,162,465
5379.jpg,209,247,100
5380.jpg,263,410,459
5381.jpg,278,356,479
5382.jpg,276,286,79
5383.jpg,247,141,163
5384.jpg,220,383,394
5385.jpg,321,250,201
5386.jpg,246,476,213
5387.jpg,267,357,465
5388.jpg,220,225,436
5389.jpg,249,230,278
5390.jpg,284,419,481
5391.jpg,233,271,80
5392.jpg,225,417,201
5393.jpg,218,398,293
5394.jpg,288,443,98
5395.jpg,218,346,268
5396.jpg,328,167,88
5397.jpg,250,404,98
5398.jpg,324,226,80
5399.jpg,207,447,321
5400.jpg,308,299,381
5401.jpg,328,485,213
5402.jpg,295,406,127
5403.jpg,327,338,314
5404.jpg,259,316,155
5405.jpg,248,230,289
5406.jpg,265,156,287
5407.jpg,300,165,152
5408.jpg,309,251,296
5409.jpg,229,292,409
5410.jpg,211,221,154
5411.jpg,262,131,489
5412.jpg,316,131,108
5413.jpg,246,305,283
5414.jpg,291,151,153
5415.jpg,227,187,263
5416.jpg,305,249,317
5417.jpg,278,114,323
5418.jpg,323,231,438
5419.jpg,307,359,447
5420.jpg,308,263,366
5421.jpg,239,111,147
5422.jpg,213,184,226
5423.jpg,214,308,435
5424.jpg,242,435,193
5425.jpg,295,138,252
5426.jpg,269,226,456
5427.jpg,203,320,187
5428.jpg,234,65,152
5429.jpg,205,259,229
5430.jpg,265,140,258
5431.jpg,276,231,159
5432.jpg,235,426,104
5433.jpg,240,259,203
5434.jpg,250,120,340
5435.jpg,211,449,361
5436.jpg,291,318,456
5437.jpg,314,351,411
5438.jpg,234,136,154
5439.jpg,315,468,328
5440.jpg,281,200,243
5441.jpg,287,280,77
5442.jpg,295,263,96
5443.jpg,304,484,133
5444.jpg,238,158,230
5445.jpg,315,329,127
5446.jpg,323,64,381
5447.jpg,302,137,241
5448.jpg,295,332,198
5449.jpg,271,241,327
5450.jpg,245,366,439
5451.jpg,319,142,422
5452.jpg,219,251,423
5453.jpg,252,203,355
5454.jpg,299,351,451
5455.jpg,247,354,130
5456.jpg,206,295,115
5457.jpg,245,296,131
5458.jpg,314,135,93
5459.jpg,270,328,484
5460.jpg,327,236,204
5461.jpg,318,507,200
5462.jpg,213,149,431
5463.jpg,299,431,238
5464.jpg,266,442,407
5465.jpg,297,220,219
5466.jpg,298,231,136
5467.jpg,238,380,285
5468.jpg,299,345,387
5469.jpg,280,390,195
5470.jpg,236,139,409
5471.jpg,283,249,211
5472.jpg,314,78,352
5473.jpg,247,380,337
5474.jpg,326,325,246
5475.jpg,218,403,404
5476.jpg,252,155,317
5477.jpg,287,337,129
5478.jpg,259,208,158
5479.jpg,221,331,211
5480.jpg,304,403,92
5481.jpg,312,255,181
5482.jpg,208,143,159
5483.jpg,284,231,219
5484.jpg,206,262,390
5485.jpg,318,210,396
5486.jpg,212,79,371
5487.jpg,256,129,337
5488.jpg,286,496,476
5489.jpg,250,148,316
5490.jpg,243,101,323
5491.jpg,242,420,381
5492.jpg,326,320,361
5493.jpg,288,329,149
5494.jpg,237,375,89
5495.jpg,252,444,260
5496.jpg,246,99,362
5497.jpg,295,127,339
5498.jpg,267,149,346
5499.jpg,251,335,246
5500.jpg,301,156,386
5501.jpg,254,60,260
5502.jpg,247,332,347
5503.jpg,276,405,470
5504.jpg,260,426,397
5505.jpg,248,227,297
5506.jpg,266,319,221
5507.jpg,324,152,97
5508.jpg,308,126,466
5509.jpg,313,312,165
5510.jpg,302,133,254
5511.jpg,217,207,146
5512.jpg,260,169,84
5513.jpg,283,132,71
5514.jpg,234,234,63
5515.jpg,268,129,285
5516.jpg,291,330,177
5517.jpg,324,399,432
5518.jpg,236,502,491
5519.jpg,222,110,266
5520.jpg,303,168,159
5521.jpg,214,155,272
5522.jpg,322,76,452
5523.jpg,270,215,426
5524.jpg,301,118,82
5525.jpg,209,146,394
5526.jpg,310,277,318
5527.jpg,238,412,430
5528.jpg,222,315,89
5529.jpg,230,357,420
5530.jpg,269,303,288
5531.jpg,313,478,256
5532.jpg,204,96,109
5533.jpg,267,301,170
5534.jpg,214,205,403
5535.jpg,240,263,201
5536.jpg,277,386,483
5537.jpg,212,176,460
5538.jpg,291,97,292
5539.jpg,319,404,332
5540.jpg,314,382,333
5541.jpg,243,168,348
5542.jpg,311,157,87
5543.jpg,276,472,488
5544.jpg,257,447,457
5545.jpg,207,379,119
5546.jpg,308,412,446
5547.jpg,255,246,143
5548.jpg,204,135,431
5549.jpg,264,391,393
5550.jpg,210,119,318
5551.jpg,284,324,69
5552.jpg,324,359,149
5553.jpg,271,440,183
5554.jpg,274,155,368
5555.jpg,243,76,336
5556.jpg,209,147,291
5557.jpg,271,443,276
5558.jpg,325,230,392
5559.jpg,320,291,129
5560.jpg,298,416,324
5561.jpg,234,76,318
5562.jpg,309,489,122
5563.jpg,275,448,376
5564.jpg,309,74,405
5565.jpg,321,133,109
5566.jpg,247,354,268
5567.jpg,275,162,375
5568.jpg,224,466,80
5569.jpg,254,478,340
5570.jpg,209,469,202
5571.jpg,320,271,72
5572.jpg,292,106,431
5573.jpg,281,80,456
5574.jpg,303,220,132
5575.jpg,322,235,98
5576.jpg,242,63,396
5577.jpg,231,252,392
5578.jpg,220,68,397
5579.jpg,318,251,160
5580.jpg,237,207,212
5581.jpg,206,282,182
5582.jpg,257,290,315
5583.jpg,235,121,350
5584.jpg,286,237,445
5585.jpg,281,233,220
5586.jpg,286,396,283
5587.jpg,223,504,94
5588.jpg,250,279,215
5589.jpg,309,361,140
5590.jpg,213,172,384
5591.jpg,310,197,459
5592.jpg,256,291,467
5593.jpg,214,418,282
5594.jpg,289,101,473
5595.jpg,249,500,357
5596.jpg,225,493,260
5597.jpg,216,405,410
5598.jpg,298,293,184
5599.jpg,289,359,263
5600.jpg,302,374,152
5601.jpg,284,168,227
5602.jpg,240,489,196
5603.jpg,319,92,253
5604.jpg,252,70,120
5605.jpg,239,129,278
5606.jpg,299,142,236
5607.jpg,206,411,348
5608.jpg,220,288,190
5609.jpg,228,354,161
5610.jpg,202,124,322
5611.jpg,221,378,464
5612.jpg,261,186,109
5613.jpg,228,94,94
5614.jpg,315,255,367
5615.jpg,244,443,275
5616.jpg,221,362,422
5617.jpg,262,134,176
5618.jpg,260,241,152
5619.jpg,317,430,396
5620.jpg,214,83,267
5621.jpg,222,343,432
5622.jpg,248,483,348
5623.jpg,292,302,314
5624.jpg,279,144,62
5625.jpg,268,413,267
5626.jpg,325,376,94
5627.jpg,274,378,119
5628.jpg,275,212,369
5629.jpg,324,259,231
5630.jpg,276,387,424
5631.jpg,310,190,476
5632.jpg,246,175,399
5633.jpg,208,400,469
5634.jpg,321,79,93
5635.jpg,251,450,335
5636.jpg,310,365,138
5637.jpg,257,395,93
5638.jpg,280,379,154
5639.jpg,228,71,64
5640.jpg,266,66,442
5641.jpg,263,295,141
5642.jpg,216,160,123
5643.jpg,284,256,74
5644.jpg,265,131,296
5645.jpg,218,305,151
5646.jpg,245,483,328
5647.jpg,230,212,256
5648.jpg,237,87,240
5649.jpg,248,293,168
5650.jpg,296,152,176
5651.jpg,264,170,262
5652.jpg,211,377,87
5653.jpg,241,339,407
5654.jpg,266,361,269
5655.jpg,247,276,331
5656.jpg,275,144,298
5657.jpg,262,356,227
5658.jpg,237,316,83
5659.jpg,300,315,102
5660.jpg,301,343,461
5661.jpg,266,371,442
5662.jpg,318,440,448
5663.jpg,208,271,265
5664.jpg,287,474,451
5665.jpg,318,91,346
5666.jpg,209,110,358
5667.jpg,295,466,361
5668.jpg,314,326,153
5669.jpg,238,254,161
5670.jpg,316,318,204
5671.jpg,315,394,174
5672.jpg,287,116,139
5673.jpg,255,425,424
5674.jpg,289,120,455
5675.jpg,259,371,118
5676.jpg,240,263,310
5677.jpg,264,320,328
5678.jpg,254,200,255
5679.jpg,300,308,377
5680.jpg,258,414,284
5681.jpg,211,379,111
5682.jpg,288,202,165
5683.jpg,277,394,126
5684.jpg,270,157,104
5685.jpg,295,362,65
5686.jpg,210,389,376
5687.jpg,217,291,345
5688.jpg,227,311,67
5689.jpg,290,246,438
5690.jpg,208,136,297
5691.jpg,311,265,274
5692.jpg,222,331,125
5693.jpg,209,478,149
5694.jpg,282,224,332
5695.jpg,246,185,446
5696.jpg,302,226,317
5697.jpg,231,356,479
5698.jpg,317,179,341
5699.jpg,305,233,373
5700.jpg,309,289,243
5701.jpg,276,470,211
5702.jpg,298,148,356
5703.jpg,295,323,413
5704.jpg,214,194,474
5705.jpg,261,482,371
5706.jpg,331,77,306
5707.jpg,241,476,73
5708.jpg,319,103,430
5709.jpg,316,465,111
5710.jpg,216,324,156
5711.jpg,210,65,268
5712.jpg,294,208,131
5713.jpg,219,295,105
5714.jpg,234,68,137
5715.jpg,270,325,150
5716.jpg,202,226,392
5717.jpg,231,336,154
5718.jpg,272,146,270
5719.jpg,302,489,316
5720.jpg,256,182,253
5721.jpg,224,79,117
5722.jpg,237,350,354
5723.jpg,263,342,210
5724.jpg,256,347,327
5725.jpg,309,77,396
5726.jpg,325,190,407
5727.jpg,311,370,481
5728.jpg,202,219,425
5729.jpg,209,261,359
5730.jpg,203,120,486
5731.jpg,303,422,307
5732.jpg,224,359,113
5733.jpg,203,268,159
5734.jpg,250,292,297
5735.jpg,242,472,409
5736.jpg,275,483,295
5737.jpg,329,410,439
5738.jpg,280,263,364
5739.jpg,227,279,273
5740.jpg,264,462,215
5741.jpg,317,412,117
5742.jpg,288,403,450
5743.jpg,207,347,112
5744.jpg,227,330,433
5745.jpg,257,468,122
5746.jpg,209,259,214
5747.jpg,244,390,224
5748.jpg,262,350,325
5749.jpg,235,154,446
5750.jpg,254,415,432
5751.jpg,306,169,96
5752.jpg,244,273,195
5753.jpg,207,322,286
5754.jpg,238,157,187
5755.jpg,270,314,278
5756.jpg,298,231,448
5757.jpg,244,79,129
5758.jpg,207,84,432
5759.jpg,205,332,325
5760.jpg,225,362,309
5761.jpg,234,452,360
5762.jpg,261,282,211
5763.jpg,212,342,170
5764.jpg,233,260,430
5765.jpg,216,374,112
5766.jpg,235,255,476
5767.jpg,219,175,460
5768.jpg,271,171,318
5769.jpg,318,85,291
5770.jpg,244,448,137
5771.jpg,246,119,300
5772.jpg,303,395,380
5773.jpg,239,124,132
5774.jpg,318,330,190
5775.jpg,230,403,462
5776.jpg,260,307,439
5777.jpg,203,229,374
5778.jpg,217,99,233
5779.jpg,319,426,95
5780.jpg,204,242,121
5781.jpg,253,106,372
5782.jpg,226,300,113
5783.jpg,245,182,298
5784.jpg,226,383,252
5785.jpg,267,491,103
5786.jpg,244,457,70
5787.jpg,271,222,106
5788.jpg,316,320,251
5789.jpg,298,372,268
5790.jpg,241,378,429
5791.jpg,312,212,264
5792.jpg,231,182,397
5793.jpg,311,371,153
5794.jpg,210,119,111
5795.jpg,276,486,85
5796.jpg,214,482,167
5797.jpg,312,88,453
5798.jpg,276,342,396
5799.jpg,247,151,481
5800.jpg,296,412,374
5801.jpg,300,446,213
5802.jpg,247,194,287
5803.jpg,239,135,454
5804.jpg,296,476,458
5805.jpg,235,134,417
5806.jpg,246,192,84
5807.jpg,215,88,323
5808.jpg,227,76,124
5809.jpg,299,353,347
5810.jpg,295,456,165
5811.jpg,312,405,280
5812.jpg,252,323,178
5813.jpg,299,109,203
5814.jpg,308,314,141
5815.jpg,245,295,336
5816.jpg,244,123,279
5817.jpg,260,231,106
5818.jpg,313,181,335
5819.jpg,239,143,316
5820.jpg,218,295,339
5821.jpg,273,370,175
5822.jpg,256,443,333
5823.jpg,271,440,285
5824.jpg,328,344,482
5825.jpg,246,222,397
5826.jpg,233,109,465
5827.jpg,318,241,460
5828.jpg,319,85,430
5829.jpg,223,233,314
5830.jpg,246,428,209
5831.jpg,295,478,311
5832.jpg,221,158,196
5833.jpg,214,279,293
5834.jpg,295,203,220
5835.jpg,256,438,361
5836.jpg,318,452,237
5837.jpg,302,344,398
5838.jpg,211,378,249
5839.jpg,223,388,479
5840.jpg,214,392,438
5841.jpg,302,314,74
5842.jpg,283,471,433
5843.jpg,290,358,334
5844.jpg,215,328,95
5845.jpg,330,108,337
5846.jpg,249,182,264
5847.jpg,285,190,298
5848.jpg,208,483,301
5849.jpg,296,339,283
5850.jpg,291,470,80
5851.jpg,212,368,446
5852.jpg,329,269,140
5853.jpg,305,95,113
5854.jpg,225,374,479
5855.jpg,288,134,344
5856.jpg,252,418,328
5857.jpg,301,313,402
5858.jpg,290,281,478
5859.jpg,205,485,266
5860.jpg,266,229,327
5861.jpg,286,146,227
5862.jpg,305,433,141
5863.jpg,315,342,240
5864.jpg,202,170,425
5865.jpg,272,335,276
5866.jpg,217,131,415
5867.jpg,318,408,217
5868.jpg,314,167,421
5869.jpg,278,387,361
5870.jpg,295,116,393
5871.jpg,300,75,450
5872.jpg,294,466,263
5873.jpg,262,172,337
5874.jpg,235,327,165
5875.jpg,267,73,389
5876.jpg,207,417,354
5877.jpg,317,214,232
5878.jpg,266,162,376
5879.jpg,301,309,108
5880.jpg,270,334,181
5881.jpg,313,260,105
5882.jpg,210,373,119
5883.jpg,207,264,341
5884.jpg,205,405,181
5885.jpg,203,392,145
5886.jpg,289,203,92
5887.jpg,225,481,231
5888.jpg,248,128,436
5889.jpg,271,296,116
5890.jpg,308,345,401
5891.jpg,252,350,133
5892.jpg,319,419,272
5893.jpg,263,387,199
5894.jpg,277,173,72
5895.jpg,244,393,266
5896.jpg,223,119,238
5897.jpg,308,137,81
5898.jpg,219,496,118
5899.jpg,220,472,295
5900.jpg,292,107,253
5901.jpg,239,211,117
5902.jpg,281,292,160
5903.jpg,299,324,410
5904.jpg,271,58,186
5905.jpg,328,152,215
5906.jpg,297,313,455
5907.jpg,222,165,390
5908.jpg,237,371,312
5909.jpg,306,180,402
5910.jpg,300,302,291
5911.jpg,311,235,250
5912.jpg,227,439,182
5913.jpg,225,147,456
5914.jpg,257,400,126
5915.jpg,226,417,104
5916.jpg,270,272,374
5917.jpg,206,434,310
5918.jpg,319,118,159
5919.jpg,223,136,478
5920.jpg,316,155,450
5921.jpg,273,319,126
5922.jpg,235,63,413
5923.jpg,253,174,200
5924.jpg,215,182,136
5925.jpg,311,335,180
5926.jpg,293,210,402
5927.jpg,275,442,354
5928.jpg,301,299,329
5929.jpg,258,142,225
5930.jpg,205,283,105
5931.jpg,216,146,422
5932.jpg,288,219,97
5933.jpg,237,424,151
5934.jpg,204,430,377
5935.jpg,321,277,152
5936.jpg,324,219,468
5937.jpg,226,415,147
5938.jpg,207,389,438
5939.jpg,278,145,328
5940.jpg,243,336,228
5941.jpg,303,193,162
5942.jpg,289,185,255
5943.jpg,241,374,209
5944.jpg,240,433,406
5945.jpg,283,86,259
5946.jpg,307,292,202
5947.jpg,256,234,361
5948.jpg,301,239,140
5949.jpg,230,289,228
5950.jpg,222,203,230
5951.jpg,234,243,290
5952.jpg,201,441,414
5953.jpg,267,303,253
5954.jpg,322,216,456
5955.jpg,328,221,388
5956.jpg,250,386,289
5957.jpg,262,352,72
5958.jpg,329,77,289
5959.jpg,214,400,211
5960.jpg,214,315,352
5961.jpg,250,210,260
5962.jpg,294,465,396
5963.jpg,291,129,475
5964.jpg,211,357,309
5965.jpg,218,319,145
5966.jpg,274,310,95
5967.jpg,213,355,307
5968.jpg,201,283,387
5969.jpg,214,101,424
5970.jpg,269,94,418
5971.jpg,307,471,270
5972.jpg,202,408,346
5973.jpg,299,435,134
5974.jpg,244,276,161
5975.jpg,286,453,168
5976.jpg,225,65,244
5977.jpg,222,211,404
5978.jpg,322,366,109
5979.jpg,233,472,305
5980.jpg,229,192,214
5981.jpg,206,378,350
5982.jpg,275,418,368
5983.jpg,252,279,285
5984.jpg,244,228,266
5985.jpg,212,269,402
5986.jpg,299,176,179
5987.jpg,237,274,394
5988.jpg,314,163,133
5989.jpg,250,230,227
5990.jpg,239,372,380
5991.jpg,267,200,269
5992.jpg,281,227,84
5993.jpg,264,72,166
5994.jpg,242,358,95
5995.jpg,260,239,252
5996.jpg,264,218,311
5997.jpg,214,320,105
5998.jpg,319,419,267
5999.jpg,313,396,309
6000.jpg,263,236,442
6001.jpg,301,397,209
6002.jpg,265,118,137
6003.jpg,217,227,260
6004.jpg,210,313,178
6005.jpg,296,113,265
6006.jpg,300,89,87
6007.jpg,240,214,384
6008.jpg,203,229,415
6009.jpg,245,423,158
6010.jpg,251,343,435
6011.jpg,321,194,446
6012.jpg,258,399,423
6013.jpg,219,281,323
6014.jpg,263,244,464
6015.jpg,323,457,361
6016.jpg,298,385,458
6017.jpg,286,278,120
6018.jpg,231,411,397
6019.jpg,267,242,224
6020.jpg,229,435,321
6021.jpg,231,328,289
6022.jpg,293,438,221
6023.jpg,317,336,171
6024.jpg,225,493,423
6025.jpg,204,423,98
6026.jpg,283,223,285
6027.jpg,271,91,176
6028.jpg,242,186,333
6029.jpg,271,195,194
6030.jpg,240,230,277
6031.jpg,278,227,434
6032.jpg,288,88,433
6033.jpg,319,201,288
6034.jpg,246,261,483
6035.jpg,243,158,381
6036.jpg,330,424,382
6037.jpg,213,228,72
6038.jpg,304,105,359
6039.jpg,214,359,301
6040.jpg,208,332,164
6041.jpg,315,238,228
6042.jpg,210,133,261
6043.jpg,279,493,211
6044.jpg,274,112,126
6045.jpg,299,82,196
6046.jpg,262,114,88
6047.jpg,307,205,340
6048.jpg,203,463,94
6049.jpg,207,314,447
6050.jpg,221,122,103
6051.jpg,300,264,164
6052.jpg,319,264,268
6053.jpg,308,196,382
6054.jpg,269,429,200
6055.jpg,268,183,277
6056.jpg,284,73,297
6057.jpg,302,226,420
6058.jpg,261,266,218
6059.jpg,327,459,300
6060.jpg,328,323,198
6061.jpg,272,409,269
6062.jpg,300,119,116
6063.jpg,250,305,178
6064.jpg,314,328,434
6065.jpg,259,436,395
6066.jpg,260,293,327
6067.jpg,257,191,319
6068.jpg,318,359,209
6069.jpg,206,473,346
6070.jpg,273,191,476
6071.jpg,308,142,373
6072.jpg,297,163,457
6073.jpg,262,81,327
6074.jpg,327,302,412
6075.jpg,271,304,270
6076.jpg,298,456,371
6077.jpg,211,189,460
6078.jpg,284,292,328
6079.jpg,224,484,83
6080.jpg,276,368,316
6081.jpg,211,320,205
6082.jpg,332,460,147
6083.jpg,270,114,355
6084.jpg,213,183,421
6085.jpg,283,312,381
6086.jpg,297,61,444
6087.jpg,297,460,333
6088.jpg,250,145,292
6089.jpg,256,404,252
6090.jpg,273,290,167
6091.jpg,211,405,304
6092.jpg,319,384,222
6093.jpg,316,122,206
6094.jpg,321,183,470
6095.jpg,244,339,338
6096.jpg,310,389,466
6097.jpg,312,236,427
6098.jpg,289,338,209
6099.jpg,226,157,69
6100.jpg,262,413,112
6101.jpg,234,503,232
6102.jpg,297,319,336
6103.jpg,282,374,260
6104.jpg,291,343,469
6105.jpg,257,211,371
6106.jpg,208,402,186
6107.jpg,327,164,370
6108.jpg,312,234,319
6109.jpg,265,295,394
6110.jpg,301,158,458
6111.jpg,282,104,187
6112.jpg,305,190,376
6113.jpg,230,308,476
6114.jpg,248,244,202
6115.jpg,243,148,327
6116.jpg,316,117,153
6117.jpg,270,206,129
6118.jpg,277,63,355
6119.jpg,282,460,422
6120.jpg,313,333,435
6121.jpg,285,440,349
6122.jpg,313,428,111
6123.jpg,234,334,112
6124.jpg,248,330,363
6125.jpg,264,187,342
6126.jpg,271,160,481
6127.jpg,328,69,338
6128.jpg,322,272,362
6129.jpg,316,441,167
6130.jpg,213,313,218
6131.jpg,308,79,96
6132.jpg,268,291,419
6133.jpg,312,145,264
6134.jpg,220,183,179
6135.jpg,320,143,176
6136.jpg,295,337,310
6137.jpg,264,367,224
6138.jpg,311,285,348
6139.jpg,221,179,418
6140.jpg,262,143,267
6141.jpg,216,147,291
6142.jpg,259,494,435
6143.jpg,247,326,395
6144.jpg,299,380,229
6145.jpg,329,338,194
6146.jpg,300,166,83
6147.jpg,312,93,367
6148.jpg,238,180,237
6149.jpg,223,280,483
6150.jpg,235,427,100
6151.jpg,281,470,185
6152.jpg,218,133,342
6153.jpg,207,472,411
6154.jpg,284,122,86
6155.jpg,224,175,339
6156.jpg,208,313,366
6157.jpg,300,156,403
6158.jpg,230,338,151
6159.jpg,325,232,112
6160.jpg,305,210,467
6161.jpg,238,491,79
6162.jpg,301,160,192
6163.jpg,206,368,117
6164.jpg,256,163,295
6165.jpg,202,107,301
6166.jpg,267,110,350
6167.jpg,304,304,85
6168.jpg,270,343,194
6169.jpg,272,173,273
6170.jpg,251,352,400
6171.jpg,225,246,204
6172.jpg,274,293,76
6173.jpg,316,106,127
6174.jpg,241,130,340
6175.jpg,242,74,258
6176.jpg,276,355,293
6177.jpg,256,423,182
6178.jpg,274,461,477
6179.jpg,291,343,479
6180.jpg,213,124,399
6181.jpg,204,136,436
6182.jpg,252,445,451
6183.jpg,230,242,328
6184.jpg,280,237,401
6185.jpg,239,150,120
6186.jpg,275,471,235
6187.jpg,216,315,185
6188.jpg,214,75,195
6189.jpg,261,368,294
6190.jpg,303,405,256
6191.jpg,245,284,137
6192.jpg,260,161,464
6193.jpg,325,462,362
6194.jpg,283,467,161
6195.jpg,327,481,419
6196.jpg,273,145,136
6197.jpg,261,249,346
6198.jpg,210,118,363
6199.jpg,235,266,194
6200.jpg,292,200,375
6201.jpg,208,120,262
6202.jpg,292,145,95
6203.jpg,284,456,463
6204.jpg,261,390,453
6205.jpg,281,485,282
6206.jpg,215,117,428
6207.jpg,217,281,295
6208.jpg,258,371,118
6209.jpg,326,303,423
6210.jpg,278,105,428
6211.jpg,280,369,250
6212.jpg,310,124,180
6213.jpg,252,139,171
6214.jpg,244,174,326
6215.jpg,233,220,469
6216.jpg,312,321,344
6217.jpg,282,391,195
6218.jpg,317,321,222
6219.jpg,202,437,234
6220.jpg,264,86,262
6221.jpg,300,299,104
6222.jpg,287,142,351
6223.jpg,297,188,352
6224.jpg,213,100,138
6225.jpg,280,277,111
6226.jpg,224,261,486
6227.jpg,222,182,346
6228.jpg,226,457,386
6229.jpg,269,164,363
6230.jpg,306,440,287
6231.jpg,253,185,200
6232.jpg,329,358,491
6233.jpg,262,400,462
6234.jpg,289,165,92
6235.jpg,282,162,402
6236.jpg,264,351,124
6237.jpg,212,124,125
6238.jpg,204,320,141
6239.jpg,253,464,478
6240.jpg,324,322,114
6241.jpg,223,149,467
6242.jpg,220,115,339
6243.jpg,313,241,360
6244.jpg,301,56,138
6245.jpg,303,186,255
6246.jpg,234,389,335
6247.jpg,325,328,240
6248.jpg,314,420,348
6249.jpg,238,485,286
6250.jpg,234,469,225
6251.jpg,226,209,293
6252.jpg,234,458,456
6253.jpg,203,200,107
6254.jpg,217,339,414
6255.jpg,322,264,76
6256.jpg,242,137,457
6257.jpg,307,473,183
6258.jpg,252,402,109
6259.jpg,275,130,200
6260.jpg,264,128,408
6261.jpg,280,78,73
6262.jpg,257,231,181
6263.jpg,330,455,100
6264.jpg,228,86,92
6265.jpg,231,187,391
6266.jpg,319,328,204
6267.jpg,295,237,272
6268.jpg,282,438,442
6269.jpg,219,281,185
6270.jpg,241,335,273
6271.jpg,276,343,301
6272.jpg,295,216,197
6273.jpg,322,246,167
6274.jpg,302,347,395
6275.jpg,281,230,445
6276.jpg,248,263,224
6277.jpg,326,352,450
6278.jpg,245,253,175
6279.jpg,220,182,71
6280.jpg,318,228,177
6281.jpg,224,160,369
6282.jpg,265,193,402
6283.jpg,217,253,177
6284.jpg,300,224,140
6285.jpg,319,364,164
6286.jpg,270,342,136
6287.jpg,304,69,465
6288.jpg,212,183,339
6289.jpg,261,499,298
6290.jpg,303,287,278
6291.jpg,322,240,179
6292.jpg,247,488,376
6293.jpg,289,240,148
6294.jpg,204,491,413
6295.jpg,274,365,128
6296.jpg,236,283,341
6297.jpg,274,64,337
6298.jpg,311,420,252
6299.jpg,249,309,371
6300.jpg,214,381,471
6301.jpg,313,345,298
6302.jpg,203,451,382
6303.jpg,231,436,184
6304.jpg,230,388,460
6305.jpg,266,142,396
6306.jpg,274,81,428
6307.jpg,236,316,356
6308.jpg,223,431,448
6309.jpg,272,415,349
6310.jpg,211,180,431
6311.jpg,269,94,315
6312.jpg,245,270,222
6313.jpg,290,449,412
6314.jpg,264,142,194
6315.jpg,297,359,491
6316.jpg,290,273,295
6317.jpg,203,123,89
6318.jpg,283,96,195
6319.jpg,328,194,91
6320.jpg,260,163,71
6321.jpg,297,145,454
6322.jpg,296,388,480
6323.jpg,279,439,256
6324.jpg,317,339,191
6325.jpg,287,343,170
6326.jpg,234,345,404
6327.jpg,219,63,459
6328.jpg,245,289,351
6329.jpg,298,197,236
6330.jpg,305,180,425
6331.jpg,274,109,414
6332.jpg,211,100,388
6333.jpg,204,333,344
6334.jpg,232,427,344
6335.jpg,302,107,484
6336.jpg,216,437,282
6337.jpg,202,464,242
6338.jpg,244,379,409
6339.jpg,317,170,433
6340.jpg,246,181,398
6341.jpg,304,413,237
6342.jpg,220,286,234
6343.jpg,278,218,310
6344.jpg,298,470,270
6345.jpg,245,314,187
6346.jpg,287,77,208
6347.jpg,290,72,118
6348.jpg,287,347,407
6349.jpg,322,463,367
6350.jpg,206,329,280
6351.jpg,247,274,162
6352.jpg,221,81,341
6353.jpg,314,235,374
6354.jpg,275,402,119
6355.jpg,291,96,198
6356.jpg,313,99,225
6357.jpg,275,75,380
6358.jpg,251,149,355
6359.jpg,314,228,441
6360.jpg,283,486,468
6361.jpg,207,115,446
6362.jpg,255,227,336
6363.jpg,320,354,164
6364.jpg,222,380,312
6365.jpg,240,76,293
6366.jpg,230,121,161
6367.jpg,207,412,173
6368.jpg,287,229,363
6369.jpg,256,478,252
6370.jpg,279,365,105
6371.jpg,204,364,188
6372.jpg,267,172,378
6373.jpg,262,261,307
6374.jpg,264,365,124
6375.jpg,248,286,237
6376.jpg,242,441,328
6377.jpg,233,235,364
6378.jpg,256,389,206
6379.jpg,274,411,109
6380.jpg,323,367,198
6381.jpg,202,179,225
6382.jpg,311,175,315
6383.jpg,209,309,289
6384.jpg,288,216,306
6385.jpg,250,149,169
6386.jpg,282,385,339
6387.jpg,280,336,335
6388.jpg,242,435,299
6389.jpg,225,188,165
6390.jpg,207,116,134
6391.jpg,319,451,394
6392.jpg,312,400,184
6393.jpg,267,434,278
6394.jpg,316,325,475
6395.jpg,247,424,436
6396.jpg,267,176,225
6397.jpg,305,382,303
6398.jpg,224,426,413
6399.jpg,253,295,155
6400.jpg,271,82,310
6401.jpg,255,191,445
6402.jpg,212,337,360
6403.jpg,242,323,350
6404.jpg,264,176,284
6405.jpg,330,398,306
6406.jpg,280,428,393
6407.jpg,301,178,405
6408.jpg,326,219,423
6409.jpg,263,277,332
6410.jpg,234,97,415
6411.jpg,214,96,148
6412.jpg,278,329,234
6413.jpg,212,258,427
6414.jpg,279,151,100
6415.jpg,247,138,61
6416.jpg,251,460,335
6417.jpg,212,299,318
6418.jpg,298,293,171
6419.jpg,205,301,119
6420.jpg,292,166,455
6421.jpg,271,151,482
6422.jpg,291,210,267
6423.jpg,283,391,265
6424.jpg,324,219,291
6425.jpg,320,211,91
6426.jpg,263,248,381
6427.jpg,303,203,79
6428.jpg,229,67,486
6429.jpg,299,391,482
6430.jpg,256,317,254
6431.jpg,268,487,480
6432.jpg,210,123,143
6433.jpg,270,272,271
6434.jpg,248,464,344
6435.jpg,288,342,208
6436.jpg,291,304,463
6437.jpg,280,356,397
6438.jpg,308,450,75
6439.jpg,315,118,171
6440.jpg,227,347,177
6441.jpg,313,299,490
6442.jpg,294,472,92
6443.jpg,217,152,307
6444.jpg,247,444,351
6445.jpg,303,398,250
6446.jpg,273,234,124
6447.jpg,240,238,139
6448.jpg,301,254,383
6449.jpg,292,290,118
6450.jpg,263,305,99
6451.jpg,318,195,355
6452.jpg,305,257,285
6453.jpg,276,127,357
6454.jpg,319,405,370
6455.jpg,204,377,322
6456.jpg,268,296,185
6457.jpg,257,402,132
6458.jpg,240,130,361
6459.jpg,221,239,283
6460.jpg,307,103,113
6461.jpg,204,169,204
6462.jpg,224,112,189
6463.jpg,323,370,220
6464.jpg,303,499,86
6465.jpg,236,241,473
6466.jpg,257,308,454
6467.jpg,285,108,445
6468.jpg,265,118,186
6469.jpg,239,154,109
6470.jpg,247,457,235
6471.jpg,240,368,131
6472.jpg,251,124,445
6473.jpg,242,329,247
6474.jpg,327,458,288
6475.jpg,236,497,100
6476.jpg,291,175,132
6477.jpg,238,227,335
6478.jpg,273,103,234
6479.jpg,263,98,150
6480.jpg,203,147,216
6481.jpg,328,506,383
6482.jpg,295,453,180
6483.jpg,304,502,394
6484.jpg,318,214,112
6485.jpg,227,173,148
6486.jpg,308,112,173
6487.jpg,239,109,459
6488.jpg,249,265,371
6489.jpg,320,328,325
6490.jpg,227,411,426
6491.jpg,209,61,359
6492.jpg,234,181,208
6493.jpg,309,274,340
6494.jpg,247,184,173
6495.jpg,267,206,419
6496.jpg,330,108,299
6497.jpg,278,151,76
6498.jpg,255,487,294
6499.jpg,232,140,108
6500.jpg,293,100,399
6501.jpg,267,451,409
6502.jpg,282,446,312
6503.jpg,251,262,335
6504.jpg,235,433,175
6505.jpg,277,286,212
6506.jpg,256,228,478
6507.jpg,290,459,251
6508.jpg,287,406,128
6509.jpg,307,312,307
6510.jpg,238,195,280
6511.jpg,218,332,314
6512.jpg,214,245,144
6513.jpg,202,183,83
6514.jpg,271,123,159
6515.jpg,266,486,265
6516.jpg,249,438,214
6517.jpg,322,449,165
6518.jpg,204,164,234
6519.jpg,301,141,139
6520.jpg,325,274,303
6521.jpg,316,320,449
6522.jpg,223,219,304
6523.jpg,241,283,172
6524.jpg,276,76,89
6525.jpg,239,123,422
6526.jpg,265,312,84
6527.jpg,203,428,145
6528.jpg,296,90,266
6529.jpg,215,449,187
6530.jpg,267,230,280
6531.jpg,235,265,143
6532.jpg,225,201,283
6533.jpg,238,81,278
6534.jpg,249,258,221
6535.jpg,327,197,359
6536.jpg,281,199,442
6537.jpg,207,417,205
6538.jpg,224,452,158
6539.jpg,314,222,428
6540.jpg,302,313,210
6541.jpg,255,368,316
6542.jpg,286,416,480
6543.jpg,242,451,202
6544.jpg,284,220,149
6545.jpg,274,119,438
6546.jpg,310,264,402
6547.jpg,318,372,478
6548.jpg,315,471,465
6549.jpg,298,487,399
6550.jpg,290,156,176
6551.jpg,306,81,123
6552.jpg,319,334,333
6553.jpg,258,498,453
6554.jpg,290,368,212
6555.jpg,237,282,490
6556.jpg,217,117,147
6557.jpg,295,65,447
6558.jpg,211,86,424
6559.jpg,268,499,219
6560.jpg,222,257,369
6561.jpg,237,149,141
6562.jpg,312,149,239
6563.jpg,233,253,370
6564.jpg,311,255,91
6565.jpg,275,348,314
6566.jpg,301,117,249
6567.jpg,297,119,233
6568.jpg,242,309,99
6569.jpg,261,157,303
6570.jpg,317,317,353
6571.jpg,228,413,106
6572.jpg,257,488,113
6573.jpg,273,162,247
6574.jpg,282,184,342
6575.jpg,316,483,232
6576.jpg,240,383,395
6577.jpg,239,398,141
6578.jpg,238,390,123
6579.jpg,234,494,360
6580.jpg,299,62,289
6581.jpg,276,119,106
6582.jpg,262,181,419
6583.jpg,256,128,417
6584.jpg,326,352,224
6585.jpg,293,387,326
6586.jpg,208,468,405
6587.jpg,256,264,277
6588.jpg,285,396,457
6589.jpg,253,100,208
6590.jpg,328,432,368
6591.jpg,232,381,162
6592.jpg,320,474,407
6593.jpg,329,301,135
6594.jpg,313,301,455
6595.jpg,223,128,453
6596.jpg,216,486,222
6597.jpg,266,130,159
6598.jpg,326,490,111
6599.jpg,203,429,189
6600.jpg,290,226,238
6601.jpg,293,378,361
6602.jpg,300,216,416
6603.jpg,282,243,313
6604.jpg,255,363,386
6605.jpg,282,381,383
6606.jpg,287,472,476
6607.jpg,267,343,184
6608.jpg,204,401,275
6609.jpg,271,377,152
6610.jpg,234,251,226
6611.jpg,306,254,95
6612.jpg,221,179,348
6613.jpg,290,181,296
6614.jpg,248,77,196
6615.jpg,240,306,208
6616.jpg,215,342,394
6617.jpg,303,479,123
6618.jpg,315,241,368
6619.jpg,210,254,142
6620.jpg,287,478,447
6621.jpg,261,408,181
6622.jpg,283,135,401
6623.jpg,316,439,320
6624.jpg,237,253,382
6625.jpg,265,391,123
6626.jpg,291,155,158
6627.jpg,255,338,372
6628.jpg,226,406,267
6629.jpg,288,71,87
6630.jpg,262,384,375
6631.jpg,247,106,377
6632.jpg,310,108,467
6633.jpg,268,252,468
6634.jpg,308,132,277
6635.jpg,230,130,230
6636.jpg,316,469,309
6637.jpg,291,391,205
6638.jpg,269,290,438
6639.jpg,215,261,63
6640.jpg,218,268,111
6641.jpg,289,244,394
6642.jpg,277,250,379
6643.jpg,270,206,133
6644.jpg,253,448,106
6645.jpg,311,502,123
6646.jpg,268,270,196
6647.jpg,312,224,392
6648.jpg,270,271,201
6649.jpg,292,487,230
6650.jpg,226,182,425
6651.jpg,233,230,95
6652.jpg,247,458,162
6653.jpg,308,432,235
6654.jpg,275,71,488
6655.jpg,312,474,443
6656.jpg,285,257,123
6657.jpg,255,310,85
6658.jpg,199,461,167
6659.jpg,295,93,138
6660.jpg,328,329,486
6661.jpg,224,252,471
6662.jpg,236,122,155
6663.jpg,305,285,491
6664.jpg,308,188,296
6665.jpg,295,374,148
6666.jpg,216,378,411
6667.jpg,213,326,78
6668.jpg,280,485,419
6669.jpg,320,286,153
6670.jpg,311,366,336
6671.jpg,285,346,480
6672.jpg,258,111,117
6673.jpg,273,350,337
6674.jpg,280,330,160
6675.jpg,227,360,160
6676.jpg,289,200,165
6677.jpg,307,456,455
6678.jpg,218,213,480
6679.jpg,226,408,259
6680.jpg,323,417,268
6681.jpg,235,360,213
6682.jpg,214,177,155
6683.jpg,253,112,226
6684.jpg,327,75,210
6685.jpg,252,121,244
6686.jpg,228,140,376
6687.jpg,224,121,384
6688.jpg,202,177,287
6689.jpg,276,328,116
6690.jpg,297,163,474
6691.jpg,298,372,203
6692.jpg,308,393,398
6693.jpg,224,462,341
6694.jpg,257,493,256
6695.jpg,242,431,490
6696.jpg,237,340,219
6697.jpg,244,67,459
6698.jpg,250,318,233
6699.jpg,228,451,67
6700.jpg,276,415,144
6701.jpg,244,224,169
6702.jpg,327,503,265
6703.jpg,260,220,415
6704.jpg,298,218,72
6705.jpg,217,271,317
6706.jpg,317,454,176
6707.jpg,245,275,403
6708.jpg,295,339,262
6709.jpg,263,475,251
6710.jpg,290,202,387
6711.jpg,282,321,333
6712.jpg,250,302,337
6713.jpg,310,417,272
6714.jpg,214,226,271
6715.jpg,229,487,319
6716.jpg,222,275,410
6717.jpg,246,258,359
6718.jpg,292,134,411
6719.jpg,258,412,361
6720.jpg,239,456,124
6721.jpg,324,258,161
6722.jpg,252,162,168
6723.jpg,243,353,64
6724.jpg,271,139,138
6725.jpg,277,470,485
6726.jpg,235,80,359
6727.jpg,243,405,388
6728.jpg,301,437,91
6729.jpg,269,496,357
6730.jpg,232,138,464
6731.jpg,237,355,201
6732.jpg,245,445,108
6733.jpg,211,310,109
6734.jpg,256,221,340
6735.jpg,257,421,391
6736.jpg,282,423,205
6737.jpg,204,398,461
6738.jpg,224,144,401
6739.jpg,279,227,490
6740.jpg,289,223,362
6741.jpg,206,300,164
6742.jpg,243,177,335
6743.jpg,322,231,455
6744.jpg,297,360,283
6745.jpg,221,157,480
6746.jpg,202,479,187
6747.jpg,202,211,179
6748.jpg,294,94,170
6749.jpg,245,333,365
6750.jpg,256,471,298
6751.jpg,315,164,242
6752.jpg,268,280,373
6753.jpg,222,205,104
6754.jpg,312,85,442
6755.jpg,277,374,159
6756.jpg,248,74,217
6757.jpg,259,440,209
6758.jpg,267,140,362
6759.jpg,322,439,222
6760.jpg,323,462,487
6761.jpg,234,229,139
6762.jpg,291,207,460
6763.jpg,202,304,357
6764.jpg,268,396,441
6765.jpg,310,78,297
6766.jpg,325,344,209
6767.jpg,237,234,425
6768.jpg,271,355,115
6769.jpg,302,454,256
6770.jpg,247,199,350
6771.jpg,288,362,356
6772.jpg,321,463,277
6773.jpg,201,74,435
6774.jpg,325,127,366
6775.jpg,214,388,215
6776.jpg,208,471,263
6777.jpg,327,117,388
6778.jpg,215,395,230
6779.jpg,289,389,348
6780.jpg,295,204,376
6781.jpg,266,429,460
6782.jpg,280,221,102
6783.jpg,273,385,375
6784.jpg,327,340,425
6785.jpg,311,477,403
6786.jpg,268,393,461
6787.jpg,287,101,426
6788.jpg,305,305,408
6789.jpg,221,102,473
6790.jpg,247,404,151
6791.jpg,256,374,412
6792.jpg,226,390,276
6793.jpg,263,485,300
6794.jpg,233,395,316
6795.jpg,247,363,145
6796.jpg,265,425,250
6797.jpg,318,401,190
6798.jpg,210,85,254
6799.jpg,264,419,466
6800.jpg,207,292,270
6801.jpg,311,468,459
6802.jpg,227,273,380
6803.jpg,324,249,351
6804.jpg,250,495,411
6805.jpg,234,192,373
6806.jpg,214,510,290
6807.jpg,295,225,393
6808.jpg,311,244,347
6809.jpg,229,269,225
6810.jpg,225,332,411
6811.jpg,238,87,250
6812.jpg,319,127,393
6813.jpg,280,375,411
6814.jpg,329,405,65
6815.jpg,252,255,382
6816.jpg,323,307,351
6817.jpg,255,449,159
6818.jpg,231,371,314
6819.jpg,302,214,197
6820.jpg,308,176,239
6821.jpg,244,170,427
6822.jpg,279,346,341
6823.jpg,203,198,439
6824.jpg,209,500,255
6825.jpg,247,487,438
6826.jpg,241,302,488
6827.jpg,323,385,306
6828.jpg,250,118,221
6829.jpg,254,429,438
6830.jpg,277,212,118
6831.jpg,320,361,465
6832.jpg,226,175,208
6833.jpg,255,186,283
6834.jpg,294,328,188
6835.jpg,289,145,285
6836.jpg,245,300,99
6837.jpg,223,361,448
6838.jpg,204,278,279
6839.jpg,316,95,166
6840.jpg,323,465,69
6841.jpg,255,391,95
6842.jpg,311,187,164
6843.jpg,242,332,180
6844.jpg,222,416,461
6845.jpg,273,264,289
6846.jpg,318,478,182
6847.jpg,330,364,296
6848.jpg,294,407,375
6849.jpg,313,387,278
6850.jpg,240,473,393
6851.jpg,255,297,244
6852.jpg,243,350,168
6853.jpg,262,252,480
6854.jpg,206,357,76
6855.jpg,269,213,116
6856.jpg,285,367,487
6857.jpg,277,465,338
6858.jpg,276,318,381
6859.jpg,280,180,395
6860.jpg,329,131,175
6861.jpg,204,121,281
6862.jpg,210,331,147
6863.jpg,311,436,163
6864.jpg,302,308,328
6865.jpg,293,501,192
6866.jpg,224,77,201
6867.jpg,273,258,186
6868.jpg,289,418,354
6869.jpg,274,252,167
6870.jpg,310,320,146
6871.jpg,212,191,94
6872.jpg,267,63,476
6873.jpg,316,110,474
6874.jpg,290,459,154
6875.jpg,302,273,104
6876.jpg,267,243,366
6877.jpg,215,156,154
6878.jpg,310,100,390
6879.jpg,254,371,274
6880.jpg,327,397,369
6881.jpg,268,86,351
6882.jpg,307,257,258
6883.jpg,238,355,116
6884.jpg,219,286,400
6885.jpg,262,195,379
6886.jpg,210,114,272
6887.jpg,260,205,292
6888.jpg,271,216,268
6889.jpg,276,154,460
6890.jpg,306,411,249
6891.jpg,249,97,173
6892.jpg,257,279,82
6893.jpg,205,108,162
6894.jpg,218,410,344
6895.jpg,319,215,343
6896.jpg,260,170,215
6897.jpg,251,276,247
6898.jpg,322,146,204
6899.jpg,323,462,155
6900.jpg,214,264,473
6901.jpg,283,326,366
6902.jpg,272,292,201
6903.jpg,293,310,432
6904.jpg,200,90,432
6905.jpg,302,250,107
6906.jpg,208,464,489
6907.jpg,280,210,468
6908.jpg,327,430,404
6909.jpg,221,292,261
6910.jpg,278,479,392
6911.jpg,216,417,413
6912.jpg,229,83,468
6913.jpg,324,349,377
6914.jpg,263,454,351
6915.jpg,297,342,365
6916.jpg,243,121,399
6917.jpg,210,359,335
6918.jpg,211,377,449
6919.jpg,310,132,154
6920.jpg,220,282,421
6921.jpg,277,208,313
6922.jpg,256,462,254
6923.jpg,328,274,388
6924.jpg,327,158,444
6925.jpg,290,165,276
6926.jpg,247,416,437
6927.jpg,282,222,373
6928.jpg,295,396,434
6929.jpg,286,67,420
6930.jpg,301,426,402
6931.jpg,255,362,207
6932.jpg,229,479,213
6933.jpg,299,307,441
6934.jpg,269,193,222
6935.jpg,279,114,394
6936.jpg,295,459,135
6937.jpg,317,307,370
6938.jpg,245,397,142
6939.jpg,219,408,280
6940.jpg,204,299,270
6941.jpg,314,334,355
6942.jpg,281,155,184
6943.jpg,217,132,72
6944.jpg,283,494,109
6945.jpg,298,68,443
6946.jpg,204,192,228
6947.jpg,319,424,257
6948.jpg,312,146,320
6949.jpg,211,402,111
6950.jpg,225,479,245
6951.jpg,314,185,152
6952.jpg,316,483,151
6953.jpg,301,275,126
6954.jpg,263,425,414
6955.jpg,267,105,475
6956.jpg,229,125,225
6957.jpg,326,255,220
6958.jpg,235,184,278
6959.jpg,259,400,292
6960.jpg,224,265,428
6961.jpg,274,444,203
6962.jpg,308,53,227
6963.jpg,307,340,435
6964.jpg,249,481,240
6965.jpg,320,398,337
6966.jpg,290,259,410
6967.jpg,250,186,126
6968.jpg,267,144,436
6969.jpg,235,157,452
6970.jpg,283,128,331
6971.jpg,207,298,259
6972.jpg,261,81,389
6973.jpg,266,443,307
6974.jpg,217,240,81
6975.jpg,329,476,141
6976.jpg,262,438,328
6977.jpg,259,217,430
6978.jpg,245,287,201
6979.jpg,217,160,149
6980.jpg,251,151,157
6981.jpg,261,276,169
6982.jpg,259,338,180
6983.jpg,210,308,320
6984.jpg,211,94,180
6985.jpg,321,250,414
6986.jpg,323,356,358
6987.jpg,283,166,279
6988.jpg,227,175,428
6989.jpg,298,162,151
6990.jpg,211,484,192
6991.jpg,239,107,178
6992.jpg,326,331,267
6993.jpg,252,212,420
6994.jpg,210,318,210
6995.jpg,302,483,475
6996.jpg,255,462,263
6997.jpg,209,90,477
6998.jpg,303,436,419
6999.jpg,224,418,89
7000.jpg,217,267,191
7001.jpg,231,185,163
7002.jpg,307,468,423
7003.jpg,246,328,399
7004.jpg,223,338,291
7005.jpg,261,313,337
7006.jpg,271,478,436
7007.jpg,210,478,332
7008.jpg,234,381,169
7009.jpg,313,505,155
7010.jpg,299,442,316
7011.jpg,229,326,65
7012.jpg,323,320,342
7013.jpg,297,320,488
7014.jpg,219,384,185
7015.jpg,254,464,230
7016.jpg,248,413,438
7017.jpg,258,305,66
7018.jpg,319,149,302
7019.jpg,242,119,259
7020.jpg,256,363,444
7021.jpg,214,457,126
7022.jpg,220,347,340
7023.jpg,301,99,169
7024.jpg,303,120,198
7025.jpg,211,304,374
7026.jpg,262,343,133
7027.jpg,217,214,394
7028.jpg,281,489,185
7029.jpg,213,106,270
7030.jpg,221,86,448
7031.jpg,319,320,248
7032.jpg,255,294,291
7033.jpg,301,168,264
7034.jpg,307,200,456
7035.jpg,224,152,376
7036.jpg,246,216,64
7037.jpg,258,478,272
7038.jpg,248,478,187
7039.jpg,234,302,238
7040.jpg,319,278,278
7041.jpg,306,445,405
7042.jpg,294,372,225
7043.jpg,328,468,438
7044.jpg,277,345,333
7045.jpg,214,178,119
7046.jpg,317,55,434
7047.jpg,313,93,459
7048.jpg,237,129,279
7049.jpg,317,104,416
7050.jpg,303,330,244
7051.jpg,248,274,219
7052.jpg,312,155,256
7053.jpg,239,243,328
7054.jpg,255,464,300
7055.jpg,202,382,474
7056.jpg,301,267,474
7057.jpg,320,333,173
7058.jpg,292,495,134
7059.jpg,298,382,167
7060.jpg,222,230,62
7061.jpg,307,378,127
7062.jpg,251,269,478
7063.jpg,301,306,266
7064.jpg,271,180,104
7065.jpg,331,479,409
7066.jpg,316,386,428
7067.jpg,234,243,84
7068.jpg,265,378,279
7069.jpg,296,72,426
7070.jpg,266,353,175
7071.jpg,322,394,180
7072.jpg,293,321,308
7073.jpg,306,243,382
7074.jpg,295,96,291
7075.jpg,273,143,312
7076.jpg,306,125,81
7077.jpg,306,88,477
7078.jpg,292,498,472
7079.jpg,241,293,245
7080.jpg,251,365,451
7081.jpg,294,210,336
7082.jpg,207,67,225
7083.jpg,288,333,387
7084.jpg,220,421,114
7085.jpg,237,479,292
7086.jpg,247,382,187
7087.jpg,243,399,165
7088.jpg,288,226,223
7089.jpg,309,384,330
7090.jpg,312,307,335
7091.jpg,208,434,406
7092.jpg,208,378,453
7093.jpg,281,241,127
7094.jpg,296,476,131
7095.jpg,266,135,445
7096.jpg,286,292,455
7097.jpg,299,118,283
7098.jpg,320,260,397
7099.jpg,323,317,156
7100.jpg,285,238,279
7101.jpg,200,434,469
7102.jpg,212,103,125
7103.jpg,268,460,332
7104.jpg,322,65,175
7105.jpg,307,372,113
7106.jpg,242,274,275
7107.jpg,246,276,101
7108.jpg,274,137,281
7109.jpg,316,211,444
7110.jpg,280,402,428
7111.jpg,259,263,237
7112.jpg,254,307,395
7113.jpg,280,256,319
7114.jpg,276,297,120
7115.jpg,310,111,71
7116.jpg,266,218,442
7117.jpg,282,464,244
7118.jpg,329,98,341
7119.jpg,223,378,177
7120.jpg,330,478,473
7121.jpg,305,333,372
7122.jpg,327,394,160
7123.jpg,282,481,206
7124.jpg,232,349,193
7125.jpg,246,404,354
7126.jpg,293,216,478
7127.jpg,253,135,206
7128.jpg,222,345,78
7129.jpg,216,246,393
7130.jpg,276,390,439
7131.jpg,226,305,196
7132.jpg,301,429,169
7133.jpg,314,55,376
7134.jpg,221,317,473
7135.jpg,280,111,390
7136.jpg,219,414,322
7137.jpg,265,306,302
7138.jpg,250,108,148
7139.jpg,226,274,165
7140.jpg,291,405,269
7141.jpg,271,455,192
7142.jpg,316,431,219
7143.jpg,283,166,329
7144.jpg,257,483,193
7145.jpg,241,283,378
7146.jpg,295,129,395
7147.jpg,232,226,459
7148.jpg,266,76,292
7149.jpg,269,377,441
7150.jpg,246,180,362
7151.jpg,309,106,438
7152.jpg,309,461,450
7153.jpg,213,238,260
7154.jpg,210,263,157
7155.jpg,203,280,157
7156.jpg,321,456,207
7157.jpg,222,179,173
7158.jpg,235,396,350
7159.jpg,273,66,418
7160.jpg,289,139,282
7161.jpg,280,465,384
7162.jpg,299,278,474
7163.jpg,217,122,229
7164.jpg,286,278,320
7165.jpg,259,494,246
7166.jpg,307,405,202
7167.jpg,290,463,197
7168.jpg,283,127,222
7169.jpg,249,193,379
7170.jpg,283,405,249
7171.jpg,275,390,228
7172.jpg,251,132,393
7173.jpg,244,213,68
7174.jpg,206,213,312
7175.jpg,253,483,389
7176.jpg,309,112,364
7177.jpg,267,365,391
7178.jpg,289,230,169
7179.jpg,320,468,433
7180.jpg,305,497,254
7181.jpg,276,429,455
7182.jpg,305,256,484
7183.jpg,260,87,452
7184.jpg,312,268,429
7185.jpg,206,227,458
7186.jpg,232,234,306
7187.jpg,218,73,194
7188.jpg,328,165,152
7189.jpg,246,69,185
7190.jpg,289,434,474
7191.jpg,299,83,386
7192.jpg,214,187,181
7193.jpg,225,118,153
7194.jpg,288,367,215
7195.jpg,246,435,480
7196.jpg,316,437,256
7197.jpg,249,116,366
7198.jpg,320,354,247
7199.jpg,204,246,158
7200.jpg,237,78,331
7201.jpg,251,491,456
7202.jpg,303,384,361
7203.jpg,281,168,321
7204.jpg,221,480,80
7205.jpg,228,305,186
7206.jpg,270,411,393
7207.jpg,233,177,423
7208.jpg,325,98,285
7209.jpg,207,342,458
7210.jpg,251,375,421
7211.jpg,215,191,392
7212.jpg,275,220,371
7213.jpg,268,200,437
7214.jpg,269,229,191
7215.jpg,282,143,176
7216.jpg,204,174,75
7217.jpg,280,88,466
7218.jpg,272,210,441
7219.jpg,231,399,287
7220.jpg,301,104,225
7221.jpg,319,158,343
7222.jpg,316,478,175
7223.jpg,293,79,249
7224.jpg,294,69,239
7225.jpg,254,372,467
7226.jpg,297,150,352
7227.jpg,301,367,260
7228.jpg,216,344,378
7229.jpg,284,77,400
7230.jpg,300,416,485
7231.jpg,219,138,189
7232.jpg,287,468,318
7233.jpg,245,426,277
7234.jpg,269,331,390
7235.jpg,280,373,181
7236.jpg,277,170,425
7237.jpg,271,356,453
7238.jpg,237,207,119
7239.jpg,266,84,346
7240.jpg,315,431,363
7241.jpg,318,156,113
7242.jpg,296,344,478
7243.jpg,325,335,117
7244.jpg,317,293,110
7245.jpg,237,306,318
7246.jpg,218,269,281
7247.jpg,268,261,341
7248.jpg,217,306,149
7249.jpg,279,345,166
7250.jpg,327,182,433
7251.jpg,204,277,114
7252.jpg,297,87,233
7253.jpg,329,277,303
7254.jpg,318,277,232
7255.jpg,276,195,85
7256.jpg,283,377,317
7257.jpg,321,106,153
7258.jpg,283,303,345
7259.jpg,274,225,177
7260.jpg,313,272,398
7261.jpg,269,147,280
7262.jpg,244,496,104
7263.jpg,241,484,162
7264.jpg,285,437,131
7265.jpg,276,70,340
7266.jpg,215,370,243
7267.jpg,284,425,101
7268.jpg,219,132,408
7269.jpg,327,173,487
7270.jpg,280,192,421
7271.jpg,243,358,210
7272.jpg,218,184,299
7273.jpg,247,458,317
7274.jpg,278,119,275
7275.jpg,236,163,200
7276.jpg,246,211,247
7277.jpg,226,281,106
7278.jpg,228,101,488
7279.jpg,253,84,118
7280.jpg,202,296,215
7281.jpg,284,305,444
7282.jpg,265,84,411
7283.jpg,226,398,373
7284.jpg,245,417,426
7285.jpg,258,215,185
7286.jpg,225,355,315
7287.jpg,274,168,363
7288.jpg,297,398,428
7289.jpg,279,284,421
7290.jpg,256,332,462
7291.jpg,283,300,367
7292.jpg,286,364,320
7293.jpg,278,366,355
7294.jpg,257,389,464
7295.jpg,243,454,438
7296.jpg,206,158,479
7297.jpg,217,99,451
7298.jpg,286,345,455
7299.jpg,268,255,324
7300.jpg,237,301,449
7301.jpg,317,461,379
7302.jpg,223,424,84
7303.jpg,258,69,390
7304.jpg,279,456,294
7305.jpg,257,344,131
7306.jpg,218,288,144
7307.jpg,202,48,384
7308.jpg,283,62,292
7309.jpg,329,242,105
7310.jpg,260,117,66
7311.jpg,234,114,248
7312.jpg,256,216,289
7313.jpg,321,197,99
7314.jpg,258,228,200
7315.jpg,302,491,311
7316.jpg,303,468,313
7317.jpg,286,472,150
7318.jpg,226,341,258
7319.jpg,225,455,251
7320.jpg,221,232,205
7321.jpg,227,207,375
7322.jpg,210,147,455
7323.jpg,260,200,213
7324.jpg,276,208,320
7325.jpg,247,112,226
7326.jpg,302,271,280
7327.jpg,217,141,227
7328.jpg,260,97,393
7329.jpg,300,100,333
7330.jpg,290,83,420
7331.jpg,240,491,259
7332.jpg,324,311,142
7333.jpg,313,169,393
7334.jpg,298,110,464
7335.jpg,271,481,184
7336.jpg,222,372,477
7337.jpg,246,368,279
7338.jpg,299,212,180
7339.jpg,248,328,297
7340.jpg,308,259,388
7341.jpg,254,360,113
7342.jpg,272,333,164
7343.jpg,285,77,428
7344.jpg,220,102,336
7345.jpg,204,268,166
7346.jpg,271,476,366
7347.jpg,320,109,288
7348.jpg,270,100,441
7349.jpg,294,338,299
7350.jpg,323,216,135
7351.jpg,295,400,446
7352.jpg,281,348,340
7353.jpg,293,462,349
7354.jpg,256,228,420
7355.jpg,314,413,299
7356.jpg,269,330,170
7357.jpg,313,416,95
7358.jpg,290,86,345
7359.jpg,282,317,211
7360.jpg,293,398,86
7361.jpg,204,367,131
7362.jpg,288,68,182
7363.jpg,256,361,395
7364.jpg,229,342,334
7365.jpg,261,82,146
7366.jpg,250,239,346
7367.jpg,331,426,239
7368.jpg,300,258,124
7369.jpg,258,270,138
7370.jpg,289,374,483
7371.jpg,323,149,91
7372.jpg,204,200,477
7373.jpg,316,222,293
7374.jpg,201,403,472
7375.jpg,205,191,116
7376.jpg,236,378,206
7377.jpg,299,221,487
7378.jpg,234,131,117
7379.jpg,242,330,442
7380.jpg,249,191,219
7381.jpg,277,302,162
7382.jpg,265,106,336
7383.jpg,221,68,234
7384.jpg,284,216,414
7385.jpg,271,349,409
7386.jpg,258,59,155
7387.jpg,322,165,457
7388.jpg,283,375,147
7389.jpg,320,137,420
7390.jpg,273,235,332
7391.jpg,213,104,73
7392.jpg,251,94,167
7393.jpg,320,451,214
7394.jpg,276,411,249
7395.jpg,250,247,426
7396.jpg,205,335,462
7397.jpg,219,216,341
7398.jpg,209,452,410
7399.jpg,268,266,186
7400.jpg,324,231,209
7401.jpg,301,219,361
7402.jpg,257,383,295
7403.jpg,254,197,398
7404.jpg,297,98,168
7405.jpg,221,238,140
7406.jpg,246,398,398
7407.jpg,269,89,331
7408.jpg,257,328,384
7409.jpg,260,381,141
7410.jpg,208,500,305
7411.jpg,220,190,231
7412.jpg,222,482,422
7413.jpg,266,400,325
7414.jpg,261,419,444
7415.jpg,324,133,162
7416.jpg,254,83,240
7417.jpg,255,331,489
7418.jpg,275,435,291
7419.jpg,223,384,410
7420.jpg,250,301,106
7421.jpg,324,362,220
7422.jpg,330,438,408
7423.jpg,262,412,72
7424.jpg,246,127,251
7425.jpg,320,287,322
7426.jpg,304,456,179
7427.jpg,270,331,168
7428.jpg,283,425,421
7429.jpg,235,419,67
7430.jpg,229,334,168
7431.jpg,254,312,351
7432.jpg,313,158,107
7433.jpg,268,184,148
7434.jpg,223,358,227
7435.jpg,260,311,168
7436.jpg,257,455,331
7437.jpg,251,440,359
7438.jpg,295,97,299
7439.jpg,225,339,157
7440.jpg,284,409,360
7441.jpg,224,77,233
7442.jpg,320,353,112
7443.jpg,230,410,123
7444.jpg,263,238,464
7445.jpg,234,237,306
7446.jpg,243,239,324
7447.jpg,282,255,442
7448.jpg,214,381,347
7449.jpg,295,71,367
7450.jpg,322,102,485
7451.jpg,245,416,185
7452.jpg,262,297,464
7453.jpg,217,363,397
7454.jpg,309,338,79
7455.jpg,297,223,396
7456.jpg,323,249,196
7457.jpg,325,413,89
7458.jpg,276,249,383
7459.jpg,272,258,305
7460.jpg,250,376,433
7461.jpg,238,89,241
7462.jpg,235,183,100
7463.jpg,316,353,191
7464.jpg,302,320,262
7465.jpg,270,247,202
7466.jpg,328,398,264
7467.jpg,271,98,187
7468.jpg,229,300,484
7469.jpg,221,431,397
7470.jpg,245,446,335
7471.jpg,325,79,336
7472.jpg,240,270,411
7473.jpg,233,97,465
7474.jpg,319,178,386
7475.jpg,242,253,209
7476.jpg,222,226,267
7477.jpg,241,366,80
7478.jpg,226,434,164
7479.jpg,314,355,423
7480.jpg,274,408,66
7481.jpg,319,251,297
7482.jpg,242,481,314
7483.jpg,252,349,141
7484.jpg,324,155,83
7485.jpg,256,462,474
7486.jpg,216,248,367
7487.jpg,307,442,67
7488.jpg,204,101,322
7489.jpg,266,68,475
7490.jpg,286,216,119
7491.jpg,243,450,485
7492.jpg,284,173,152
7493.jpg,202,343,403
7494.jpg,219,326,287
7495.jpg,236,369,147
7496.jpg,296,120,439
7497.jpg,240,418,277
7498.jpg,239,352,312
7499.jpg,252,148,468
7500.jpg,324,205,480
7501.jpg,315,480,171
7502.jpg,203,120,261
7503.jpg,301,436,450
7504.jpg,254,404,93
7505.jpg,321,202,112
7506.jpg,302,128,378
7507.jpg,233,148,387
7508.jpg,225,326,407
7509.jpg,206,323,240
7510.jpg,327,330,290
7511.jpg,231,284,368
7512.jpg,294,247,242
7513.jpg,279,119,325
7514.jpg,201,90,195
7515.jpg,206,179,333
7516.jpg,227,224,178
7517.jpg,302,296,396
7518.jpg,285,163,147
7519.jpg,272,101,163
7520.jpg,307,165,284
7521.jpg,286,225,177
7522.jpg,294,334,306
7523.jpg,289,210,375
7524.jpg,253,477,397
7525.jpg,326,334,318
7526.jpg,247,138,142
7527.jpg,291,165,330
7528.jpg,209,197,241
7529.jpg,298,367,480
7530.jpg,310,394,460
7531.jpg,233,246,461
7532.jpg,212,187,172
7533.jpg,293,239,194
7534.jpg,286,298,261
7535.jpg,263,393,450
7536.jpg,270,147,270
7537.jpg,297,148,122
7538.jpg,251,194,287
7539.jpg,301,103,349
7540.jpg,211,98,72
7541.jpg,304,205,94
7542.jpg,288,465,222
7543.jpg,277,362,363
7544.jpg,220,144,213
7545.jpg,295,64,277
7546.jpg,284,103,178
7547.jpg,328,477,256
7548.jpg,237,83,257
7549.jpg,273,267,430
7550.jpg,247,183,197
7551.jpg,255,264,429
7552.jpg,324,164,283
7553.jpg,202,205,103
7554.jpg,208,491,251
7555.jpg,214,173,431
7556.jpg,269,194,328
7557.jpg,293,429,349
7558.jpg,245,240,432
7559.jpg,299,426,347
7560.jpg,298,483,343
7561.jpg,266,183,241
7562.jpg,272,491,367
7563.jpg,227,118,316
7564.jpg,237,321,175
7565.jpg,283,55,436
7566.jpg,261,175,148
7567.jpg,209,309,376
7568.jpg,272,120,183
7569.jpg,268,261,348
7570.jpg,215,329,486
7571.jpg,228,395,95
7572.jpg,289,280,144
7573.jpg,270,430,213
7574.jpg,294,275,266
7575.jpg,323,289,486
7576.jpg,266,117,383
7577.jpg,261,399,102
7578.jpg,229,451,238
7579.jpg,309,303,206
7580.jpg,289,225,384
7581.jpg,210,192,456
7582.jpg,268,230,260
7583.jpg,246,481,431
7584.jpg,299,387,283
7585.jpg,288,169,481
7586.jpg,307,215,88
7587.jpg,244,303,412
7588.jpg,257,132,235
7589.jpg,205,254,131
7590.jpg,311,396,161
7591.jpg,243,138,482
7592.jpg,235,430,187
7593.jpg,303,429,370
7594.jpg,262,489,253
7595.jpg,229,145,91
7596.jpg,303,258,389
7597.jpg,271,215,483
7598.jpg,267,202,79
7599.jpg,231,427,411
7600.jpg,288,340,304
7601.jpg,297,493,63
7602.jpg,270,147,374
7603.jpg,253,92,110
7604.jpg,263,319,451
7605.jpg,310,347,253
7606.jpg,210,408,260
7607.jpg,307,146,400
7608.jpg,256,385,120
7609.jpg,313,421,196
7610.jpg,306,443,234
7611.jpg,236,358,412
7612.jpg,237,72,358
7613.jpg,284,485,420
7614.jpg,236,353,440
7615.jpg,265,406,330
7616.jpg,225,433,460
7617.jpg,303,242,76
7618.jpg,274,301,409
7619.jpg,327,127,377
7620.jpg,218,393,328
7621.jpg,279,326,191
7622.jpg,229,274,101
7623.jpg,252,129,360
7624.jpg,274,444,89
7625.jpg,309,436,123
7626.jpg,285,231,273
7627.jpg,279,323,354
7628.jpg,317,113,394
7629.jpg,281,324,303
7630.jpg,269,491,269
7631.jpg,322,293,173
7632.jpg,239,277,124
7633.jpg,202,152,111
7634.jpg,317,398,436
7635.jpg,263,187,230
7636.jpg,207,101,322
7637.jpg,247,383,296
7638.jpg,254,425,307
7639.jpg,323,293,308
7640.jpg,306,351,87
7641.jpg,247,218,117
7642.jpg,211,151,411
7643.jpg,211,412,457
7644.jpg,217,272,242
7645.jpg,259,210,436
7646.jpg,269,289,184
7647.jpg,289,107,90
7648.jpg,259,228,406
7649.jpg,295,78,436
7650.jpg,282,184,327
7651.jpg,275,315,104
7652.jpg,230,312,474
7653.jpg,315,455,447
7654.jpg,299,480,381
7655.jpg,294,324,477
7656.jpg,324,115,286
7657.jpg,242,378,246
7658.jpg,277,232,107
7659.jpg,220,428,75
7660.jpg,217,318,377
7661.jpg,265,67,338
7662.jpg,261,120,300
7663.jpg,230,330,463
7664.jpg,276,458,66
7665.jpg,210,249,140
7666.jpg,282,296,223
7667.jpg,238,383,176
7668.jpg,223,131,437
7669.jpg,308,216,436
7670.jpg,323,113,451
7671.jpg,244,482,325
7672.jpg,311,485,157
7673.jpg,224,137,336
7674.jpg,262,405,449
7675.jpg,201,107,397
7676.jpg,261,212,433
7677.jpg,292,336,259
7678.jpg,245,160,88
7679.jpg,293,300,93
7680.jpg,231,356,362
7681.jpg,296,319,344
7682.jpg,208,332,86
7683.jpg,219,181,488
7684.jpg,262,167,389
7685.jpg,205,324,353
7686.jpg,312,139,260
7687.jpg,234,183,141
7688.jpg,259,488,231
7689.jpg,326,334,407
7690.jpg,322,199,182
7691.jpg,241,363,79
7692.jpg,257,349,200
7693.jpg,303,337,299
7694.jpg,296,223,371
7695.jpg,230,344,359
7696.jpg,276,372,332
7697.jpg,238,422,90
7698.jpg,237,247,478
7699.jpg,246,401,250
7700.jpg,232,479,318
7701.jpg,279,141,427
7702.jpg,245,227,151
7703.jpg,316,187,373
7704.jpg,224,68,251
7705.jpg,213,92,186
7706.jpg,250,235,291
7707.jpg,223,396,96
7708.jpg,250,244,334
7709.jpg,202,144,352
7710.jpg,297,364,463
7711.jpg,315,245,242
7712.jpg,255,208,271
7713.jpg,221,97,490
7714.jpg,235,145,334
7715.jpg,313,165,338
7716.jpg,254,452,277
7717.jpg,246,442,451
7718.jpg,217,128,232
7719.jpg,286,455,115
7720.jpg,306,376,159
7721.jpg,307,499,167
7722.jpg,274,473,222
7723.jpg,305,154,464
7724.jpg,266,457,116
7725.jpg,299,346,175
7726.jpg,225,353,191
7727.jpg,321,103,442
7728.jpg,210,367,191
7729.jpg,290,401,381
7730.jpg,305,105,349
7731.jpg,301,178,488
7732.jpg,286,360,177
7733.jpg,277,164,350
7734.jpg,306,137,434
7735.jpg,327,390,278
7736.jpg,269,416,112
7737.jpg,235,325,397
7738.jpg,253,220,385
7739.jpg,214,384,406
7740.jpg,326,240,406
7741.jpg,237,438,362
7742.jpg,265,244,259
7743.jpg,250,490,434
7744.jpg,280,88,476
7745.jpg,230,123,407
7746.jpg,284,313,480
7747.jpg,324,166,178
7748.jpg,290,269,443
7749.jpg,318,306,349
7750.jpg,307,418,333
7751.jpg,329,363,194
7752.jpg,205,467,196
7753.jpg,222,202,336
7754.jpg,274,136,84
7755.jpg,226,337,328
7756.jpg,253,118,330
7757.jpg,207,304,328
7758.jpg,274,272,301
7759.jpg,326,368,78
7760.jpg,294,369,295
7761.jpg,249,315,462
7762.jpg,213,130,132
7763.jpg,208,389,225
7764.jpg,284,297,332
7765.jpg,257,360,284
7766.jpg,238,314,110
7767.jpg,216,377,120
7768.jpg,328,446,486
7769.jpg,326,96,358
7770.jpg,206,483,301
7771.jpg,213,298,447
7772.jpg,202,291,478
7773.jpg,247,205,326
7774.jpg,282,418,325
7775.jpg,306,427,419
7776.jpg,203,84,447
7777.jpg,222,142,422
7778.jpg,310,153,328
7779.jpg,326,98,403
7780.jpg,218,461,375
7781.jpg,277,371,133
7782.jpg,202,471,312
7783.jpg,227,394,280
7784.jpg,278,127,352
7785.jpg,306,490,219
7786.jpg,228,260,155
7787.jpg,268,322,355
7788.jpg,255,62,231
7789.jpg,224,191,285
7790.jpg,220,460,445
7791.jpg,224,92,187
7792.jpg,201,66,138
7793.jpg,209,361,432
7794.jpg,280,240,246
7795.jpg,306,195,298
7796.jpg,251,91,135
7797.jpg,284,260,233
7798.jpg,294,381,458
7799.jpg,219,166,367
7800.jpg,220,203,350
7801.jpg,217,306,386
7802.jpg,281,175,293
7803.jpg,267,363,285
7804.jpg,239,316,291
7805.jpg,315,296,436
7806.jpg,325,187,136
7807.jpg,235,142,73
7808.jpg,300,226,482
7809.jpg,317,287,355
7810.jpg,324,284,333
7811.jpg,293,384,288
7812.jpg,327,164,125
7813.jpg,245,346,134
7814.jpg,325,146,349
7815.jpg,303,349,165
7816.jpg,245,351,436
7817.jpg,295,477,335
7818.jpg,276,457,376
7819.jpg,264,424,301
7820.jpg,208,304,309
7821.jpg,262,192,226
7822.jpg,258,263,73
7823.jpg,225,109,373
7824.jpg,327,159,308
7825.jpg,276,96,159
7826.jpg,215,491,364
7827.jpg,262,227,112
7828.jpg,282,302,149
7829.jpg,253,139,439
7830.jpg,293,231,198
7831.jpg,262,220,317
7832.jpg,267,79,109
7833.jpg,248,302,401
7834.jpg,311,146,314
7835.jpg,213,418,267
7836.jpg,309,348,431
7837.jpg,312,217,387
7838.jpg,282,400,474
7839.jpg,260,73,482
7840.jpg,216,89,112
7841.jpg,207,114,463
7842.jpg,254,440,437
7843.jpg,251,211,355
7844.jpg,270,125,295
7845.jpg,301,114,204
7846.jpg,231,186,216
7847.jpg,239,86,87
7848.jpg,205,102,336
7849.jpg,233,207,148
7850.jpg,315,294,115
7851.jpg,238,166,69
7852.jpg,251,108,397
7853.jpg,225,274,449
7854.jpg,274,294,428
7855.jpg,318,368,193
7856.jpg,201,379,204
7857.jpg,260,455,458
7858.jpg,282,293,301
7859.jpg,307,313,99
7860.jpg,267,273,240
7861.jpg,221,458,409
7862.jpg,302,445,295
7863.jpg,213,432,186
7864.jpg,229,223,365
7865.jpg,206,362,334
7866.jpg,269,466,75
7867.jpg,233,492,270
7868.jpg,205,392,336
7869.jpg,303,197,329
7870.jpg,276,318,65
7871.jpg,249,251,470
7872.jpg,267,97,185
7873.jpg,322,418,191
7874.jpg,302,130,271
7875.jpg,327,215,480
7876.jpg,309,406,218
7877.jpg,204,196,373
7878.jpg,286,189,87
7879.jpg,323,417,211
7880.jpg,258,278,290
7881.jpg,290,96,257
7882.jpg,217,261,284
7883.jpg,219,241,398
7884.jpg,212,223,155
7885.jpg,300,198,394
7886.jpg,209,486,306
7887.jpg,286,226,390
7888.jpg,317,503,417
7889.jpg,225,396,76
7890.jpg,304,202,405
7891.jpg,226,306,137
7892.jpg,243,267,67
7893.jpg,239,221,132
7894.jpg,327,86,402
7895.jpg,292,299,193
7896.jpg,327,117,255
7897.jpg,328,228,229
7898.jpg,203,222,455
7899.jpg,277,233,489
7900.jpg,317,233,407
7901.jpg,238,261,188
7902.jpg,320,361,203
7903.jpg,283,152,64
7904.jpg,305,382,439
7905.jpg,312,112,414
7906.jpg,245,363,491
7907.jpg,236,226,316
7908.jpg,251,449,163
7909.jpg,234,380,240
7910.jpg,258,323,153
7911.jpg,289,97,344
7912.jpg,299,389,465
7913.jpg,245,257,270
7914.jpg,319,338,315
7915.jpg,228,341,422
7916.jpg,318,116,433
7917.jpg,206,233,220
7918.jpg,284,142,114
7919.jpg,278,291,168
7920.jpg,270,489,267
7921.jpg,240,77,160
7922.jpg,323,60,121
7923.jpg,313,129,207
7924.jpg,325,266,259
7925.jpg,282,97,444
7926.jpg,309,346,403
7927.jpg,221,434,109
7928.jpg,203,248,416
7929.jpg,224,243,99
7930.jpg,253,262,172
7931.jpg,252,203,409
7932.jpg,262,330,428
7933.jpg,303,120,202
7934.jpg,236,310,181
7935.jpg,215,318,214
7936.jpg,248,468,122
7937.jpg,223,321,436
7938.jpg,314,235,150
7939.jpg,280,430,338
7940.jpg,235,446,92
7941.jpg,270,188,467
7942.jpg,278,471,236
7943.jpg,267,372,326
7944.jpg,296,298,360
7945.jpg,285,267,224
7946.jpg,206,331,293
7947.jpg,253,182,277
7948.jpg,270,209,491
7949.jpg,323,367,489
7950.jpg,276,384,489
7951.jpg,253,156,280
7952.jpg,246,185,143
7953.jpg,319,207,414
7954.jpg,263,211,90
7955.jpg,240,203,133
7956.jpg,275,244,451
7957.jpg,270,350,404
7958.jpg,238,66,154
7959.jpg,276,337,394
7960.jpg,227,390,430
7961.jpg,294,321,153
7962.jpg,202,430,421
7963.jpg,236,455,191
7964.jpg,219,132,181
7965.jpg,329,361,162
7966.jpg,317,197,71
7967.jpg,223,503,191
7968.jpg,263,173,341
7969.jpg,236,130,404
7970.jpg,227,489,243
7971.jpg,249,499,194
7972.jpg,257,358,429
7973.jpg,247,378,299
7974.jpg,317,384,322
7975.jpg,230,221,242
7976.jpg,244,187,257
7977.jpg,202,470,77
7978.jpg,282,205,248
7979.jpg,330,435,239
7980.jpg,284,324,416
7981.jpg,312,246,106
7982.jpg,329,282,384
7983.jpg,327,215,181
7984.jpg,321,106,367
7985.jpg,237,494,254
7986.jpg,220,478,465
7987.jpg,245,434,128
7988.jpg,224,233,158
7989.jpg,212,106,301
7990.jpg,312,82,260
7991.jpg,289,131,385
7992.jpg,222,109,323
7993.jpg,322,295,75
7994.jpg,230,75,259
7995.jpg,265,136,446
7996.jpg,211,169,314
7997.jpg,236,491,229
7998.jpg,236,190,260
7999.jpg,210,226,217
8000.jpg,290,429,300
8001.jpg,298,335,338
8002.jpg,324,334,246
8003.jpg,213,267,182
8004.jpg,255,419,408
8005.jpg,208,500,305
8006.jpg,220,454,175
8007.jpg,245,213,86
8008.jpg,271,163,267
8009.jpg,292,478,97
8010.jpg,284,206,302
8011.jpg,203,93,226
8012.jpg,280,245,356
8013.jpg,297,104,83
8014.jpg,201,444,233
8015.jpg,292,498,438
8016.jpg,328,437,411
8017.jpg,236,142,316
8018.jpg,312,471,185
8019.jpg,203,447,468
8020.jpg,301,229,248
8021.jpg,316,202,74
8022.jpg,239,408,271
8023.jpg,235,271,199
8024.jpg,240,301,326
8025.jpg,314,321,357
8026.jpg,247,204,143
8027.jpg,223,471,245
8028.jpg,242,177,406
8029.jpg,265,64,239
8030.jpg,207,170,67
8031.jpg,265,425,184
8032.jpg,212,224,406
8033.jpg,270,164,348
8034.jpg,262,313,454
8035.jpg,272,196,297
8036.jpg,319,417,155
8037.jpg,288,444,212
8038.jpg,322,400,369
8039.jpg,261,363,298
8040.jpg,239,412,233
8041.jpg,307,291,206
8042.jpg,254,236,103
8043.jpg,274,302,384
8044.jpg,303,96,347
8045.jpg,245,273,298
8046.jpg,229,348,239
8047.jpg,212,479,230
8048.jpg,210,275,476
8049.jpg,323,469,112
8050.jpg,318,347,478
8051.jpg,270,114,424
8052.jpg,232,85,355
8053.jpg,203,495,422
8054.jpg,329,177,254
8055.jpg,269,242,171
8056.jpg,251,161,380
8057.jpg,205,402,262
8058.jpg,286,279,136
8059.jpg,307,454,372
8060.jpg,284,272,137
8061.jpg,257,242,366
8062.jpg,281,497,161
8063.jpg,254,263,210
8064.jpg,250,207,463
8065.jpg,316,464,474
8066.jpg,257,465,257
8067.jpg,307,391,266
8068.jpg,321,185,255
8069.jpg,322,440,461
8070.jpg,235,199,107
8071.jpg,209,93,474
8072.jpg,298,468,178
8073.jpg,326,134,368
8074.jpg,219,353,214
8075.jpg,203,378,336
8076.jpg,283,358,259
8077.jpg,301,332,129
8078.jpg,300,453,166
8079.jpg,315,264,175
8080.jpg,226,168,264
8081.jpg,284,244,315
8082.jpg,301,492,417
8083.jpg,239,490,330
8084.jpg,209,398,153
8085.jpg,203,180,177
8086.jpg,284,358,280
8087.jpg,301,109,364
8088.jpg,318,70,124
8089.jpg,255,302,258
8090.jpg,225,64,241
8091.jpg,228,86,461
8092.jpg,215,425,403
8093.jpg,315,286,245
8094.jpg,317,396,463
8095.jpg,263,220,304
8096.jpg,206,469,402
8097.jpg,263,224,135
8098.jpg,206,459,342
8099.jpg,296,317,460
8100.jpg,266,155,176
8101.jpg,324,188,236
8102.jpg,215,360,401
8103.jpg,276,64,197
8104.jpg,293,422,320
8105.jpg,216,365,426
8106.jpg,326,310,431
8107.jpg,321,448,307
8108.jpg,203,87,420
8109.jpg,214,255,420
8110.jpg,278,333,472
8111.jpg,231,272,280
8112.jpg,301,402,225
8113.jpg,329,142,137
8114.jpg,229,318,378
8115.jpg,326,275,121
8116.jpg,216,469,397
8117.jpg,248,255,305
8118.jpg,319,295,431
8119.jpg,287,414,433
8120.jpg,296,333,431
8121.jpg,270,433,466
8122.jpg,261,102,247
8123.jpg,241,101,435
8124.jpg,318,402,277
8125.jpg,235,86,206
8126.jpg,285,432,166
8127.jpg,209,260,399
8128.jpg,236,443,143
8129.jpg,245,59,364
8130.jpg,267,436,490
8131.jpg,226,99,457
8132.jpg,216,355,458
8133.jpg,276,108,171
8134.jpg,274,374,105
8135.jpg,276,129,133
8136.jpg,289,457,485
8137.jpg,328,199,419
8138.jpg,330,69,396
8139.jpg,284,450,374
8140.jpg,305,406,291
8141.jpg,283,280,365
8142.jpg,325,308,398
8143.jpg,304,143,334
8144.jpg,298,181,441
8145.jpg,284,458,328
8146.jpg,248,381,285
8147.jpg,203,210,489
8148.jpg,209,231,333
8149.jpg,262,80,402
8150.jpg,201,378,227
8151.jpg,311,470,446
8152.jpg,295,423,480
8153.jpg,313,140,124
8154.jpg,241,411,268
8155.jpg,296,183,430
8156.jpg,252,188,476
8157.jpg,326,376,339
8158.jpg,277,352,165
8159.jpg,262,101,63
8160.jpg,328,343,307
8161.jpg,243,306,369
8162.jpg,255,150,151
8163.jpg,313,356,361
8164.jpg,265,81,197
8165.jpg,283,335,96
8166.jpg,260,257,475
8167.jpg,252,472,118
8168.jpg,211,89,198
8169.jpg,275,292,147
8170.jpg,238,382,463
8171.jpg,226,420,195
8172.jpg,277,374,365
8173.jpg,204,377,313
8174.jpg,245,465,139
8175.jpg,307,143,479
8176.jpg,283,453,242
8177.jpg,262,207,215
8178.jpg,290,293,190
8179.jpg,263,234,128
8180.jpg,294,300,290
8181.jpg,290,337,173
8182.jpg,311,327,227
8183.jpg,327,152,197
8184.jpg,314,70,116
8185.jpg,246,319,339
8186.jpg,277,287,139
8187.jpg,269,142,308
8188.jpg,303,215,438
8189.jpg,272,326,429
8190.jpg,235,398,417
8191.jpg,210,118,331
8192.jpg,260,85,157
8193.jpg,260,63,222
8194.jpg,288,324,140
8195.jpg,247,302,398
8196.jpg,223,476,441
8197.jpg,302,92,378
8198.jpg,327,167,105
8199.jpg,217,334,138
8200.jpg,272,373,487
8201.jpg,214,121,231
8202.jpg,319,420,318
8203.jpg,314,436,274
8204.jpg,272,272,118
8205.jpg,287,142,275
8206.jpg,284,265,366
8207.jpg,306,243,129
8208.jpg,229,450,119
8209.jpg,209,282,68
8210.jpg,281,281,277
8211.jpg,319,180,415
8212.jpg,206,203,254
8213.jpg,209,484,389
8214.jpg,305,446,81
8215.jpg,251,194,127
8216.jpg,239,341,213
8217.jpg,224,264,322
8218.jpg,304,166,91
8219.jpg,328,409,329
8220.jpg,246,233,471
8221.jpg,246,293,185
8222.jpg,212,317,400
8223.jpg,301,306,162
8224.jpg,296,326,407
8225.jpg,300,191,90
8226.jpg,300,445,199
8227.jpg,286,306,468
8228.jpg,241,144,355
8229.jpg,304,91,429
8230.jpg,319,196,147
8231.jpg,239,304,345
8232.jpg,312,102,235
8233.jpg,249,216,135
8234.jpg,280,330,66
8235.jpg,230,367,304
8236.jpg,305,186,385
8237.jpg,221,373,180
8238.jpg,315,94,298
8239.jpg,236,492,335
8240.jpg,297,404,437
8241.jpg,253,237,209
8242.jpg,318,433,428
8243.jpg,300,167,484
8244.jpg,241,244,370
8245.jpg,210,164,176
8246.jpg,231,158,307
8247.jpg,205,246,207
8248.jpg,273,236,80
8249.jpg,329,375,360
8250.jpg,244,157,163
8251.jpg,246,454,410
8252.jpg,285,108,410
8253.jpg,238,273,128
8254.jpg,292,322,263
8255.jpg,283,164,188
8256.jpg,310,181,386
8257.jpg,226,234,190
8258.jpg,252,168,245
8259.jpg,216,81,455
8260.jpg,202,256,215
8261.jpg,210,501,108
8262.jpg,325,403,417
8263.jpg,267,474,200
8264.jpg,307,417,234
8265.jpg,317,191,274
8266.jpg,211,174,490
8267.jpg,266,466,485
8268.jpg,238,358,484
8269.jpg,273,163,450
8270.jpg,285,111,84
8271.jpg,324,464,302
8272.jpg,220,238,269
8273.jpg,259,287,357
8274.jpg,255,424,331
8275.jpg,309,463,112
8276.jpg,325,329,319
8277.jpg,316,222,133
8278.jpg,267,148,97
8279.jpg,293,197,467
8280.jpg,226,346,253
8281.jpg,312,317,472
8282.jpg,298,271,166
8283.jpg,283,62,114
8284.jpg,203,185,280
8285.jpg,304,247,161
8286.jpg,325,136,124
8287.jpg,305,72,366
8288.jpg,215,210,415
8289.jpg,206,179,477
8290.jpg,261,270,86
8291.jpg,291,484,348
8292.jpg,222,471,179
8293.jpg,292,168,456
8294.jpg,324,104,269
8295.jpg,209,412,120
8296.jpg,273,366,378
8297.jpg,204,346,326
8298.jpg,267,442,421
8299.jpg,299,279,400
8300.jpg,202,425,401
8301.jpg,221,181,205
8302.jpg,208,403,127
8303.jpg,300,264,192
8304.jpg,267,107,446
8305.jpg,206,168,189
8306.jpg,219,316,403
8307.jpg,260,246,304
8308.jpg,313,257,267
8309.jpg,204,156,241
8310.jpg,243,101,137
8311.jpg,244,372,289
8312.jpg,324,343,201
8313.jpg,321,412,263
8314.jpg,206,282,336
8315.jpg,250,476,369
8316.jpg,273,194,182
8317.jpg,316,266,209
8318.jpg,304,479,370
8319.jpg,273,326,98
8320.jpg,288,418,350
8321.jpg,225,233,321
8322.jpg,215,378,370
8323.jpg,286,270,69
8324.jpg,283,202,268
8325.jpg,260,189,175
8326.jpg,296,200,186
8327.jpg,308,367,297
8328.jpg,249,318,275
8329.jpg,206,484,273
8330.jpg,296,129,418
8331.jpg,260,255,183
8332.jpg,280,424,396
8333.jpg,204,432,138
8334.jpg,282,384,374
8335.jpg,318,190,232
8336.jpg,262,482,154
8337.jpg,211,419,408
8338.jpg,234,190,315
8339.jpg,205,490,192
8340.jpg,313,66,71
8341.jpg,266,370,244
8342.jpg,241,306,281
8343.jpg,241,136,83
8344.jpg,307,119,129
8345.jpg,234,346,433
8346.jpg,201,192,469
8347.jpg,244,326,438
8348.jpg,218,380,426
8349.jpg,270,79,363
8350.jpg,309,465,149
8351.jpg,319,336,305
8352.jpg,324,383,350
8353.jpg,294,224,412
8354.jpg,251,348,136
8355.jpg,258,295,229
8356.jpg,266,221,342
8357.jpg,290,253,316
8358.jpg,267,138,252
8359.jpg,317,122,487
8360.jpg,282,382,73
8361.jpg,288,223,415
8362.jpg,218,330,334
8363.jpg,321,145,488
8364.jpg,274,282,288
8365.jpg,223,289,123
8366.jpg,241,403,481
8367.jpg,281,302,337
8368.jpg,246,261,481
8369.jpg,199,81,380
8370.jpg,302,444,300
8371.jpg,310,132,456
8372.jpg,289,447,307
8373.jpg,217,267,316
8374.jpg,231,131,160
8375.jpg,288,486,255
8376.jpg,205,270,248
8377.jpg,320,476,479
8378.jpg,317,347,257
8379.jpg,281,212,293
8380.jpg,219,478,109
8381.jpg,201,150,93
8382.jpg,231,320,87
8383.jpg,328,360,309
8384.jpg,273,474,231
8385.jpg,229,88,321
8386.jpg,252,158,475
8387.jpg,259,235,405
8388.jpg,308,165,101
8389.jpg,275,59,285
8390.jpg,224,364,137
8391.jpg,312,386,196
8392.jpg,282,99,490
8393.jpg,243,262,462
8394.jpg,299,226,273
8395.jpg,240,401,295
8396.jpg,285,190,176
8397.jpg,201,461,209
8398.jpg,267,140,339
8399.jpg,228,298,219
8400.jpg,203,478,254
8401.jpg,312,173,439
8402.jpg,236,115,199
8403.jpg,208,185,426
8404.jpg,291,494,90
8405.jpg,307,152,429
8406.jpg,249,198,139
8407.jpg,217,117,87
8408.jpg,292,316,154
8409.jpg,288,410,94
8410.jpg,224,87,103
8411.jpg,302,264,282
8412.jpg,286,252,277
8413.jpg,256,431,135
8414.jpg,296,467,181
8415.jpg,224,388,358
8416.jpg,232,504,275
8417.jpg,320,127,162
8418.jpg,209,348,204
8419.jpg,325,293,309
8420.jpg,280,316,441
8421.jpg,276,387,314
8422.jpg,287,118,294
8423.jpg,294,68,132
8424.jpg,220,203,457
8425.jpg,317,143,347
8426.jpg,253,438,489
8427.jpg,295,112,408
8428.jpg,236,196,480
8429.jpg,329,392,120
8430.jpg,223,354,437
8431.jpg,253,197,331
8432.jpg,308,429,491
8433.jpg,276,234,382
8434.jpg,304,200,421
8435.jpg,301,346,186
8436.jpg,309,92,256
8437.jpg,296,306,200
8438.jpg,207,427,331
8439.jpg,208,344,75
8440.jpg,296,93,486
8441.jpg,226,399,175
8442.jpg,310,212,190
8443.jpg,230,310,394
8444.jpg,245,488,173
8445.jpg,295,291,413
8446.jpg,316,208,224
8447.jpg,322,140,438
8448.jpg,258,378,260
8449.jpg,234,289,468
8450.jpg,320,411,483
8451.jpg,325,79,112
8452.jpg,313,258,186
8453.jpg,203,164,403
8454.jpg,286,352,192
8455.jpg,304,447,198
8456.jpg,256,110,127
8457.jpg,315,105,363
8458.jpg,308,288,318
8459.jpg,312,162,340
8460.jpg,274,100,249
8461.jpg,208,317,268
8462.jpg,264,267,231
8463.jpg,210,452,393
8464.jpg,219,472,365
8465.jpg,206,478,213
8466.jpg,281,359,165
8467.jpg,215,153,262
8468.jpg,330,378,402
8469.jpg,229,281,415
8470.jpg,320,100,438
8471.jpg,281,162,157
8472.jpg,213,410,284
8473.jpg,237,176,77
8474.jpg,241,241,100
8475.jpg,255,409,451
8476.jpg,218,418,441
8477.jpg,279,495,261
8478.jpg,225,336,370
8479.jpg,290,469,312
8480.jpg,244,119,371
8481.jpg,290,101,335
8482.jpg,326,418,432
8483.jpg,283,397,356
8484.jpg,291,115,382
8485.jpg,239,134,396
8486.jpg,214,457,476
8487.jpg,210,275,227
8488.jpg,281,173,386
8489.jpg,247,331,282
8490.jpg,213,268,387
8491.jpg,320,283,416
8492.jpg,241,294,136
8493.jpg,290,257,324
8494.jpg,257,73,103
8495.jpg,248,470,445
8496.jpg,296,145,405
8497.jpg,278,486,462
8498.jpg,232,165,108
8499.jpg,215,379,183
8500.jpg,217,156,488
8501.jpg,286,466,246
8502.jpg,202,163,187
8503.jpg,274,137,476
8504.jpg,216,255,130
8505.jpg,301,145,442
8506.jpg,212,126,380
8507.jpg,207,262,400
8508.jpg,254,195,142
8509.jpg,278,294,225
8510.jpg,294,192,130
8511.jpg,267,223,254
8512.jpg,296,272,336
8513.jpg,247,184,346
8514.jpg,311,193,274
8515.jpg,295,140,394
8516.jpg,270,415,169
8517.jpg,305,214,223
8518.jpg,221,88,253
8519.jpg,322,425,434
8520.jpg,308,323,178
8521.jpg,209,328,256
8522.jpg,246,482,179
8523.jpg,268,350,400
8524.jpg,231,329,395
8525.jpg,281,294,191
8526.jpg,284,417,313
8527.jpg,291,429,358
8528.jpg,229,330,109
8529.jpg,237,483,237
8530.jpg,221,470,151
8531.jpg,207,392,198
8532.jpg,256,452,452
8533.jpg,257,130,204
8534.jpg,248,98,181
8535.jpg,205,81,457
8536.jpg,305,101,434
8537.jpg,245,342,197
8538.jpg,306,304,391
8539.jpg,223,82,203
8540.jpg,312,132,455
8541.jpg,288,125,476
8542.jpg,261,214,133
8543.jpg,269,90,405
8544.jpg,223,349,270
8545.jpg,291,438,185
8546.jpg,288,384,360
8547.jpg,202,388,411
8548.jpg,314,342,212
8549.jpg,208,334,347
8550.jpg,307,430,399
8551.jpg,227,278,200
8552.jpg,225,142,151
8553.jpg,249,493,436
8554.jpg,213,276,257
8555.jpg,267,422,464
8556.jpg,211,163,303
8557.jpg,270,474,469
8558.jpg,204,424,395
8559.jpg,230,327,267
8560.jpg,215,157,327
8561.jpg,275,107,411
8562.jpg,278,99,349
8563.jpg,329,128,298
8564.jpg,304,179,226
8565.jpg,227,349,469
8566.jpg,212,218,399
8567.jpg,280,98,135
8568.jpg,257,165,486
8569.jpg,280,156,374
8570.jpg,268,90,387
8571.jpg,314,240,229
8572.jpg,313,293,378
8573.jpg,288,488,381
8574.jpg,316,486,235
8575.jpg,250,254,215
8576.jpg,324,107,97
8577.jpg,319,62,112
8578.jpg,297,336,360
8579.jpg,221,316,317
8580.jpg,227,86,94
8581.jpg,205,424,85
8582.jpg,231,423,428
8583.jpg,207,427,394
8584.jpg,307,294,443
8585.jpg,254,185,197
8586.jpg,315,328,188
8587.jpg,263,167,334
8588.jpg,209,340,193
8589.jpg,199,479,430
8590.jpg,260,183,206
8591.jpg,221,421,177
8592.jpg,293,192,277
8593.jpg,264,260,148
8594.jpg,271,247,446
8595.jpg,260,348,358
8596.jpg,250,268,177
8597.jpg,272,166,461
8598.jpg,325,405,281
8599.jpg,210,195,304
8600.jpg,318,153,228
8601.jpg,291,188,276
8602.jpg,230,189,327
8603.jpg,201,403,101
8604.jpg,267,294,272
8605.jpg,257,271,194
8606.jpg,233,299,337
8607.jpg,302,239,223
8608.jpg,304,360,386
8609.jpg,216,168,406
8610.jpg,298,205,349
8611.jpg,218,320,478
8612.jpg,322,231,311
8613.jpg,260,464,388
8614.jpg,223,203,319
8615.jpg,326,411,470
8616.jpg,268,285,301
8617.jpg,286,382,99
8618.jpg,267,92,162
8619.jpg,212,161,436
8620.jpg,313,259,248
8621.jpg,296,400,209
8622.jpg,318,312,165
8623.jpg,308,77,163
8624.jpg,215,397,363
8625.jpg,288,430,111
8626.jpg,249,181,482
8627.jpg,280,135,360
8628.jpg,242,353,145
8629.jpg,221,506,370
8630.jpg,290,437,413
8631.jpg,210,229,447
8632.jpg,259,96,324
8633.jpg,226,281,349
8634.jpg,329,169,330
8635.jpg,326,73,350
8636.jpg,316,176,82
8637.jpg,271,120,151
8638.jpg,284,242,377
8639.jpg,318,483,442
8640.jpg,251,66,465
8641.jpg,214,78,414
8642.jpg,296,139,224
8643.jpg,276,340,489
8644.jpg,299,262,177
8645.jpg,222,196,89
8646.jpg,207,436,306
8647.jpg,249,176,343
8648.jpg,314,334,283
8649.jpg,241,225,490
8650.jpg,307,469,374
8651.jpg,284,117,478
8652.jpg,232,463,407
8653.jpg,323,490,210
8654.jpg,256,406,422
8655.jpg,308,249,214
8656.jpg,237,79,251
8657.jpg,225,113,393
8658.jpg,274,242,314
8659.jpg,238,257,469
8660.jpg,311,290,273
8661.jpg,329,228,373
8662.jpg,316,477,72
8663.jpg,264,453,126
8664.jpg,299,298,403
8665.jpg,219,331,201
8666.jpg,276,253,438
8667.jpg,214,321,112
8668.jpg,285,430,154
8669.jpg,209,115,261
8670.jpg,240,337,343
8671.jpg,230,222,189
8672.jpg,276,433,336
8673.jpg,325,270,420
8674.jpg,296,412,237
8675.jpg,291,328,215
8676.jpg,276,318,201
8677.jpg,215,154,452
8678.jpg,273,483,368
8679.jpg,312,132,442
8680.jpg,250,161,226
8681.jpg,227,86,432
8682.jpg,218,488,314
8683.jpg,254,455,337
8684.jpg,289,350,268
8685.jpg,218,340,185
8686.jpg,256,261,141
8687.jpg,234,311,285
8688.jpg,317,347,261
8689.jpg,219,106,474
8690.jpg,271,370,82
8691.jpg,239,321,339
8692.jpg,279,155,266
8693.jpg,305,334,233
8694.jpg,221,431,329
8695.jpg,262,352,384
8696.jpg,202,415,355
8697.jpg,318,120,467
8698.jpg,258,191,461
8699.jpg,267,405,332
8700.jpg,230,256,176
8701.jpg,252,446,203
8702.jpg,272,73,377
8703.jpg,227,65,154
8704.jpg,264,239,398
8705.jpg,248,177,354
8706.jpg,265,69,183
8707.jpg,304,321,300
8708.jpg,299,216,374
8709.jpg,250,204,376
8710.jpg,306,364,236
8711.jpg,315,234,327
8712.jpg,285,463,261
8713.jpg,241,494,455
8714.jpg,308,486,356
8715.jpg,299,439,244
8716.jpg,327,382,123
8717.jpg,272,255,350
8718.jpg,283,61,197
8719.jpg,295,311,146
8720.jpg,312,100,472
8721.jpg,248,426,405
8722.jpg,270,157,132
8723.jpg,214,440,158
8724.jpg,261,279,480
8725.jpg,250,169,94
8726.jpg,220,87,448
8727.jpg,211,183,141
8728.jpg,222,234,216
8729.jpg,212,101,312
8730.jpg,247,441,84
8731.jpg,292,310,420
8732.jpg,271,98,317
8733.jpg,265,284,185
8734.jpg,305,349,181
8735.jpg,239,332,125
8736.jpg,279,474,439
8737.jpg,237,270,181
8738.jpg,218,391,269
8739.jpg,267,346,483
8740.jpg,287,397,453
8741.jpg,297,491,312
8742.jpg,238,109,253
8743.jpg,304,281,356
8744.jpg,254,145,425
8745.jpg,211,240,376
8746.jpg,231,75,444
8747.jpg,234,259,181
8748.jpg,240,358,296
8749.jpg,306,176,113
8750.jpg,325,307,282
8751.jpg,254,420,210
8752.jpg,314,373,228
8753.jpg,277,193,426
8754.jpg,304,231,315
8755.jpg,316,339,304
8756.jpg,310,64,363
8757.jpg,221,152,375
8758.jpg,234,230,191
8759.jpg,202,363,133
8760.jpg,318,489,383
8761.jpg,236,158,237
8762.jpg,222,87,94
8763.jpg,232,308,264
8764.jpg,295,404,184
8765.jpg,299,390,399
8766.jpg,269,342,208
8767.jpg,280,303,243
8768.jpg,323,284,196
8769.jpg,240,212,388
8770.jpg,296,402,113
8771.jpg,290,120,203
8772.jpg,263,100,475
8773.jpg,219,320,448
8774.jpg,268,356,371
8775.jpg,302,55,247
8776.jpg,309,118,449
8777.jpg,222,413,139
8778.jpg,218,263,356
8779.jpg,267,477,221
8780.jpg,296,348,214
8781.jpg,238,299,303
8782.jpg,209,389,176
8783.jpg,212,161,296
8784.jpg,257,336,136
8785.jpg,211,345,380
8786.jpg,307,376,438
8787.jpg,320,329,225
8788.jpg,276,246,292
8789.jpg,313,88,379
8790.jpg,252,200,384
8791.jpg,271,200,173
8792.jpg,246,342,292
8793.jpg,270,374,291
8794.jpg,308,310,252
8795.jpg,224,154,464
8796.jpg,317,95,209
8797.jpg,284,191,258
8798.jpg,234,320,436
8799.jpg,313,393,336
8800.jpg,274,398,308
8801.jpg,306,274,434
8802.jpg,276,105,275
8803.jpg,315,67,130
8804.jpg,270,131,419
8805.jpg,288,252,449
8806.jpg,293,312,145
8807.jpg,261,131,377
8808.jpg,301,99,253
8809.jpg,202,361,283
8810.jpg,208,165,267
8811.jpg,227,465,320
8812.jpg,250,105,485
8813.jpg,224,319,417
8814.jpg,297,356,317
8815.jpg,248,174,175
8816.jpg,236,240,163
8817.jpg,231,163,423
8818.jpg,293,243,362
8819.jpg,284,175,250
8820.jpg,323,218,110
8821.jpg,305,169,98
8822.jpg,272,296,376
8823.jpg,322,431,282
8824.jpg,251,174,449
8825.jpg,295,135,141
8826.jpg,327,304,408
8827.jpg,277,496,393
8828.jpg,328,376,208
8829.jpg,252,342,179
8830.jpg,297,89,291
8831.jpg,289,297,435
8832.jpg,332,485,480
8833.jpg,212,160,427
8834.jpg,265,194,126
8835.jpg,319,258,441
8836.jpg,317,334,96
8837.jpg,296,208,201
8838.jpg,219,263,358
8839.jpg,293,308,369
8840.jpg,316,365,84
8841.jpg,275,322,359
8842.jpg,232,340,130
8843.jpg,260,173,128
8844.jpg,249,478,417
8845.jpg,314,148,348
8846.jpg,283,330,168
8847.jpg,216,352,157
8848.jpg,304,274,434
8849.jpg,271,386,314
8850.jpg,321,469,189
8851.jpg,300,286,385
8852.jpg,310,242,152
8853.jpg,319,288,82
8854.jpg,317,72,176
8855.jpg,324,47,268
8856.jpg,318,464,462
8857.jpg,288,403,111
8858.jpg,315,267,141
8859.jpg,231,63,373
8860.jpg,316,315,406
8861.jpg,294,187,430
8862.jpg,282,466,272
8863.jpg,322,346,97
8864.jpg,288,433,407
8865.jpg,210,293,256
8866.jpg,215,190,325
8867.jpg,275,105,252
8868.jpg,214,439,64
8869.jpg,302,346,311
8870.jpg,282,276,271
8871.jpg,289,405,215
8872.jpg,238,388,425
8873.jpg,243,278,455
8874.jpg,272,277,439
8875.jpg,214,250,321
8876.jpg,285,114,335
8877.jpg,290,297,458
8878.jpg,304,145,85
8879.jpg,314,333,196
8880.jpg,269,174,240
8881.jpg,225,118,345
8882.jpg,205,71,400
8883.jpg,325,205,468
8884.jpg,261,114,322
8885.jpg,297,240,306
8886.jpg,200,460,89
8887.jpg,208,401,229
8888.jpg,248,346,458
8889.jpg,296,481,151
8890.jpg,226,218,474
8891.jpg,239,411,391
8892.jpg,266,203,452
8893.jpg,237,248,396
8894.jpg,312,432,253
8895.jpg,230,336,236
8896.jpg,239,279,451
8897.jpg,313,308,330
8898.jpg,313,360,441
8899.jpg,310,398,101
8900.jpg,301,239,336
8901.jpg,319,163,240
8902.jpg,215,243,209
8903.jpg,313,456,414
8904.jpg,291,73,365
8905.jpg,329,337,428
8906.jpg,257,185,334
8907.jpg,234,359,288
8908.jpg,316,415,96
8909.jpg,224,270,214
8910.jpg,326,429,437
8911.jpg,295,274,135
8912.jpg,235,455,412
8913.jpg,214,62,122
8914.jpg,266,319,373
8915.jpg,264,262,349
8916.jpg,210,224,300
8917.jpg,266,305,424
8918.jpg,230,480,326
8919.jpg,292,317,463
8920.jpg,294,283,488
8921.jpg,324,369,129
8922.jpg,227,252,444
8923.jpg,282,159,240
8924.jpg,302,112,444
8925.jpg,227,328,306
8926.jpg,222,493,131
8927.jpg,295,263,338
8928.jpg,297,137,399
8929.jpg,269,318,324
8930.jpg,317,315,438
8931.jpg,323,280,132
8932.jpg,234,132,289
8933.jpg,200,415,244
8934.jpg,215,75,102
8935.jpg,277,122,308
8936.jpg,307,179,244
8937.jpg,246,227,287
8938.jpg,222,198,459
8939.jpg,311,237,445
8940.jpg,256,386,229
8941.jpg,244,378,225
8942.jpg,307,137,471
8943.jpg,316,167,133
8944.jpg,286,314,483
8945.jpg,312,274,305
8946.jpg,225,395,199
8947.jpg,229,439,443
8948.jpg,212,216,360
8949.jpg,227,362,275
8950.jpg,208,366,196
8951.jpg,256,424,305
8952.jpg,290,409,166
8953.jpg,219,198,275
8954.jpg,274,273,284
8955.jpg,218,156,379
8956.jpg,318,209,402
8957.jpg,321,89,274
8958.jpg,238,254,187
8959.jpg,280,302,482
8960.jpg,295,324,454
8961.jpg,301,246,395
8962.jpg,308,369,247
8963.jpg,261,229,186
8964.jpg,284,265,84
8965.jpg,249,427,458
8966.jpg,218,169,422
8967.jpg,240,292,99
8968.jpg,289,113,470
8969.jpg,306,333,409
8970.jpg,209,363,100
8971.jpg,237,164,140
8972.jpg,256,439,337
8973.jpg,327,483,245
8974.jpg,237,312,70
8975.jpg,231,86,260
8976.jpg,251,243,435
8977.jpg,315,140,422
8978.jpg,205,225,88
8979.jpg,247,175,346
8980.jpg,320,350,252
8981.jpg,203,262,148
8982.jpg,253,358,227
8983.jpg,222,269,216
8984.jpg,299,282,149
8985.jpg,267,137,119
8986.jpg,300,401,256
8987.jpg,219,350,104
8988.jpg,302,316,355
8989.jpg,289,472,249
8990.jpg,323,459,456
8991.jpg,201,94,316
8992.jpg,206,476,354
8993.jpg,320,206,240
8994.jpg,258,449,175
8995.jpg,258,100,332
8996.jpg,261,494,83
8997.jpg,296,162,243
8998.jpg,281,235,302
8999.jpg,235,181,457
9000.jpg,303,341,208
9001.jpg,237,347,321
9002.jpg,313,259,294
9003.jpg,217,333,197
9004.jpg,206,348,378
9005.jpg,273,178,488
9006.jpg,255,427,268
9007.jpg,272,227,356
9008.jpg,262,145,438
9009.jpg,215,207,151
9010.jpg,235,126,320
9011.jpg,314,427,171
9012.jpg,211,181,325
9013.jpg,313,76,208
9014.jpg,271,457,247
9015.jpg,328,69,452
9016.jpg,206,187,423
9017.jpg,253,309,475
9018.jpg,317,494,376
9019.jpg,289,319,138
9020.jpg,219,483,429
9021.jpg,241,500,156
9022.jpg,268,312,101
9023.jpg,216,399,180
9024.jpg,323,93,161
9025.jpg,220,277,112
9026.jpg,277,72,388
9027.jpg,203,315,376
9028.jpg,227,260,348
9029.jpg,241,375,176
9030.jpg,211,261,74
9031.jpg,215,364,389
9032.jpg,324,287,377
9033.jpg,255,332,247
9034.jpg,282,151,270
9035.jpg,274,463,468
9036.jpg,282,307,170
9037.jpg,277,134,339
9038.jpg,210,228,249
9039.jpg,278,464,249
9040.jpg,267,260,177
9041.jpg,239,363,97
9042.jpg,263,146,169
9043.jpg,301,324,366
9044.jpg,202,236,195
9045.jpg,261,139,237
9046.jpg,275,159,114
9047.jpg,241,205,196
9048.jpg,291,214,129
9049.jpg,249,243,229
9050.jpg,246,83,178
9051.jpg,328,338,302
9052.jpg,269,376,178
9053.jpg,262,128,311
9054.jpg,297,347,111
9055.jpg,313,225,471
9056.jpg,296,503,292
9057.jpg,234,167,448
9058.jpg,202,353,224
9059.jpg,298,247,338
9060.jpg,319,106,263
9061.jpg,279,457,88
9062.jpg,285,291,166
9063.jpg,289,84,357
9064.jpg,205,440,365
9065.jpg,316,292,484
9066.jpg,247,189,441
9067.jpg,246,175,223
9068.jpg,284,303,315
9069.jpg,258,251,198
9070.jpg,265,262,389
9071.jpg,229,177,453
9072.jpg,289,464,222
9073.jpg,244,219,150
9074.jpg,241,170,429
9075.jpg,300,494,140
9076.jpg,306,318,454
9077.jpg,321,301,211
9078.jpg,311,475,125
9079.jpg,304,361,204
9080.jpg,257,271,348
9081.jpg,224,141,298
9082.jpg,260,180,255
9083.jpg,304,178,287
9084.jpg,284,304,261
9085.jpg,327,192,74
9086.jpg,319,253,165
9087.jpg,306,164,146
9088.jpg,223,311,483
9089.jpg,263,495,91
9090.jpg,235,123,457
9091.jpg,250,242,115
9092.jpg,228,68,120
9093.jpg,262,124,425
9094.jpg,257,453,455
9095.jpg,256,313,227
9096.jpg,251,187,74
9097.jpg,209,364,208
9098.jpg,230,313,273
9099.jpg,265,270,118
9100.jpg,314,81,189
9101.jpg,307,360,303
9102.jpg,320,312,346
9103.jpg,287,178,332
9104.jpg,302,141,115
9105.jpg,257,212,277
9106.jpg,270,161,400
9107.jpg,259,417,441
9108.jpg,209,212,393
9109.jpg,311,86,313
9110.jpg,249,268,176
9111.jpg,316,393,206
9112.jpg,216,336,288
9113.jpg,237,134,411
9114.jpg,264,231,372
9115.jpg,273,401,307
9116.jpg,313,93,460
9117.jpg,243,420,328
9118.jpg,322,79,135
9119.jpg,236,419,257
9120.jpg,290,362,209
9121.jpg,239,408,147
9122.jpg,311,423,239
9123.jpg,274,271,83
9124.jpg,252,361,389
9125.jpg,303,313,392
9126.jpg,213,190,458
9127.jpg,220,232,115
9128.jpg,200,466,423
9129.jpg,259,365,255
9130.jpg,299,420,436
9131.jpg,321,352,208
9132.jpg,246,483,191
9133.jpg,282,102,300
9134.jpg,241,103,87
9135.jpg,327,397,293
9136.jpg,235,136,147
9137.jpg,242,265,220
9138.jpg,310,252,317
9139.jpg,297,99,322
9140.jpg,323,382,396
9141.jpg,293,91,466
9142.jpg,291,474,457
9143.jpg,275,274,385
9144.jpg,319,193,215
9145.jpg,311,312,214
9146.jpg,313,300,339
9147.jpg,247,315,293
9148.jpg,256,457,206
9149.jpg,311,181,127
9150.jpg,265,293,105
9151.jpg,223,262,428
9152.jpg,291,459,205
9153.jpg,261,426,369
9154.jpg,284,216,422
9155.jpg,284,498,92
9156.jpg,218,471,265
9157.jpg,242,246,401
9158.jpg,240,187,226
9159.jpg,279,133,307
9160.jpg,249,343,439
9161.jpg,274,134,164
9162.jpg,225,336,171
9163.jpg,224,264,290
9164.jpg,207,178,102
9165.jpg,305,484,407
9166.jpg,297,83,122
9167.jpg,225,167,248
9168.jpg,241,166,214
9169.jpg,248,262,445
9170.jpg,300,211,403
9171.jpg,241,472,399
9172.jpg,325,326,71
9173.jpg,279,116,335
9174.jpg,283,266,386
9175.jpg,222,76,119
9176.jpg,208,136,308
9177.jpg,214,300,284
9178.jpg,302,316,360
9179.jpg,307,309,420
9180.jpg,304,263,446
9181.jpg,268,428,371
9182.jpg,220,366,376
9183.jpg,310,406,239
9184.jpg,322,286,351
9185.jpg,289,103,133
9186.jpg,220,439,452
9187.jpg,326,198,189
9188.jpg,227,420,235
9189.jpg,250,109,158
9190.jpg,245,175,419
9191.jpg,252,306,413
9192.jpg,243,266,176
9193.jpg,295,137,417
9194.jpg,311,395,352
9195.jpg,255,203,310
9196.jpg,236,64,181
9197.jpg,207,302,86
9198.jpg,230,421,79
9199.jpg,328,317,249
9200.jpg,251,401,481
9201.jpg,289,345,338
9202.jpg,270,110,192
9203.jpg,299,94,109
9204.jpg,321,309,404
9205.jpg,232,391,108
9206.jpg,257,63,121
9207.jpg,288,237,323
9208.jpg,244,395,93
9209.jpg,272,236,445
9210.jpg,327,82,432
9211.jpg,292,155,110
9212.jpg,292,195,465
9213.jpg,248,242,478
9214.jpg,269,195,433
9215.jpg,244,183,82
9216.jpg,255,125,206
9217.jpg,285,357,252
9218.jpg,311,193,213
9219.jpg,216,135,353
9220.jpg,295,253,122
9221.jpg,261,381,218
9222.jpg,285,326,198
9223.jpg,312,176,183
9224.jpg,253,495,436
9225.jpg,294,350,450
9226.jpg,277,306,433
9227.jpg,239,76,283
9228.jpg,270,154,273
9229.jpg,243,205,194
9230.jpg,245,129,392
9231.jpg,317,411,243
9232.jpg,292,293,152
9233.jpg,327,57,354
9234.jpg,315,475,190
9235.jpg,275,358,97
9236.jpg,273,343,305
9237.jpg,256,126,147
9238.jpg,248,325,456
9239.jpg,282,277,180
9240.jpg,208,201,276
9241.jpg,249,421,93
9242.jpg,217,317,157
9243.jpg,259,187,465
9244.jpg,211,370,294
9245.jpg,316,192,244
9246.jpg,234,320,161
9247.jpg,294,160,473
9248.jpg,311,306,321
9249.jpg,264,139,345
9250.jpg,313,185,432
9251.jpg,215,177,335
9252.jpg,293,135,291
9253.jpg,288,195,86
9254.jpg,323,305,200
9255.jpg,293,232,476
9256.jpg,213,253,334
9257.jpg,234,390,395
9258.jpg,316,208,397
9259.jpg,203,264,172
9260.jpg,325,426,190
9261.jpg,310,170,169
9262.jpg,259,350,417
9263.jpg,289,402,454
9264.jpg,251,219,297
9265.jpg,231,355,422
9266.jpg,206,434,202
9267.jpg,279,425,104
9268.jpg,240,149,369
9269.jpg,329,131,379
9270.jpg,263,341,352
9271.jpg,326,472,113
9272.jpg,266,95,71
9273.jpg,324,350,253
9274.jpg,301,385,212
9275.jpg,273,136,306
9276.jpg,319,103,197
9277.jpg,236,189,236
9278.jpg,204,66,460
9279.jpg,287,121,413
9280.jpg,209,240,252
9281.jpg,213,140,373
9282.jpg,320,337,376
9283.jpg,263,387,474
9284.jpg,315,291,369
9285.jpg,299,282,118
9286.jpg,297,76,482
9287.jpg,257,115,212
9288.jpg,313,280,111
9289.jpg,293,155,287
9290.jpg,223,405,437
9291.jpg,274,227,206
9292.jpg,219,141,421
9293.jpg,319,134,155
9294.jpg,204,246,200
9295.jpg,275,274,286
9296.jpg,278,401,364
9297.jpg,305,230,151
9298.jpg,270,184,97
9299.jpg,328,322,105
9300.jpg,219,414,174
9301.jpg,295,319,455
9302.jpg,249,468,241
9303.jpg,242,230,468
9304.jpg,246,390,61
9305.jpg,283,252,117
9306.jpg,209,326,438
9307.jpg,325,337,427
9308.jpg,235,230,475
9309.jpg,271,345,263
9310.jpg,221,260,228
9311.jpg,239,480,226
9312.jpg,304,437,250
9313.jpg,215,262,196
9314.jpg,308,82,416
9315.jpg,263,82,383
9316.jpg,302,151,244
9317.jpg,287,65,187
9318.jpg,266,273,412
9319.jpg,309,442,342
9320.jpg,210,498,437
9321.jpg,310,420,198
9322.jpg,244,429,120
9323.jpg,293,438,329
9324.jpg,239,388,217
9325.jpg,272,465,420
9326.jpg,260,109,370
9327.jpg,227,189,123
9328.jpg,277,428,238
9329.jpg,262,483,119
9330.jpg,277,206,358
9331.jpg,276,373,236
9332.jpg,232,330,257
9333.jpg,273,355,247
9334.jpg,228,322,181
9335.jpg,317,294,225
9336.jpg,317,76,460
9337.jpg,323,254,113
9338.jpg,325,313,218
9339.jpg,317,441,483
9340.jpg,272,150,490
9341.jpg,202,293,427
9342.jpg,292,128,428
9343.jpg,311,455,137
9344.jpg,246,73,68
9345.jpg,232,72,489
9346.jpg,203,256,402
9347.jpg,280,121,171
9348.jpg,329,143,92
9349.jpg,313,331,377
9350.jpg,265,451,279
9351.jpg,274,315,175
9352.jpg,237,279,235
9353.jpg,293,493,384
9354.jpg,295,271,142
9355.jpg,324,458,114
9356.jpg,292,435,420
9357.jpg,272,218,159
9358.jpg,324,498,411
9359.jpg,266,315,451
9360.jpg,309,482,159
9361.jpg,259,261,122
9362.jpg,220,388,170
9363.jpg,246,182,432
9364.jpg,319,184,423
9365.jpg,275,130,317
9366.jpg,283,67,202
9367.jpg,263,142,445
9368.jpg,225,397,348
9369.jpg,243,402,327
9370.jpg,221,473,414
9371.jpg,204,498,356
9372.jpg,219,234,87
9373.jpg,211,218,456
9374.jpg,308,256,323
9375.jpg,250,477,235
9376.jpg,251,163,271
9377.jpg,227,88,260
9378.jpg,269,299,206
9379.jpg,253,306,335
9380.jpg,320,411,210
9381.jpg,262,327,473
9382.jpg,317,276,198
9383.jpg,270,400,442
9384.jpg,318,51,433
9385.jpg,229,100,386
9386.jpg,232,114,320
9387.jpg,204,147,331
9388.jpg,201,164,441
9389.jpg,323,330,449
9390.jpg,223,333,487
9391.jpg,245,270,251
9392.jpg,285,374,417
9393.jpg,259,101,115
9394.jpg,221,149,186
9395.jpg,316,314,384
9396.jpg,212,336,489
9397.jpg,295,428,110
9398.jpg,327,143,163
9399.jpg,321,226,305
9400.jpg,323,484,225
9401.jpg,317,99,439
9402.jpg,260,332,353
9403.jpg,302,201,402
9404.jpg,293,112,441
9405.jpg,322,307,382
9406.jpg,257,439,124
9407.jpg,320,187,410
9408.jpg,282,285,448
9409.jpg,210,434,488
9410.jpg,231,499,220
9411.jpg,328,76,465
9412.jpg,275,203,349
9413.jpg,245,248,423
9414.jpg,255,414,464
9415.jpg,264,299,78
9416.jpg,299,369,232
9417.jpg,214,258,415
9418.jpg,235,80,321
9419.jpg,246,298,104
9420.jpg,262,354,346
9421.jpg,248,360,183
9422.jpg,249,57,313
9423.jpg,216,398,235
9424.jpg,226,476,119
9425.jpg,328,405,455
9426.jpg,300,203,435
9427.jpg,244,237,388
9428.jpg,234,156,186
9429.jpg,311,76,77
9430.jpg,292,244,441
9431.jpg,261,242,391
9432.jpg,247,302,193
9433.jpg,278,316,127
9434.jpg,268,165,375
9435.jpg,238,326,324
9436.jpg,281,238,451
9437.jpg,230,339,217
9438.jpg,211,248,303
9439.jpg,268,177,412
9440.jpg,216,409,238
9441.jpg,322,410,445
9442.jpg,328,319,77
9443.jpg,268,329,213
9444.jpg,256,251,428
9445.jpg,218,104,376
9446.jpg,253,95,272
9447.jpg,317,57,347
9448.jpg,325,342,297
9449.jpg,267,132,269
9450.jpg,323,371,117
9451.jpg,251,192,224
9452.jpg,294,464,429
9453.jpg,291,386,235
9454.jpg,268,254,207
9455.jpg,246,181,291
9456.jpg,258,348,125
9457.jpg,294,81,171
9458.jpg,323,182,378
9459.jpg,231,257,478
9460.jpg,241,483,372
9461.jpg,242,499,102
9462.jpg,245,371,395
9463.jpg,224,69,163
9464.jpg,265,336,171
9465.jpg,247,66,482
9466.jpg,207,492,335
9467.jpg,248,264,260
9468.jpg,268,372,377
9469.jpg,287,439,399
9470.jpg,271,199,312
9471.jpg,258,180,97
9472.jpg,222,430,163
9473.jpg,239,209,360
9474.jpg,297,169,244
9475.jpg,287,211,441
9476.jpg,301,83,165
9477.jpg,230,490,210
9478.jpg,298,324,204
9479.jpg,287,428,229
9480.jpg,303,392,359
9481.jpg,310,109,137
9482.jpg,315,221,482
9483.jpg,219,87,375
9484.jpg,228,396,335
9485.jpg,282,400,113
9486.jpg,238,171,336
9487.jpg,213,430,364
9488.jpg,209,379,241
9489.jpg,322,413,410
9490.jpg,206,443,367
9491.jpg,295,376,328
9492.jpg,300,377,455
9493.jpg,252,497,77
9494.jpg,236,212,395
9495.jpg,279,65,271
9496.jpg,267,465,461
9497.jpg,269,121,84
9498.jpg,296,446,294
9499.jpg,309,175,410
9500.jpg,329,89,225
9501.jpg,317,114,404
9502.jpg,288,170,305
9503.jpg,206,78,163
9504.jpg,317,205,150
9505.jpg,215,89,181
9506.jpg,286,373,278
9507.jpg,210,385,379
9508.jpg,318,415,234
9509.jpg,249,91,100
9510.jpg,288,300,92
9511.jpg,209,389,336
9512.jpg,320,312,466
9513.jpg,255,207,457
9514.jpg,304,485,436
9515.jpg,219,181,142
9516.jpg,206,354,343
9517.jpg,313,378,408
9518.jpg,236,233,292
9519.jpg,280,469,176
9520.jpg,250,442,443
9521.jpg,201,485,402
9522.jpg,294,318,484
9523.jpg,223,377,178
9524.jpg,281,207,120
9525.jpg,295,247,101
9526.jpg,322,343,96
9527.jpg,206,372,171
9528.jpg,220,256,216
9529.jpg,240,412,395
9530.jpg,263,75,167
9531.jpg,328,418,335
9532.jpg,269,229,467
9533.jpg,198,476,398
9534.jpg,296,185,467
9535.jpg,226,335,215
9536.jpg,247,221,341
9537.jpg,229,169,476
9538.jpg,268,230,349
9539.jpg,248,443,144
9540.jpg,222,97,120
9541.jpg,256,243,441
9542.jpg,316,315,323
9543.jpg,317,353,157
9544.jpg,275,233,193
9545.jpg,317,282,227
9546.jpg,303,197,294
9547.jpg,218,143,384
9548.jpg,286,459,366
9549.jpg,208,474,385
9550.jpg,305,380,67
9551.jpg,215,453,110
9552.jpg,314,250,351
9553.jpg,304,349,478
9554.jpg,259,72,159
9555.jpg,243,409,303
9556.jpg,270,447,254
9557.jpg,296,266,490
9558.jpg,292,258,331
9559.jpg,326,306,304
9560.jpg,291,201,253
9561.jpg,314,223,129
9562.jpg,286,282,100
9563.jpg,216,416,168
9564.jpg,293,89,327
9565.jpg,204,423,478
9566.jpg,255,179,222
9567.jpg,324,417,166
9568.jpg,221,321,447
9569.jpg,277,173,353
9570.jpg,208,261,257
9571.jpg,226,450,379
9572.jpg,214,406,304
9573.jpg,297,171,433
9574.jpg,250,284,290
9575.jpg,267,403,379
9576.jpg,271,172,78
9577.jpg,295,70,294
9578.jpg,311,126,385
9579.jpg,300,494,161
9580.jpg,202,456,430
9581.jpg,301,71,350
9582.jpg,253,283,309
9583.jpg,275,223,121
9584.jpg,207,347,466
9585.jpg,275,197,484
9586.jpg,267,127,89
9587.jpg,227,162,164
9588.jpg,224,186,370
9589.jpg,311,256,155
9590.jpg,317,318,330
9591.jpg,213,184,450
9592.jpg,276,437,188
9593.jpg,208,197,297
9594.jpg,315,449,468
9595.jpg,265,477,458
9596.jpg,223,76,261
9597.jpg,217,254,423
9598.jpg,314,430,241
9599.jpg,321,317,341
9600.jpg,206,306,217
9601.jpg,328,121,298
9602.jpg,217,149,215
9603.jpg,204,241,257
9604.jpg,302,75,230
9605.jpg,266,62,205
9606.jpg,297,232,193
9607.jpg,300,224,306
9608.jpg,312,123,192
9609.jpg,258,142,143
9610.jpg,279,487,469
9611.jpg,214,235,74
9612.jpg,324,212,225
9613.jpg,290,371,251
9614.jpg,243,498,198
9615.jpg,224,443,331
9616.jpg,205,383,176
9617.jpg,304,246,305
9618.jpg,323,485,246
9619.jpg,319,253,372
9620.jpg,313,368,460
9621.jpg,217,163,171
9622.jpg,209,162,167
9623.jpg,289,64,87
9624.jpg,224,457,118
9625.jpg,229,260,358
9626.jpg,274,124,468
9627.jpg,309,282,140
9628.jpg,216,281,354
9629.jpg,320,321,227
9630.jpg,311,134,121
9631.jpg,299,280,310
9632.jpg,216,381,193
9633.jpg,247,310,323
9634.jpg,298,270,352
9635.jpg,227,384,336
9636.jpg,321,406,318
9637.jpg,313,402,409
9638.jpg,299,332,97
9639.jpg,277,326,219
9640.jpg,323,351,350
9641.jpg,263,466,409
9642.jpg,219,101,489
9643.jpg,225,149,80
9644.jpg,256,478,154
9645.jpg,265,202,485
9646.jpg,314,333,365
9647.jpg,284,422,345
9648.jpg,261,70,375
9649.jpg,272,320,346
9650.jpg,200,435,487
9651.jpg,232,391,404
9652.jpg,273,69,436
9653.jpg,261,137,372
9654.jpg,328,279,178
9655.jpg,275,313,156
9656.jpg,259,220,387
9657.jpg,216,73,251
9658.jpg,256,246,272
9659.jpg,306,149,253
9660.jpg,213,348,306
9661.jpg,215,378,149
9662.jpg,288,461,70
9663.jpg,314,91,220
9664.jpg,252,371,161
9665.jpg,222,310,63
9666.jpg,226,426,95
9667.jpg,244,364,180
9668.jpg,215,337,135
9669.jpg,252,96,394
9670.jpg,240,281,419
9671.jpg,298,223,411
9672.jpg,232,195,317
9673.jpg,220,227,147
9674.jpg,308,335,234
9675.jpg,236,409,419
9676.jpg,213,187,454
9677.jpg,279,104,267
9678.jpg,254,403,352
9679.jpg,288,155,392
9680.jpg,244,141,256
9681.jpg,307,87,274
9682.jpg,296,255,333
9683.jpg,309,387,289
9684.jpg,234,409,440
9685.jpg,257,201,109
9686.jpg,203,197,233
9687.jpg,296,385,242
9688.jpg,268,185,160
9689.jpg,330,453,212
9690.jpg,198,494,138
9691.jpg,230,217,202
9692.jpg,227,258,332
9693.jpg,309,134,147
9694.jpg,225,92,100
9695.jpg,262,258,195
9696.jpg,220,226,355
9697.jpg,242,354,349
9698.jpg,202,382,372
9699.jpg,256,307,309
9700.jpg,204,408,210
9701.jpg,302,283,421
9702.jpg,323,109,486
9703.jpg,211,399,125
9704.jpg,215,97,206
9705.jpg,240,110,356
9706.jpg,276,480,98
9707.jpg,245,78,406
9708.jpg,302,438,280
9709.jpg,307,224,88
9710.jpg,235,282,416
9711.jpg,215,142,467
9712.jpg,297,283,161
9713.jpg,224,211,146
9714.jpg,256,224,420
9715.jpg,298,466,221
9716.jpg,216,187,210
9717.jpg,234,90,414
9718.jpg,277,275,319
9719.jpg,259,441,431
9720.jpg,315,382,297
9721.jpg,299,328,266
9722.jpg,289,250,143
9723.jpg,286,442,450
9724.jpg,327,216,280
9725.jpg,206,436,455
9726.jpg,216,478,376
9727.jpg,301,407,286
9728.jpg,219,426,173
9729.jpg,228,245,258
9730.jpg,278,244,297
9731.jpg,210,456,97
9732.jpg,311,192,382
9733.jpg,299,467,321
9734.jpg,272,362,246
9735.jpg,297,239,260
9736.jpg,266,432,152
9737.jpg,296,194,415
9738.jpg,230,350,270
9739.jpg,306,162,399
9740.jpg,326,189,293
9741.jpg,240,288,190
9742.jpg,318,238,132
9743.jpg,311,434,113
9744.jpg,324,178,387
9745.jpg,248,336,323
9746.jpg,206,503,114
9747.jpg,273,225,285
9748.jpg,326,454,139
9749.jpg,277,388,437
9750.jpg,251,488,380
9751.jpg,284,322,263
9752.jpg,303,112,441
9753.jpg,232,170,429
9754.jpg,218,467,474
9755.jpg,260,434,223
9756.jpg,259,149,199
9757.jpg,258,330,294
9758.jpg,254,173,89
9759.jpg,201,284,61
9760.jpg,247,391,343
9761.jpg,221,480,329
9762.jpg,246,468,183
9763.jpg,230,204,444
9764.jpg,221,78,193
9765.jpg,225,381,191
9766.jpg,203,482,134
9767.jpg,287,116,395
9768.jpg,205,120,86
9769.jpg,265,279,424
9770.jpg,235,385,450
9771.jpg,257,424,440
9772.jpg,287,321,310
9773.jpg,275,358,266
9774.jpg,325,386,432
9775.jpg,261,407,187
9776.jpg,297,499,264
9777.jpg,273,217,170
9778.jpg,243,392,157
9779.jpg,231,359,178
9780.jpg,325,98,412
9781.jpg,319,349,252
9782.jpg,320,307,327
9783.jpg,223,334,191
9784.jpg,245,319,78
9785.jpg,296,59,179
9786.jpg,267,321,348
9787.jpg,224,325,340
9788.jpg,233,315,466
9789.jpg,240,387,246
9790.jpg,236,236,124
9791.jpg,261,408,157
9792.jpg,276,151,255
9793.jpg,213,493,166
9794.jpg,287,251,359
9795.jpg,226,380,264
9796.jpg,313,464,202
9797.jpg,244,232,142
9798.jpg,284,259,194
9799.jpg,271,349,185
9800.jpg,267,310,185
9801.jpg,309,302,88
9802.jpg,210,475,368
9803.jpg,314,175,117
9804.jpg,247,404,213
9805.jpg,226,475,243
9806.jpg,249,282,472
9807.jpg,312,390,473
9808.jpg,315,176,258
9809.jpg,231,455,158
9810.jpg,255,215,265
9811.jpg,319,384,315
9812.jpg,293,206,289
9813.jpg,272,204,225
9814.jpg,235,121,462
9815.jpg,209,142,422
9816.jpg,240,85,129
9817.jpg,237,469,235
9818.jpg,288,364,329
9819.jpg,264,281,105
9820.jpg,241,149,201
9821.jpg,219,331,269
9822.jpg,225,155,440
9823.jpg,212,410,404
9824.jpg,290,364,227
9825.jpg,208,163,269
9826.jpg,248,221,468
9827.jpg,286,499,114
9828.jpg,219,353,194
9829.jpg,302,475,369
9830.jpg,254,278,248
9831.jpg,247,355,113
9832.jpg,312,291,68
9833.jpg,266,248,182
9834.jpg,248,292,346
9835.jpg,267,459,97
9836.jpg,279,162,287
9837.jpg,277,304,171
9838.jpg,262,150,129
9839.jpg,230,287,443
9840.jpg,327,289,261
9841.jpg,208,118,360
9842.jpg,213,113,451
9843.jpg,253,414,329
9844.jpg,235,141,436
9845.jpg,256,306,111
9846.jpg,290,303,223
9847.jpg,315,340,395
9848.jpg,265,294,242
9849.jpg,291,163,359
9850.jpg,323,242,191
9851.jpg,323,276,234
9852.jpg,303,355,281
9853.jpg,320,483,470
9854.jpg,307,152,467
9855.jpg,250,201,365
9856.jpg,214,104,203
9857.jpg,329,419,448
9858.jpg,279,225,137
9859.jpg,270,223,311
9860.jpg,314,328,130
9861.jpg,213,412,91
9862.jpg,302,173,136
9863.jpg,325,83,145
9864.jpg,314,222,314
9865.jpg,284,104,110
9866.jpg,326,279,450
9867.jpg,268,445,218
9868.jpg,264,356,307
9869.jpg,227,147,132
9870.jpg,292,408,239
9871.jpg,251,442,99
9872.jpg,234,407,450
9873.jpg,223,244,345
9874.jpg,328,478,233
9875.jpg,324,179,191
9876.jpg,254,464,206
9877.jpg,306,344,285
9878.jpg,242,354,380
9879.jpg,231,157,113
9880.jpg,242,228,246
9881.jpg,249,267,165
9882.jpg,274,340,83
9883.jpg,239,181,462
9884.jpg,253,441,243
9885.jpg,222,216,84
9886.jpg,237,339,437
9887.jpg,250,68,271
9888.jpg,199,449,382
9889.jpg,207,325,366
9890.jpg,206,129,241
9891.jpg,304,156,324
9892.jpg,267,461,325
9893.jpg,225,319,474
9894.jpg,220,106,313
9895.jpg,268,168,137
9896.jpg,329,226,145
9897.jpg,205,411,151
9898.jpg,306,71,293
9899.jpg,277,182,359
9900.jpg,239,198,158
9901.jpg,313,477,205
9902.jpg,256,413,225
9903.jpg,306,222,155
9904.jpg,213,143,111
9905.jpg,281,227,272
9906.jpg,226,192,374
9907.jpg,264,59,482
9908.jpg,271,449,411
9909.jpg,229,304,468
9910.jpg,246,214,448
9911.jpg,294,247,239
9912.jpg,227,396,384
9913.jpg,279,363,354
9914.jpg,207,424,292
9915.jpg,241,424,154
9916.jpg,248,155,243
9917.jpg,262,341,95
9918.jpg,261,328,141
9919.jpg,251,324,113
9920.jpg,277,188,192
9921.jpg,248,156,162
9922.jpg,309,466,80
9923.jpg,237,336,325
9924.jpg,315,77,320
9925.jpg,288,61,487
9926.jpg,269,69,378
9927.jpg,218,151,132
9928.jpg,227,253,379
9929.jpg,317,371,185
9930.jpg,203,398,150
9931.jpg,244,246,138
9932.jpg,246,113,351
9933.jpg,242,337,283
9934.jpg,226,177,418
9935.jpg,287,451,316
9936.jpg,316,151,353
9937.jpg,241,156,475
9938.jpg,327,445,141
9939.jpg,272,481,381
9940.jpg,315,336,281
9941.jpg,278,317,261
9942.jpg,206,65,161
9943.jpg,269,72,241
9944.jpg,231,104,99
9945.jpg,213,162,126
9946.jpg,271,318,263
9947.jpg,266,451,371
9948.jpg,259,321,208
9949.jpg,256,155,175
9950.jpg,298,399,446
9951.jpg,255,251,316
9952.jpg,288,300,491
9953.jpg,324,496,429
9954.jpg,268,342,76
9955.jpg,286,213,264
9956.jpg,304,443,195
9957.jpg,271,98,228
9958.jpg,304,429,434
9959.jpg,301,113,410
9960.jpg,307,96,465
9961.jpg,285,171,396
9962.jpg,307,399,425
9963.jpg,244,105,190
9964.jpg,295,112,402
9965.jpg,321,479,441
9966.jpg,212,250,455
9967.jpg,276,228,201
9968.jpg,317,60,337
9969.jpg,311,94,290
9970.jpg,311,84,142
9971.jpg,316,135,267
9972.jpg,321,421,170
9973.jpg,208,313,391
9974.jpg,327,493,432
9975.jpg,256,204,299
9976.jpg,294,215,327
9977.jpg,329,351,325
9978.jpg,269,72,488
9979.jpg,202,392,148
9980.jpg,241,99,387
9981.jpg,292,198,416
9982.jpg,249,116,69
9983.jpg,220,431,130
9984.jpg,269,238,297
9985.jpg,249,435,303
9986.jpg,215,225,323
9987.jpg,264,450,80
9988.jpg,276,372,402
9989.jpg,282,195,263
9990.jpg,308,459,354
9991.jpg,212,203,270
9992.jpg,253,322,249
9993.jpg,281,216,76
9994.jpg,322,347,423
9995.jpg,231,386,409
9996.jpg,280,103,307
9997.jpg,280,490,270
9998.jpg,228,110,390
9999.jpg,286,464,195
