filename,x,y
9254.jpg,323,305
1561.jpg,237,118
1670.jpg,321,186
6087.jpg,297,460
6669.jpg,320,286
5933.jpg,237,424
8829.jpg,252,342
7945.jpg,285,267
3508.jpg,249,310
2002.jpg,244,366
5866.jpg,217,131
168.jpg,209,345
2588.jpg,216,59
5905.jpg,328,152
9529.jpg,240,412
6384.jpg,288,216
7824.jpg,327,159
9779.jpg,231,359
4629.jpg,199,462
8560.jpg,215,157
9291.jpg,274,227
6874.jpg,290,459
6521.jpg,316,320
8979.jpg,247,175
6647.jpg,312,224
9825.jpg,208,163
210.jpg,235,313
5278.jpg,213,409
1919.jpg,244,250
718.jpg,252,232
4868.jpg,219,187
7834.jpg,311,146
1298.jpg,208,416
9193.jpg,295,137
4617.jpg,244,460
3128.jpg,321,391
9795.jpg,226,380
3979.jpg,266,132
9924.jpg,315,77
8317.jpg,316,266
4393.jpg,282,479
1287.jpg,262,179
4355.jpg,325,410
7013.jpg,297,320
3885.jpg,227,180
5749.jpg,235,154
9169.jpg,248,262
2407.jpg,314,124
2013.jpg,308,153
5153.jpg,218,137
8551.jpg,227,278
4376.jpg,309,402
8822.jpg,272,296
4273.jpg,297,337
5825.jpg,246,222
6699.jpg,228,451
7243.jpg,325,335
449.jpg,234,319
2227.jpg,268,360
5756.jpg,298,231
810.jpg,324,265
4180.jpg,226,318
9000.jpg,303,341
5438.jpg,234,136
7533.jpg,293,239
6369.jpg,256,478
8416.jpg,232,504
1477.jpg,253,242
1790.jpg,263,185
2008.jpg,321,146
682.jpg,253,244
2816.jpg,254,329
9431.jpg,261,242
3774.jpg,253,415
6495.jpg,267,206
8878.jpg,304,145
7361.jpg,204,367
8366.jpg,241,403
7474.jpg,319,178
46.jpg,280,76
30.jpg,272,289
8250.jpg,244,157
6935.jpg,279,114
1468.jpg,278,82
1665.jpg,207,166
1416.jpg,319,71
6480.jpg,203,147
4852.jpg,284,94
2470.jpg,277,72
4373.jpg,275,290
8524.jpg,231,329
429.jpg,284,398
5244.jpg,283,78
2119.jpg,249,403
385.jpg,212,499
1945.jpg,277,228
4224.jpg,215,136
473.jpg,227,307
2129.jpg,301,469
6556.jpg,217,117
6998.jpg,303,436
1055.jpg,316,254
3274.jpg,301,380
4961.jpg,317,306
5363.jpg,220,376
5816.jpg,244,123
811.jpg,225,111
4573.jpg,204,248
6137.jpg,264,367
2388.jpg,257,132
9648.jpg,261,70
6225.jpg,280,277
111.jpg,309,441
8909.jpg,224,270
1745.jpg,228,486
7851.jpg,238,166
1452.jpg,267,336
319.jpg,310,420
8593.jpg,264,260
3333.jpg,309,376
1922.jpg,266,268
5865.jpg,272,335
9528.jpg,220,256
3685.jpg,222,139
4275.jpg,275,160
4889.jpg,278,268
5225.jpg,320,440
7472.jpg,240,270
3605.jpg,307,120
1052.jpg,306,206
4156.jpg,233,445
9676.jpg,213,187
99.jpg,231,277
7508.jpg,225,326
1456.jpg,297,146
7688.jpg,259,488
4004.jpg,234,153
6866.jpg,224,77
4509.jpg,268,447
3299.jpg,252,192
3799.jpg,210,137
4281.jpg,259,217
9051.jpg,328,338
6462.jpg,224,112
7912.jpg,299,389
1414.jpg,209,283
540.jpg,205,309
5815.jpg,245,295
8199.jpg,217,334
3680.jpg,273,268
754.jpg,326,165
4196.jpg,227,95
2650.jpg,220,455
4522.jpg,210,415
9519.jpg,280,469
3118.jpg,279,274
3728.jpg,321,185
3886.jpg,272,179
7107.jpg,246,276
8068.jpg,321,185
7325.jpg,247,112
8483.jpg,283,397
8767.jpg,280,303
6500.jpg,293,100
8426.jpg,253,438
7963.jpg,236,455
601.jpg,318,254
9249.jpg,264,139
8919.jpg,292,317
6814.jpg,329,405
5411.jpg,262,131
8747.jpg,234,259
5522.jpg,322,76
1044.jpg,213,450
7334.jpg,298,110
1557.jpg,279,427
3739.jpg,326,324
3522.jpg,212,400
180.jpg,223,291
2115.jpg,297,329
1699.jpg,296,134
1379.jpg,270,336
7229.jpg,284,77
9143.jpg,275,274
618.jpg,302,84
3181.jpg,256,269
9851.jpg,323,276
1600.jpg,218,117
5963.jpg,291,129
1615.jpg,212,253
5920.jpg,316,155
9591.jpg,213,184
3891.jpg,326,159
2083.jpg,216,129
4574.jpg,322,369
5594.jpg,289,101
5121.jpg,222,254
4587.jpg,272,415
4902.jpg,298,181
8252.jpg,285,108
5916.jpg,270,272
5129.jpg,210,365
8334.jpg,282,384
1918.jpg,319,400
8330.jpg,296,129
5707.jpg,241,476
5384.jpg,220,383
6336.jpg,216,437
2054.jpg,223,237
7612.jpg,237,72
9209.jpg,272,236
3963.jpg,314,214
1126.jpg,270,386
3428.jpg,317,65
4601.jpg,293,307
3721.jpg,307,152
2389.jpg,228,157
1322.jpg,297,373
1603.jpg,311,177
7224.jpg,294,69
7425.jpg,320,287
4336.jpg,285,349
5593.jpg,214,418
4411.jpg,249,111
5858.jpg,290,281
9343.jpg,311,455
3991.jpg,289,127
6079.jpg,224,484
1559.jpg,286,478
4682.jpg,245,97
7557.jpg,293,429
3772.jpg,233,454
8779.jpg,267,477
3457.jpg,285,490
8383.jpg,328,360
1354.jpg,203,496
45.jpg,244,284
9872.jpg,234,407
748.jpg,280,385
7917.jpg,206,233
4241.jpg,310,207
5628.jpg,275,212
4657.jpg,257,316
4238.jpg,281,254
3460.jpg,283,447
7381.jpg,277,302
5549.jpg,264,391
7075.jpg,273,143
5838.jpg,211,378
8091.jpg,228,86
5474.jpg,326,325
3614.jpg,302,180
7501.jpg,315,480
7053.jpg,239,243
7367.jpg,331,426
8019.jpg,203,447
9638.jpg,299,332
9055.jpg,313,225
664.jpg,211,123
2319.jpg,232,295
3542.jpg,251,496
3677.jpg,229,125
9599.jpg,321,317
3091.jpg,327,436
675.jpg,297,139
8676.jpg,276,318
4884.jpg,292,251
8079.jpg,315,264
1962.jpg,249,166
1840.jpg,245,222
7168.jpg,283,127
9898.jpg,306,71
3538.jpg,223,482
8026.jpg,247,204
4866.jpg,322,220
4174.jpg,321,279
8088.jpg,318,70
4377.jpg,296,343
6211.jpg,280,369
4766.jpg,268,485
411.jpg,321,484
613.jpg,275,360
6126.jpg,271,160
5210.jpg,310,216
1430.jpg,220,231
2425.jpg,257,311
8841.jpg,275,322
3833.jpg,294,66
4718.jpg,269,174
7185.jpg,206,227
1417.jpg,319,165
7199.jpg,204,246
604.jpg,297,226
1272.jpg,265,338
3964.jpg,206,403
6367.jpg,207,412
8746.jpg,231,75
247.jpg,326,324
9226.jpg,277,306
1982.jpg,284,235
2835.jpg,298,193
5375.jpg,277,466
199.jpg,264,365
485.jpg,283,317
6083.jpg,270,114
8956.jpg,318,209
455.jpg,279,176
9798.jpg,284,259
8826.jpg,327,304
6515.jpg,266,486
1721.jpg,328,230
7050.jpg,303,330
6382.jpg,311,175
8165.jpg,283,335
5767.jpg,219,175
5809.jpg,299,353
4626.jpg,238,388
862.jpg,283,83
2094.jpg,216,430
947.jpg,292,493
5641.jpg,263,295
1444.jpg,258,225
1280.jpg,262,267
3110.jpg,280,208
8952.jpg,290,409
7609.jpg,313,421
5135.jpg,213,313
3016.jpg,204,54
2302.jpg,211,130
2004.jpg,214,460
4580.jpg,318,172
8704.jpg,264,239
1005.jpg,255,82
5138.jpg,327,373
4317.jpg,286,367
6558.jpg,211,86
4387.jpg,204,494
2132.jpg,324,245
4265.jpg,226,235
2057.jpg,272,258
5386.jpg,246,476
229.jpg,208,301
2889.jpg,243,283
4472.jpg,302,173
6064.jpg,314,328
7924.jpg,325,266
7649.jpg,295,78
8381.jpg,201,150
209.jpg,243,136
2758.jpg,267,224
8471.jpg,281,162
2948.jpg,319,222
7116.jpg,266,218
6330.jpg,305,180
1728.jpg,246,291
4176.jpg,239,277
337.jpg,317,375
4984.jpg,290,189
6878.jpg,310,100
7248.jpg,217,306
8452.jpg,313,258
1226.jpg,304,190
7608.jpg,256,385
6827.jpg,323,385
3540.jpg,209,177
5868.jpg,314,167
2111.jpg,205,131
2691.jpg,261,392
7153.jpg,213,238
3707.jpg,233,113
1017.jpg,248,457
8511.jpg,267,223
2807.jpg,325,133
5015.jpg,325,293
1928.jpg,315,230
350.jpg,275,175
5173.jpg,325,208
4192.jpg,281,434
1934.jpg,316,86
6901.jpg,283,326
4823.jpg,312,195
564.jpg,274,206
1582.jpg,262,414
4694.jpg,214,90
2175.jpg,238,490
7028.jpg,281,489
4880.jpg,298,322
2228.jpg,234,402
1115.jpg,273,213
3126.jpg,207,142
3544.jpg,269,170
5048.jpg,275,490
7476.jpg,222,226
821.jpg,268,421
6532.jpg,225,201
2272.jpg,299,470
5545.jpg,207,379
81.jpg,212,276
1323.jpg,221,81
9405.jpg,322,307
1614.jpg,205,174
831.jpg,228,359
3883.jpg,250,281
8641.jpg,214,78
4464.jpg,275,111
5339.jpg,240,399
8066.jpg,257,465
1649.jpg,207,81
4065.jpg,253,400
9665.jpg,222,310
3038.jpg,252,384
3320.jpg,323,358
7143.jpg,283,166
6889.jpg,276,154
5092.jpg,274,147
3720.jpg,286,116
2423.jpg,313,415
749.jpg,321,334
5271.jpg,243,253
2373.jpg,256,82
4693.jpg,315,73
9879.jpg,231,157
8370.jpg,302,444
7319.jpg,225,455
4368.jpg,254,221
6785.jpg,311,477
7401.jpg,301,219
1139.jpg,320,168
7631.jpg,322,293
2231.jpg,309,217
2164.jpg,260,355
5217.jpg,294,378
9444.jpg,256,251
9237.jpg,256,126
4561.jpg,224,331
1570.jpg,253,78
172.jpg,279,366
7163.jpg,217,122
2087.jpg,296,488
4667.jpg,277,412
4565.jpg,247,380
7089.jpg,309,384
6569.jpg,261,157
4783.jpg,304,73
2684.jpg,309,423
1832.jpg,237,64
8546.jpg,288,384
5065.jpg,223,180
9130.jpg,299,420
9355.jpg,324,458
4412.jpg,297,288
7207.jpg,233,177
9890.jpg,206,129
834.jpg,224,161
6821.jpg,244,170
3781.jpg,287,166
9012.jpg,211,181
7499.jpg,252,148
3424.jpg,297,273
65.jpg,295,272
2963.jpg,259,83
5669.jpg,238,254
8962.jpg,308,369
354.jpg,249,271
8171.jpg,226,420
4030.jpg,204,425
8534.jpg,248,98
3651.jpg,216,383
6739.jpg,279,227
3297.jpg,228,236
4127.jpg,262,313
8043.jpg,274,302
4767.jpg,278,182
472.jpg,223,426
3761.jpg,297,421
8617.jpg,286,382
3566.jpg,317,254
2760.jpg,301,376
868.jpg,205,133
9382.jpg,317,276
8688.jpg,317,347
4052.jpg,266,495
6130.jpg,213,313
3244.jpg,244,206
4842.jpg,276,348
9330.jpg,277,206
5640.jpg,266,66
5780.jpg,204,242
8540.jpg,312,132
1075.jpg,236,383
2957.jpg,260,471
6752.jpg,268,280
8657.jpg,225,113
7272.jpg,218,184
4759.jpg,224,148
4862.jpg,254,324
7025.jpg,211,304
7647.jpg,289,107
7161.jpg,280,465
73.jpg,275,272
4901.jpg,267,128
4375.jpg,221,296
6698.jpg,250,318
9805.jpg,226,475
1101.jpg,272,134
9537.jpg,229,169
7655.jpg,294,324
5235.jpg,225,202
5165.jpg,298,112
118.jpg,314,71
2022.jpg,281,418
9885.jpg,222,216
2638.jpg,212,462
2034.jpg,235,380
2564.jpg,220,346
8665.jpg,219,331
3543.jpg,283,460
1219.jpg,285,496
9714.jpg,256,224
6711.jpg,282,321
2903.jpg,263,476
3026.jpg,306,456
2510.jpg,251,471
4201.jpg,235,221
3207.jpg,275,422
4489.jpg,323,498
2755.jpg,250,165
8889.jpg,296,481
177.jpg,289,338
1643.jpg,293,167
9292.jpg,219,141
3518.jpg,248,240
1374.jpg,259,297
1720.jpg,224,239
3995.jpg,243,486
3688.jpg,237,229
2264.jpg,212,424
87.jpg,292,465
2848.jpg,300,408
8687.jpg,234,311
403.jpg,327,112
9900.jpg,239,198
4077.jpg,217,356
6835.jpg,289,145
6537.jpg,207,417
2456.jpg,217,246
2751.jpg,235,488
2214.jpg,251,412
1027.jpg,328,168
9703.jpg,211,399
1421.jpg,292,140
2436.jpg,263,132
4277.jpg,269,264
9609.jpg,258,142
1278.jpg,296,180
6220.jpg,264,86
4907.jpg,312,178
5064.jpg,288,198
1978.jpg,236,105
1061.jpg,329,430
5014.jpg,214,430
4535.jpg,288,338
6993.jpg,252,212
9253.jpg,288,195
1502.jpg,240,303
8568.jpg,257,165
9314.jpg,308,82
8836.jpg,317,334
8920.jpg,294,283
4918.jpg,247,179
678.jpg,228,407
5076.jpg,246,212
8064.jpg,250,207
7568.jpg,272,120
102.jpg,304,401
957.jpg,263,130
8556.jpg,211,163
3785.jpg,236,234
9630.jpg,311,134
7173.jpg,244,213
4043.jpg,292,427
2648.jpg,313,281
6000.jpg,263,236
7927.jpg,221,434
2826.jpg,243,456
4094.jpg,236,299
7774.jpg,282,418
9258.jpg,316,208
8113.jpg,329,142
4772.jpg,244,384
1947.jpg,226,286
6109.jpg,265,295
2299.jpg,313,356
7844.jpg,270,125
4382.jpg,256,338
5425.jpg,295,138
6771.jpg,288,362
8578.jpg,297,336
4291.jpg,253,411
528.jpg,275,365
1233.jpg,234,351
779.jpg,281,445
5859.jpg,205,485
3059.jpg,270,202
8587.jpg,263,167
1860.jpg,294,112
8438.jpg,207,427
7403.jpg,254,197
4639.jpg,318,315
4250.jpg,208,284
1992.jpg,274,93
7379.jpg,242,330
7305.jpg,257,344
5303.jpg,264,428
8192.jpg,260,85
7447.jpg,282,255
2471.jpg,329,106
7197.jpg,249,116
5312.jpg,210,298
9035.jpg,274,463
1396.jpg,233,235
4002.jpg,248,204
5371.jpg,310,79
3235.jpg,319,218
1042.jpg,300,394
3298.jpg,326,186
7256.jpg,283,377
257.jpg,322,407
7286.jpg,225,355
8616.jpg,268,285
7816.jpg,245,351
5843.jpg,290,358
2089.jpg,261,338
7702.jpg,245,227
503.jpg,225,335
5265.jpg,256,469
8814.jpg,297,356
1345.jpg,223,450
8455.jpg,304,447
5046.jpg,297,485
2248.jpg,301,386
4981.jpg,281,251
372.jpg,306,321
8454.jpg,286,352
3370.jpg,313,187
2006.jpg,275,487
3656.jpg,272,486
8327.jpg,308,367
7521.jpg,286,225
4001.jpg,251,466
6072.jpg,297,163
8736.jpg,279,474
997.jpg,216,256
8179.jpg,263,234
3290.jpg,289,402
1176.jpg,270,325
551.jpg,287,456
744.jpg,283,156
7223.jpg,293,79
4554.jpg,295,467
2859.jpg,279,358
8820.jpg,323,218
3459.jpg,229,349
2724.jpg,253,316
6847.jpg,330,364
7615.jpg,265,406
7547.jpg,328,477
9174.jpg,283,266
6393.jpg,267,434
5358.jpg,253,96
9488.jpg,209,379
2968.jpg,206,457
693.jpg,286,78
2533.jpg,237,114
6399.jpg,253,295
982.jpg,306,275
5364.jpg,271,236
79.jpg,256,348
4053.jpg,263,179
6258.jpg,252,402
9576.jpg,271,172
9025.jpg,220,277
3107.jpg,276,281
3601.jpg,219,348
6073.jpg,262,81
8126.jpg,285,432
2142.jpg,241,207
6310.jpg,211,180
2268.jpg,302,205
445.jpg,279,354
4883.jpg,280,61
4466.jpg,273,368
9026.jpg,277,72
6632.jpg,310,108
3316.jpg,303,400
1701.jpg,324,153
2526.jpg,221,186
68.jpg,262,300
1168.jpg,323,136
48.jpg,261,409
1053.jpg,326,414
4029.jpg,296,118
880.jpg,264,332
2651.jpg,252,358
7759.jpg,326,368
2439.jpg,308,239
4924.jpg,310,200
1467.jpg,315,57
7292.jpg,286,364
5035.jpg,275,170
2441.jpg,304,80
6554.jpg,290,368
230.jpg,263,374
1320.jpg,280,372
41.jpg,256,379
777.jpg,315,482
8950.jpg,208,366
8404.jpg,291,494
1729.jpg,311,230
3910.jpg,231,262
579.jpg,215,312
9941.jpg,278,317
5839.jpg,223,388
8271.jpg,324,464
7275.jpg,236,163
1491.jpg,216,347
9109.jpg,311,86
5610.jpg,202,124
61.jpg,288,73
5471.jpg,283,249
3905.jpg,312,298
6531.jpg,235,265
402.jpg,295,300
332.jpg,229,470
2084.jpg,311,400
9557.jpg,296,266
164.jpg,208,195
4379.jpg,207,159
2715.jpg,324,337
8923.jpg,282,159
7346.jpg,271,476
5453.jpg,252,203
7046.jpg,317,55
1334.jpg,255,228
8698.jpg,258,191
1659.jpg,220,198
3578.jpg,258,472
753.jpg,259,191
6584.jpg,326,352
706.jpg,207,475
3014.jpg,298,101
8558.jpg,204,424
9875.jpg,324,179
9582.jpg,253,283
8928.jpg,297,137
9556.jpg,270,447
8983.jpg,222,269
1834.jpg,265,490
2996.jpg,238,483
5427.jpg,203,320
3879.jpg,221,306
7156.jpg,321,456
5081.jpg,206,260
9114.jpg,264,231
7244.jpg,317,293
5400.jpg,308,299
5395.jpg,218,346
9427.jpg,244,237
2246.jpg,257,61
835.jpg,260,206
8394.jpg,299,226
9042.jpg,263,146
432.jpg,317,234
3378.jpg,275,284
6817.jpg,255,449
8131.jpg,226,99
9621.jpg,217,163
6066.jpg,260,293
1193.jpg,239,299
6934.jpg,269,193
5461.jpg,318,507
3071.jpg,228,142
3044.jpg,273,58
3263.jpg,272,455
2729.jpg,324,134
3433.jpg,269,456
433.jpg,277,228
3272.jpg,332,490
7001.jpg,231,185
9726.jpg,216,478
104.jpg,254,455
3315.jpg,304,357
1656.jpg,283,359
1533.jpg,257,145
4680.jpg,269,273
8813.jpg,224,319
9002.jpg,313,259
6622.jpg,283,135
1443.jpg,285,128
214.jpg,308,468
5356.jpg,253,174
9218.jpg,311,193
6322.jpg,296,388
4989.jpg,294,147
1419.jpg,286,334
9516.jpg,206,354
8606.jpg,233,299
181.jpg,211,87
4352.jpg,257,324
8700.jpg,230,256
2446.jpg,268,282
5321.jpg,330,127
8045.jpg,245,273
5684.jpg,270,157
3532.jpg,270,487
8244.jpg,241,244
7976.jpg,244,187
3698.jpg,236,86
70.jpg,293,197
544.jpg,274,229
1204.jpg,216,354
3078.jpg,247,113
9106.jpg,270,161
9120.jpg,290,362
9680.jpg,244,141
6180.jpg,213,124
8329.jpg,206,484
4284.jpg,324,123
4007.jpg,267,256
8713.jpg,241,494
877.jpg,325,460
8060.jpg,284,272
196.jpg,296,456
9746.jpg,206,503
4010.jpg,264,449
9962.jpg,307,399
2571.jpg,296,487
3753.jpg,302,399
9247.jpg,294,160
8628.jpg,242,353
9368.jpg,225,397
6159.jpg,325,232
4791.jpg,304,437
5337.jpg,275,137
3024.jpg,319,172
2718.jpg,235,157
8655.jpg,308,249
6916.jpg,243,121
3984.jpg,233,468
7308.jpg,283,62
5953.jpg,267,303
3844.jpg,207,461
2682.jpg,241,271
4024.jpg,306,348
8715.jpg,299,439
3139.jpg,232,122
4237.jpg,272,243
218.jpg,283,142
6618.jpg,315,241
9606.jpg,297,232
5268.jpg,269,219
2543.jpg,209,242
2870.jpg,277,105
1244.jpg,321,257
420.jpg,230,302
6227.jpg,222,182
2058.jpg,293,125
8493.jpg,290,257
6434.jpg,248,464
3422.jpg,234,59
4510.jpg,318,176
1166.jpg,310,409
254.jpg,240,141
415.jpg,204,453
9175.jpg,222,76
3469.jpg,254,478
3050.jpg,201,426
759.jpg,276,262
1385.jpg,237,239
654.jpg,326,374
1201.jpg,318,445
2413.jpg,211,307
5579.jpg,318,251
5993.jpg,264,72
5294.jpg,293,73
3055.jpg,204,154
2830.jpg,315,186
2970.jpg,208,189
328.jpg,312,387
4270.jpg,253,170
5994.jpg,242,358
4392.jpg,269,377
2063.jpg,246,170
8301.jpg,221,181
9013.jpg,313,76
9329.jpg,262,483
5169.jpg,325,95
4429.jpg,261,181
1281.jpg,315,444
3381.jpg,211,301
2636.jpg,228,298
3328.jpg,223,458
6436.jpg,291,304
5018.jpg,298,223
7324.jpg,276,208
3795.jpg,234,413
2663.jpg,290,329
8282.jpg,298,271
1282.jpg,236,168
4148.jpg,246,140
1362.jpg,327,350
1437.jpg,319,396
9628.jpg,216,281
3441.jpg,254,73
56.jpg,277,289
4597.jpg,235,69
8479.jpg,290,469
5365.jpg,288,261
1844.jpg,208,373
5515.jpg,268,129
8573.jpg,288,488
6263.jpg,330,455
2880.jpg,291,291
1743.jpg,326,431
8398.jpg,267,140
4169.jpg,255,81
5197.jpg,258,131
8993.jpg,320,206
740.jpg,277,179
9066.jpg,247,189
1624.jpg,269,368
524.jpg,204,203
7999.jpg,210,226
4419.jpg,320,420
5426.jpg,269,226
6689.jpg,276,328
7382.jpg,265,106
435.jpg,295,338
2960.jpg,300,403
308.jpg,296,183
1565.jpg,202,312
2631.jpg,274,321
5597.jpg,216,405
9477.jpg,230,490
401.jpg,259,483
3826.jpg,213,343
881.jpg,320,307
3997.jpg,258,159
7118.jpg,329,98
3265.jpg,278,61
8406.jpg,249,198
5009.jpg,302,84
5736.jpg,275,483
5554.jpg,274,155
288.jpg,291,234
5564.jpg,309,74
8324.jpg,283,202
2623.jpg,215,314
8859.jpg,231,63
476.jpg,235,309
8591.jpg,221,421
9713.jpg,224,211
6522.jpg,223,219
3111.jpg,256,267
9470.jpg,271,199
737.jpg,283,296
3133.jpg,279,59
8047.jpg,212,479
6551.jpg,306,81
5407.jpg,300,165
5563.jpg,275,448
5328.jpg,275,71
6718.jpg,292,134
5118.jpg,257,459
4619.jpg,237,111
3689.jpg,323,185
7716.jpg,254,452
1839.jpg,303,206
1995.jpg,255,234
2399.jpg,250,298
6510.jpg,238,195
9356.jpg,292,435
4119.jpg,258,283
5894.jpg,277,173
800.jpg,316,112
8423.jpg,294,68
7680.jpg,231,356
1405.jpg,219,272
5431.jpg,276,231
69.jpg,262,193
9543.jpg,317,353
2759.jpg,228,156
8294.jpg,324,104
1586.jpg,330,120
6666.jpg,216,378
8014.jpg,201,444
1074.jpg,269,309
3063.jpg,256,479
6487.jpg,239,109
4705.jpg,289,112
9069.jpg,258,251
2603.jpg,290,400
7738.jpg,253,220
1579.jpg,223,385
5058.jpg,240,136
5753.jpg,207,322
3548.jpg,276,343
409.jpg,294,384
4097.jpg,244,305
6461.jpg,204,169
5601.jpg,284,168
5231.jpg,324,76
3777.jpg,323,155
2726.jpg,215,140
477.jpg,327,340
1329.jpg,221,217
4035.jpg,233,298
9642.jpg,219,101
1777.jpg,294,71
6096.jpg,310,389
751.jpg,267,459
5792.jpg,231,182
4060.jpg,254,232
9041.jpg,239,363
6030.jpg,240,230
5898.jpg,219,496
9338.jpg,325,313
9160.jpg,249,343
9996.jpg,280,103
5151.jpg,301,109
468.jpg,329,438
1545.jpg,326,479
6311.jpg,269,94
2683.jpg,271,243
8966.jpg,218,169
6181.jpg,204,136
1025.jpg,222,270
5112.jpg,285,241
8562.jpg,278,99
5368.jpg,297,191
2354.jpg,202,104
7278.jpg,228,101
3602.jpg,237,347
773.jpg,245,170
6773.jpg,201,74
8809.jpg,202,361
3382.jpg,244,147
641.jpg,261,314
4233.jpg,301,181
3815.jpg,317,399
4104.jpg,262,125
9925.jpg,288,61
1108.jpg,205,407
3527.jpg,299,431
3495.jpg,316,196
1420.jpg,202,114
6923.jpg,328,274
3881.jpg,272,463
8353.jpg,294,224
6245.jpg,303,186
4938.jpg,201,144
6798.jpg,210,85
7812.jpg,327,164
1680.jpg,253,226
6715.jpg,229,487
633.jpg,207,94
2569.jpg,279,272
7359.jpg,282,317
2166.jpg,252,248
8169.jpg,275,292
8845.jpg,314,148
2825.jpg,303,281
4087.jpg,222,317
6243.jpg,313,241
8364.jpg,274,282
3941.jpg,203,392
9179.jpg,307,309
8075.jpg,203,378
9195.jpg,255,203
4128.jpg,232,319
1172.jpg,286,132
8668.jpg,285,430
4222.jpg,301,120
4834.jpg,254,295
2576.jpg,272,70
1989.jpg,252,347
6973.jpg,266,443
5836.jpg,318,452
4532.jpg,219,343
3209.jpg,304,467
3855.jpg,225,313
2628.jpg,317,349
7803.jpg,267,363
1410.jpg,205,443
8257.jpg,226,234
7386.jpg,258,59
4303.jpg,233,356
6750.jpg,256,471
6555.jpg,237,282
815.jpg,295,426
2404.jpg,284,176
5397.jpg,250,404
9956.jpg,304,443
2131.jpg,323,430
1797.jpg,271,420
3090.jpg,318,57
4184.jpg,216,500
4564.jpg,221,292
5030.jpg,204,286
8048.jpg,210,275
122.jpg,213,257
179.jpg,236,474
9250.jpg,313,185
8095.jpg,263,220
6429.jpg,299,391
9737.jpg,296,194
4992.jpg,263,80
1157.jpg,300,376
9003.jpg,217,333
1532.jpg,309,80
8992.jpg,206,476
7859.jpg,307,313
9110.jpg,249,268
1535.jpg,254,443
9259.jpg,203,264
5517.jpg,324,399
2605.jpg,245,240
6127.jpg,328,69
9141.jpg,293,91
7458.jpg,276,249
2177.jpg,217,357
7990.jpg,312,82
2351.jpg,204,90
9177.jpg,214,300
3502.jpg,308,126
2134.jpg,313,80
1480.jpg,328,500
2793.jpg,201,465
4843.jpg,235,475
9780.jpg,325,98
9934.jpg,226,177
4762.jpg,268,340
7191.jpg,299,83
6041.jpg,315,238
9636.jpg,321,406
3445.jpg,264,264
8149.jpg,262,80
7765.jpg,257,360
3620.jpg,244,295
1952.jpg,217,295
555.jpg,205,130
4264.jpg,327,232
1163.jpg,291,194
1584.jpg,310,481
6151.jpg,281,470
9720.jpg,315,382
5837.jpg,302,344
5261.jpg,309,475
5239.jpg,307,208
7913.jpg,245,257
9162.jpg,225,336
1598.jpg,318,233
7182.jpg,305,256
300.jpg,241,258
9660.jpg,213,348
6947.jpg,319,424
3794.jpg,312,92
4572.jpg,272,447
4335.jpg,294,129
2858.jpg,279,233
5694.jpg,282,224
3142.jpg,307,383
1359.jpg,306,354
4533.jpg,311,56
9749.jpg,277,388
5687.jpg,217,291
486.jpg,241,154
7836.jpg,309,348
9554.jpg,259,72
5900.jpg,292,107
8116.jpg,216,469
7362.jpg,288,68
1152.jpg,300,307
5382.jpg,276,286
9741.jpg,240,288
5424.jpg,242,435
8807.jpg,261,131
5186.jpg,275,306
8409.jpg,288,410
6189.jpg,261,368
9702.jpg,323,109
8269.jpg,273,163
5314.jpg,304,467
9903.jpg,306,222
665.jpg,254,385
3353.jpg,329,134
8851.jpg,300,286
8061.jpg,257,242
642.jpg,211,344
9242.jpg,217,317
176.jpg,294,89
6431.jpg,268,487
9910.jpg,246,214
3438.jpg,255,467
786.jpg,254,124
6391.jpg,319,451
9065.jpg,316,292
9927.jpg,218,151
3202.jpg,286,195
4803.jpg,320,83
7835.jpg,213,418
7940.jpg,235,446
91.jpg,260,299
5762.jpg,261,282
9027.jpg,203,315
9504.jpg,317,205
8237.jpg,221,373
1971.jpg,332,503
2905.jpg,317,202
530.jpg,285,63
3635.jpg,221,280
996.jpg,297,307
5852.jpg,329,269
4226.jpg,234,364
5616.jpg,221,362
2312.jpg,215,401
2154.jpg,317,293
5317.jpg,225,323
1427.jpg,209,360
8630.jpg,290,437
6032.jpg,288,88
4415.jpg,225,82
8818.jpg,293,243
3085.jpg,293,448
7798.jpg,294,381
9153.jpg,261,426
8209.jpg,209,282
9573.jpg,297,171
9534.jpg,296,185
495.jpg,258,171
3749.jpg,217,262
2321.jpg,316,493
4267.jpg,241,306
3405.jpg,279,313
151.jpg,304,295
7369.jpg,258,270
694.jpg,287,275
4417.jpg,317,207
5697.jpg,231,356
1738.jpg,229,466
3001.jpg,267,239
167.jpg,290,321
6111.jpg,282,104
4622.jpg,204,186
2865.jpg,260,475
8544.jpg,223,349
4702.jpg,215,225
2883.jpg,300,121
3031.jpg,328,135
8183.jpg,327,152
8980.jpg,320,350
8528.jpg,229,330
5681.jpg,211,379
7209.jpg,207,342
5991.jpg,267,200
2276.jpg,218,152
7132.jpg,301,429
5705.jpg,261,482
7998.jpg,236,190
5292.jpg,229,280
4304.jpg,288,265
7445.jpg,234,237
428.jpg,276,327
7068.jpg,265,378
6364.jpg,222,380
4215.jpg,227,497
426.jpg,280,125
2223.jpg,300,306
100.jpg,258,351
9244.jpg,211,370
3307.jpg,247,183
2762.jpg,283,483
5857.jpg,301,313
4738.jpg,230,127
7092.jpg,208,378
9632.jpg,216,381
3286.jpg,204,347
7712.jpg,255,208
7868.jpg,205,392
6067.jpg,257,191
9235.jpg,275,358
3577.jpg,209,109
1465.jpg,261,75
7675.jpg,201,107
2234.jpg,301,113
1744.jpg,285,372
9754.jpg,218,467
6094.jpg,321,183
8781.jpg,238,299
9401.jpg,317,99
8371.jpg,310,132
5027.jpg,248,177
9234.jpg,315,475
3944.jpg,234,306
6862.jpg,210,331
5350.jpg,237,293
9422.jpg,249,57
2121.jpg,309,322
4972.jpg,242,242
8576.jpg,324,107
3784.jpg,309,477
6872.jpg,267,63
916.jpg,332,507
9394.jpg,221,149
7252.jpg,297,87
8012.jpg,280,245
5821.jpg,273,370
4403.jpg,326,291
4863.jpg,290,178
8515.jpg,295,140
5422.jpg,213,184
7733.jpg,277,164
1203.jpg,325,433
3768.jpg,298,70
5357.jpg,270,328
3852.jpg,219,233
1926.jpg,296,360
3114.jpg,286,301
2641.jpg,230,358
7639.jpg,323,293
7360.jpg,293,398
8182.jpg,311,327
7610.jpg,306,443
2728.jpg,324,327
9597.jpg,217,254
4985.jpg,232,305
6846.jpg,318,478
7698.jpg,237,247
4012.jpg,309,149
2626.jpg,325,394
7238.jpg,237,207
8255.jpg,283,164
9565.jpg,204,423
805.jpg,209,333
4634.jpg,299,237
5247.jpg,307,476
5566.jpg,247,354
5739.jpg,227,279
5143.jpg,204,263
8265.jpg,317,191
4459.jpg,280,59
1242.jpg,308,160
6945.jpg,298,68
5740.jpg,264,462
5325.jpg,312,106
547.jpg,261,359
3022.jpg,323,416
5761.jpg,234,452
4031.jpg,210,96
26.jpg,274,233
4952.jpg,204,310
5152.jpg,327,381
2508.jpg,275,385
1433.jpg,322,194
2582.jpg,286,175
1302.jpg,290,208
5812.jpg,252,323
7349.jpg,294,338
5281.jpg,246,344
6114.jpg,248,244
1221.jpg,255,435
7435.jpg,260,311
2548.jpg,258,200
750.jpg,218,260
437.jpg,268,202
4371.jpg,325,332
4448.jpg,226,352
2847.jpg,262,388
1173.jpg,205,325
7495.jpg,236,369
2699.jpg,206,77
9888.jpg,199,449
9506.jpg,286,373
6395.jpg,247,424
2481.jpg,317,277
5456.jpg,206,295
8444.jpg,245,488
2706.jpg,300,235
4661.jpg,323,373
326.jpg,207,285
1039.jpg,268,137
2637.jpg,231,356
5022.jpg,298,238
2499.jpg,283,166
1004.jpg,310,384
2861.jpg,233,287
3233.jpg,228,219
1870.jpg,214,327
4245.jpg,238,493
6927.jpg,282,222
8385.jpg,229,88
534.jpg,219,206
9827.jpg,286,499
7148.jpg,266,76
7365.jpg,261,82
585.jpg,200,468
9914.jpg,207,424
3035.jpg,232,102
4428.jpg,315,163
4089.jpg,238,476
1703.jpg,212,217
4295.jpg,276,143
5719.jpg,302,489
491.jpg,281,329
6899.jpg,323,462
4353.jpg,308,284
2836.jpg,247,114
2266.jpg,325,224
7718.jpg,217,128
9523.jpg,223,377
8022.jpg,239,408
4707.jpg,212,288
9843.jpg,253,414
2900.jpg,281,191
9618.jpg,323,485
2944.jpg,311,419
1916.jpg,258,316
3185.jpg,229,217
8626.jpg,249,181
9434.jpg,268,165
7255.jpg,276,195
4246.jpg,289,68
8615.jpg,326,411
5146.jpg,290,363
8565.jpg,227,349
2518.jpg,278,159
397.jpg,293,254
1317.jpg,329,110
4560.jpg,320,160
121.jpg,315,107
2449.jpg,307,98
8855.jpg,324,47
8108.jpg,203,87
1566.jpg,267,78
1984.jpg,327,473
4333.jpg,270,404
7910.jpg,258,323
9286.jpg,297,76
3918.jpg,254,478
2173.jpg,317,493
3283.jpg,214,170
8495.jpg,248,470
8584.jpg,307,294
2333.jpg,272,169
573.jpg,225,445
3660.jpg,211,191
9075.jpg,300,494
981.jpg,297,306
9370.jpg,221,473
1407.jpg,228,142
535.jpg,325,176
4315.jpg,275,220
4598.jpg,222,499
8622.jpg,318,312
8758.jpg,234,230
1434.jpg,280,195
6994.jpg,210,318
2579.jpg,220,303
9403.jpg,302,201
3269.jpg,303,204
9553.jpg,304,349
3838.jpg,293,310
1867.jpg,318,425
1454.jpg,203,221
1786.jpg,312,366
9912.jpg,227,396
7095.jpg,266,135
2521.jpg,308,409
4439.jpg,317,338
1820.jpg,327,200
5615.jpg,244,443
2929.jpg,217,307
51.jpg,211,325
4726.jpg,304,66
5716.jpg,202,226
5465.jpg,297,220
469.jpg,207,259
2629.jpg,207,228
6513.jpg,202,183
7467.jpg,271,98
3945.jpg,221,388
6204.jpg,261,390
4262.jpg,202,217
1858.jpg,232,184
9532.jpg,269,229
865.jpg,211,288
6390.jpg,207,116
7212.jpg,275,220
4921.jpg,225,278
8101.jpg,324,188
4792.jpg,290,68
8854.jpg,317,72
6250.jpg,234,469
5936.jpg,324,219
425.jpg,241,298
188.jpg,202,344
5629.jpg,324,259
4359.jpg,329,249
228.jpg,216,485
7757.jpg,207,304
7677.jpg,292,336
2741.jpg,233,148
1041.jpg,303,488
4075.jpg,279,99
9140.jpg,323,382
6118.jpg,277,63
6902.jpg,272,292
471.jpg,324,182
2921.jpg,286,322
1905.jpg,256,338
8876.jpg,285,114
801.jpg,298,314
1487.jpg,296,110
8441.jpg,226,399
227.jpg,232,141
7890.jpg,304,202
1128.jpg,211,348
5070.jpg,247,186
9166.jpg,297,83
2208.jpg,303,114
7993.jpg,322,295
9842.jpg,213,113
6559.jpg,268,499
9921.jpg,248,156
3153.jpg,237,277
4441.jpg,307,247
7505.jpg,321,202
8957.jpg,321,89
6215.jpg,233,220
9598.jpg,314,430
2144.jpg,274,148
7411.jpg,220,190
8929.jpg,269,318
2374.jpg,236,342
2577.jpg,218,363
1632.jpg,210,441
4832.jpg,238,72
2298.jpg,307,203
5033.jpg,274,418
156.jpg,207,196
8046.jpg,229,348
6706.jpg,317,454
3349.jpg,204,400
2879.jpg,293,466
3413.jpg,292,437
7768.jpg,328,446
4189.jpg,204,112
9610.jpg,279,487
9734.jpg,272,362
7251.jpg,204,277
7613.jpg,284,485
6919.jpg,310,132
9681.jpg,307,87
9671.jpg,298,223
4794.jpg,308,135
5654.jpg,266,361
2495.jpg,227,422
7304.jpg,279,456
2372.jpg,291,387
4091.jpg,298,223
9471.jpg,258,180
3461.jpg,321,294
7006.jpg,271,478
5391.jpg,233,271
7172.jpg,251,132
5696.jpg,302,226
5664.jpg,287,474
4503.jpg,258,113
2550.jpg,209,465
4715.jpg,310,240
847.jpg,322,328
3344.jpg,294,481
938.jpg,301,91
4825.jpg,205,295
9693.jpg,309,134
8863.jpg,322,346
8610.jpg,298,205
5354.jpg,233,216
5477.jpg,287,337
9723.jpg,286,442
756.jpg,290,215
4750.jpg,318,86
2644.jpg,319,418
4162.jpg,271,450
8648.jpg,314,334
3165.jpg,315,181
6497.jpg,278,151
5987.jpg,237,274
3873.jpg,310,243
7751.jpg,329,363
6523.jpg,241,283
3418.jpg,259,277
9904.jpg,213,143
2061.jpg,268,333
549.jpg,318,164
4453.jpg,258,286
2812.jpg,323,361
8777.jpg,222,413
8995.jpg,258,100
2549.jpg,318,300
6069.jpg,206,473
3169.jpg,320,353
7054.jpg,255,464
4828.jpg,210,378
9570.jpg,208,261
1259.jpg,322,312
8712.jpg,285,463
3661.jpg,211,482
7922.jpg,323,60
1024.jpg,315,152
4965.jpg,206,166
752.jpg,215,96
3942.jpg,233,276
3710.jpg,258,138
9960.jpg,307,96
1951.jpg,254,412
6314.jpg,264,142
351.jpg,244,80
1511.jpg,278,167
4829.jpg,252,283
9616.jpg,205,383
3746.jpg,299,307
5799.jpg,247,151
701.jpg,310,422
3693.jpg,255,247
4614.jpg,303,181
7213.jpg,268,200
561.jpg,224,334
2318.jpg,317,107
3098.jpg,231,53
4838.jpg,325,95
3150.jpg,322,159
5608.jpg,220,288
4299.jpg,203,316
4618.jpg,255,224
4074.jpg,220,412
3994.jpg,232,177
6373.jpg,262,261
6167.jpg,304,304
1047.jpg,203,454
2939.jpg,264,484
1808.jpg,265,295
3166.jpg,290,371
414.jpg,306,279
1340.jpg,308,282
9371.jpg,204,498
7740.jpg,326,240
5060.jpg,245,203
4633.jpg,306,388
4609.jpg,239,316
7366.jpg,250,239
1469.jpg,283,296
1710.jpg,315,223
6270.jpg,241,335
8732.jpg,271,98
2271.jpg,223,232
1583.jpg,306,105
1412.jpg,283,485
4111.jpg,212,402
7652.jpg,230,312
6693.jpg,224,462
1722.jpg,322,272
2024.jpg,206,133
2212.jpg,238,178
1507.jpg,264,412
2622.jpg,261,361
5290.jpg,312,242
9128.jpg,200,466
1321.jpg,275,349
842.jpg,234,135
1146.jpg,276,399
3624.jpg,302,159
4280.jpg,228,312
9010.jpg,235,126
8986.jpg,300,401
4681.jpg,286,414
463.jpg,291,406
1754.jpg,246,280
3936.jpg,206,194
7933.jpg,303,120
9460.jpg,241,483
4401.jpg,253,462
4700.jpg,230,328
8991.jpg,201,94
378.jpg,265,183
3106.jpg,314,265
8215.jpg,251,194
1335.jpg,296,454
1223.jpg,244,169
3848.jpg,245,276
2716.jpg,229,268
6837.jpg,223,361
2952.jpg,280,338
1350.jpg,246,177
1082.jpg,283,178
6453.jpg,276,127
1811.jpg,287,500
4121.jpg,297,414
1351.jpg,266,143
7817.jpg,295,477
8796.jpg,317,95
1894.jpg,291,361
6639.jpg,215,261
565.jpg,284,456
3903.jpg,230,111
7100.jpg,285,238
3673.jpg,266,431
4366.jpg,296,456
7545.jpg,295,64
1212.jpg,324,473
1189.jpg,324,273
3955.jpg,311,104
898.jpg,288,313
4786.jpg,304,387
8092.jpg,215,425
4602.jpg,329,420
8896.jpg,239,279
3454.jpg,294,73
3609.jpg,230,91
8157.jpg,326,376
8765.jpg,299,390
9677.jpg,279,104
7572.jpg,289,280
3909.jpg,308,479
4028.jpg,220,474
3931.jpg,292,60
2332.jpg,324,479
7302.jpg,223,424
2262.jpg,293,202
9260.jpg,325,426
5781.jpg,253,106
2595.jpg,258,272
7200.jpg,237,78
3593.jpg,294,380
5216.jpg,209,425
1030.jpg,245,498
7433.jpg,268,184
7877.jpg,204,196
8823.jpg,322,431
8236.jpg,305,186
5733.jpg,203,268
5378.jpg,257,162
7762.jpg,213,130
1755.jpg,320,163
7355.jpg,314,413
4161.jpg,280,422
231.jpg,263,113
8104.jpg,293,422
110.jpg,259,445
5457.jpg,245,296
6708.jpg,295,339
2514.jpg,220,196
5961.jpg,250,210
4279.jpg,211,391
4720.jpg,301,130
2917.jpg,312,383
9390.jpg,223,333
2992.jpg,299,502
2317.jpg,285,479
4847.jpg,278,470
4292.jpg,270,355
6991.jpg,239,107
1515.jpg,292,109
216.jpg,287,303
9213.jpg,248,242
9061.jpg,279,457
8417.jpg,320,127
2263.jpg,277,430
5326.jpg,297,499
6840.jpg,323,465
8498.jpg,232,165
6010.jpg,251,343
893.jpg,294,234
1490.jpg,225,60
3003.jpg,261,76
1850.jpg,284,378
5199.jpg,220,200
6380.jpg,323,367
324.jpg,235,106
1215.jpg,314,336
2899.jpg,308,290
2933.jpg,226,100
3658.jpg,320,98
8678.jpg,273,483
6673.jpg,273,350
7972.jpg,257,358
8586.jpg,315,328
6169.jpg,272,173
9724.jpg,327,216
1129.jpg,248,250
8856.jpg,318,464
2918.jpg,298,306
3902.jpg,265,257
7947.jpg,253,182
9097.jpg,209,364
3827.jpg,264,311
4923.jpg,251,154
208.jpg,279,354
3254.jpg,323,221
2795.jpg,296,319
5106.jpg,202,364
9011.jpg,314,427
798.jpg,250,70
9105.jpg,257,212
734.jpg,321,174
2244.jpg,217,303
178.jpg,210,259
5830.jpg,246,428
7008.jpg,234,381
1174.jpg,251,173
6642.jpg,277,250
5848.jpg,208,483
1831.jpg,315,409
7995.jpg,265,136
9279.jpg,287,121
7897.jpg,328,228
8597.jpg,272,166
8522.jpg,246,482
198.jpg,226,364
7928.jpg,203,248
7076.jpg,306,125
9284.jpg,315,291
1097.jpg,267,113
548.jpg,243,296
6908.jpg,327,430
8229.jpg,304,91
4706.jpg,293,398
6912.jpg,229,83
3369.jpg,205,456
7583.jpg,246,481
2532.jpg,326,90
4055.jpg,297,115
2314.jpg,313,344
6653.jpg,308,432
6885.jpg,262,195
5937.jpg,226,415
2815.jpg,210,187
3437.jpg,269,263
3880.jpg,270,74
4157.jpg,265,244
66.jpg,287,384
7866.jpg,269,466
616.jpg,212,329
1118.jpg,252,467
3260.jpg,260,425
3401.jpg,311,417
3692.jpg,317,198
937.jpg,278,253
6604.jpg,255,363
2572.jpg,230,217
7536.jpg,270,147
6324.jpg,317,339
622.jpg,288,406
1681.jpg,300,414
2126.jpg,313,110
787.jpg,268,288
3332.jpg,253,245
7236.jpg,277,170
1092.jpg,301,266
9103.jpg,287,178
5020.jpg,280,265
9353.jpg,293,493
5944.jpg,240,433
3280.jpg,290,453
8186.jpg,277,287
2201.jpg,284,284
1160.jpg,321,167
5581.jpg,206,282
3592.jpg,277,77
3952.jpg,203,58
9691.jpg,230,217
6247.jpg,325,328
4153.jpg,280,251
478.jpg,282,227
1352.jpg,278,149
4309.jpg,266,315
5698.jpg,317,179
2647.jpg,246,501
8460.jpg,274,100
8198.jpg,327,167
7689.jpg,326,334
9257.jpg,234,390
2589.jpg,257,199
1033.jpg,281,103
4686.jpg,228,428
5011.jpg,207,163
2598.jpg,229,158
5819.jpg,239,143
4608.jpg,253,490
8470.jpg,320,100
9040.jpg,267,260
7450.jpg,322,102
4671.jpg,206,406
5583.jpg,235,121
3717.jpg,318,76
9327.jpg,227,189
3928.jpg,314,355
3617.jpg,241,143
1425.jpg,210,178
9378.jpg,269,299
2919.jpg,316,342
3819.jpg,296,185
1871.jpg,236,230
5487.jpg,256,129
480.jpg,312,180
5972.jpg,202,408
9600.jpg,206,306
2888.jpg,265,397
6686.jpg,228,140
6315.jpg,297,359
527.jpg,229,209
4129.jpg,286,464
722.jpg,283,82
5120.jpg,249,432
4722.jpg,235,190
220.jpg,308,105
9188.jpg,227,420
1935.jpg,320,221
344.jpg,270,415
8332.jpg,280,424
9674.jpg,308,335
4483.jpg,273,101
9706.jpg,276,480
8486.jpg,214,457
9216.jpg,255,125
6903.jpg,293,310
9154.jpg,284,216
5960.jpg,214,315
7034.jpg,307,200
6051.jpg,300,264
2391.jpg,319,174
7181.jpg,276,429
4328.jpg,297,319
6452.jpg,305,257
1983.jpg,304,454
8246.jpg,231,158
1554.jpg,203,356
4850.jpg,324,370
9095.jpg,256,313
9922.jpg,309,466
7532.jpg,212,187
6853.jpg,262,252
4641.jpg,315,462
2881.jpg,282,162
1677.jpg,268,340
4885.jpg,291,303
1964.jpg,290,181
901.jpg,243,83
7130.jpg,276,390
3068.jpg,308,121
2296.jpg,217,373
6237.jpg,212,124
5862.jpg,305,433
296.jpg,326,274
8778.jpg,218,263
57.jpg,243,222
7242.jpg,296,344
4385.jpg,279,335
2984.jpg,306,386
27.jpg,294,472
4407.jpg,247,317
9877.jpg,306,344
2676.jpg,273,70
8545.jpg,291,438
5262.jpg,303,301
5841.jpg,302,314
7021.jpg,214,457
3248.jpg,295,137
5667.jpg,295,466
3884.jpg,264,236
7663.jpg,230,330
295.jpg,302,229
3161.jpg,212,463
2580.jpg,220,91
3870.jpg,209,234
9210.jpg,327,82
4404.jpg,285,462
6952.jpg,316,483
648.jpg,305,398
1370.jpg,225,443
9855.jpg,250,201
6992.jpg,326,331
5532.jpg,204,96
9620.jpg,313,368
5708.jpg,319,103
4209.jpg,288,109
681.jpg,262,462
434.jpg,304,339
9309.jpg,271,345
4824.jpg,292,205
9761.jpg,221,480
3159.jpg,221,431
1489.jpg,324,95
2987.jpg,260,254
812.jpg,240,100
1882.jpg,292,482
9267.jpg,279,425
4936.jpg,205,329
9935.jpg,287,451
1940.jpg,292,367
3296.jpg,261,125
3534.jpg,246,267
4525.jpg,264,179
3729.jpg,277,404
7015.jpg,254,464
1612.jpg,236,249
1181.jpg,292,93
1375.jpg,267,426
9224.jpg,253,495
3946.jpg,276,346
7210.jpg,251,375
5211.jpg,278,103
63.jpg,266,246
626.jpg,283,362
4421.jpg,260,363
1669.jpg,290,349
2112.jpg,264,168
5804.jpg,296,476
9763.jpg,230,204
4032.jpg,275,383
6545.jpg,274,119
7948.jpg,270,209
84.jpg,311,201
9180.jpg,304,263
1462.jpg,320,198
2283.jpg,274,430
2887.jpg,319,218
5834.jpg,295,203
684.jpg,239,256
4469.jpg,306,504
418.jpg,256,397
5228.jpg,257,279
4253.jpg,251,209
2709.jpg,260,484
2357.jpg,231,146
8059.jpg,307,454
1366.jpg,325,471
6277.jpg,326,352
3916.jpg,222,410
293.jpg,256,375
2639.jpg,214,87
9458.jpg,323,182
1506.jpg,278,295
9037.jpg,277,134
7393.jpg,320,451
1634.jpg,286,300
2457.jpg,313,313
9891.jpg,304,156
5558.jpg,325,230
9751.jpg,284,322
2300.jpg,286,206
4537.jpg,327,454
2938.jpg,318,234
1563.jpg,206,130
5689.jpg,290,246
8658.jpg,274,242
7517.jpg,302,296
1979.jpg,294,474
1883.jpg,284,365
3803.jpg,236,181
438.jpg,316,223
4635.jpg,232,151
4528.jpg,277,147
4332.jpg,328,106
3573.jpg,205,378
8741.jpg,297,491
8911.jpg,295,274
4817.jpg,287,394
6435.jpg,288,342
2986.jpg,219,480
7838.jpg,282,400
704.jpg,287,170
2280.jpg,287,341
8734.jpg,305,349
4147.jpg,234,350
5412.jpg,316,131
373.jpg,320,502
6405.jpg,330,398
9223.jpg,312,176
2585.jpg,238,131
1332.jpg,217,448
9572.jpg,214,406
5282.jpg,213,342
9131.jpg,321,352
8315.jpg,250,476
9809.jpg,231,455
1784.jpg,243,243
3182.jpg,233,218
494.jpg,224,233
7363.jpg,256,361
2860.jpg,279,188
7929.jpg,224,243
4041.jpg,258,279
7178.jpg,289,230
2897.jpg,271,104
366.jpg,255,160
849.jpg,311,243
7440.jpg,284,409
9454.jpg,268,254
4301.jpg,214,263
2653.jpg,262,119
3503.jpg,270,254
1541.jpg,294,346
4165.jpg,319,332
8866.jpg,215,190
322.jpg,303,239
2031.jpg,249,122
813.jpg,226,361
8939.jpg,311,237
9375.jpg,250,477
1079.jpg,274,106
2226.jpg,217,355
9136.jpg,235,136
9531.jpg,328,418
2705.jpg,231,295
6824.jpg,209,500
7556.jpg,269,194
1164.jpg,246,373
3261.jpg,213,195
4687.jpg,271,69
1450.jpg,313,123
3862.jpg,271,481
6103.jpg,282,374
9215.jpg,244,183
7120.jpg,330,478
6398.jpg,224,426
9588.jpg,224,186
6214.jpg,244,174
9645.jpg,265,202
5336.jpg,256,210
4056.jpg,261,204
9511.jpg,209,389
2999.jpg,209,295
9024.jpg,323,93
1231.jpg,248,136
1514.jpg,199,452
2313.jpg,227,278
1451.jpg,230,151
5267.jpg,252,142
6131.jpg,308,79
8531.jpg,207,392
6464.jpg,303,499
838.jpg,302,211
9915.jpg,241,424
8261.jpg,210,501
6414.jpg,279,151
8504.jpg,216,255
3567.jpg,278,161
9264.jpg,251,219
3087.jpg,224,379
8643.jpg,276,340
1714.jpg,303,334
339.jpg,239,297
9563.jpg,216,416
5942.jpg,289,185
9869.jpg,227,147
8102.jpg,215,360
8488.jpg,281,173
588.jpg,264,66
3365.jpg,261,329
2670.jpg,273,237
3589.jpg,290,239
34.jpg,241,120
28.jpg,281,474
8553.jpg,249,493
8117.jpg,248,255
2170.jpg,243,234
8377.jpg,320,476
5620.jpg,214,83
889.jpg,295,335
6489.jpg,320,328
3322.jpg,222,148
9396.jpg,212,336
3514.jpg,217,116
4420.jpg,292,320
8351.jpg,319,336
5361.jpg,328,80
3733.jpg,325,344
9463.jpg,224,69
7081.jpg,294,210
1654.jpg,302,473
5032.jpg,230,297
223.jpg,258,165
8625.jpg,288,430
6194.jpg,283,467
1590.jpg,212,426
5982.jpg,275,418
3256.jpg,264,467
6680.jpg,323,417
4770.jpg,259,375
2181.jpg,241,462
6803.jpg,324,249
4913.jpg,213,279
6786.jpg,268,393
4789.jpg,260,152
1209.jpg,306,436
421.jpg,293,120
8740.jpg,287,397
1706.jpg,238,248
1158.jpg,242,426
2306.jpg,270,150
273.jpg,273,146
171.jpg,216,334
3956.jpg,269,356
6696.jpg,237,340
3188.jpg,327,392
8132.jpg,216,355
4808.jpg,221,493
8083.jpg,239,490
1564.jpg,259,400
1782.jpg,319,227
843.jpg,256,262
9345.jpg,232,72
4461.jpg,271,443
904.jpg,231,384
5911.jpg,311,235
9950.jpg,298,399
9297.jpg,305,230
1547.jpg,235,412
2080.jpg,254,112
9881.jpg,249,267
3985.jpg,288,152
6389.jpg,225,188
7579.jpg,309,303
9245.jpg,316,192
6567.jpg,297,119
8206.jpg,284,265
3820.jpg,263,352
2646.jpg,215,291
4454.jpg,213,414
7159.jpg,273,66
8221.jpg,246,293
8596.jpg,250,268
9589.jpg,311,256
6071.jpg,308,142
2155.jpg,260,276
6712.jpg,250,302
3715.jpg,255,400
4057.jpg,309,420
5952.jpg,201,441
3102.jpg,229,318
558.jpg,215,87
4610.jpg,303,206
6978.jpg,245,287
1436.jpg,262,334
507.jpg,228,100
1869.jpg,218,292
755.jpg,290,135
5419.jpg,307,359
4050.jpg,287,134
8089.jpg,255,302
3836.jpg,245,422
2118.jpg,219,173
6152.jpg,218,133
7808.jpg,300,226
501.jpg,295,207
6259.jpg,275,130
9743.jpg,311,434
1539.jpg,238,262
6141.jpg,216,147
1211.jpg,244,345
9122.jpg,311,423
672.jpg,270,363
3377.jpg,246,71
8783.jpg,212,161
1464.jpg,291,305
1192.jpg,257,233
6984.jpg,211,94
1872.jpg,318,401
3590.jpg,249,266
6726.jpg,235,80
505.jpg,209,109
8118.jpg,319,295
506.jpg,251,73
9449.jpg,267,132
7131.jpg,226,305
4807.jpg,275,272
7303.jpg,258,69
1773.jpg,248,460
6854.jpg,206,357
4906.jpg,239,202
797.jpg,279,251
8785.jpg,211,345
7070.jpg,266,353
2829.jpg,233,78
9319.jpg,309,442
8737.jpg,237,270
312.jpg,276,257
746.jpg,216,390
3569.jpg,227,333
790.jpg,238,106
2476.jpg,312,253
9325.jpg,272,465
2570.jpg,245,221
5286.jpg,261,205
5215.jpg,241,328
2163.jpg,323,420
6577.jpg,239,398
8449.jpg,234,289
380.jpg,219,426
8508.jpg,254,195
1292.jpg,291,224
1912.jpg,254,481
599.jpg,308,310
3892.jpg,230,217
4141.jpg,236,460
1652.jpg,264,100
5224.jpg,223,127
1893.jpg,251,261
1944.jpg,318,360
3395.jpg,307,426
5479.jpg,221,331
9769.jpg,265,279
375.jpg,270,441
1966.jpg,324,229
3957.jpg,202,221
7135.jpg,280,111
7478.jpg,226,434
4505.jpg,250,125
9580.jpg,202,456
5288.jpg,327,156
1471.jpg,259,464
3346.jpg,226,209
6253.jpg,203,200
2853.jpg,281,124
8988.jpg,302,316
9775.jpg,261,407
6459.jpg,221,239
4062.jpg,258,443
5863.jpg,315,342
4306.jpg,217,439
4877.jpg,316,493
7249.jpg,279,345
5273.jpg,280,372
3990.jpg,315,197
1049.jpg,296,302
6175.jpg,242,74
6926.jpg,247,416
7864.jpg,229,223
2035.jpg,315,129
4039.jpg,319,153
6875.jpg,302,273
9354.jpg,295,271
1972.jpg,253,141
5072.jpg,227,495
2099.jpg,263,464
1499.jpg,261,462
9612.jpg,324,212
652.jpg,269,270
170.jpg,259,72
4085.jpg,295,249
242.jpg,302,277
5710.jpg,216,324
6972.jpg,261,81
2756.jpg,213,163
6884.jpg,219,286
5446.jpg,323,64
2076.jpg,233,220
4103.jpg,200,110
9559.jpg,326,306
7571.jpg,228,395
9466.jpg,207,492
4894.jpg,258,342
6692.jpg,308,393
8054.jpg,329,177
5389.jpg,249,230
9373.jpg,211,218
8021.jpg,316,202
8604.jpg,267,294
4480.jpg,315,487
8326.jpg,296,200
4078.jpg,301,58
640.jpg,284,120
1270.jpg,220,386
2778.jpg,211,412
9497.jpg,269,121
3861.jpg,231,207
3480.jpg,281,199
1534.jpg,219,402
325.jpg,324,65
2338.jpg,229,377
3980.jpg,263,173
6877.jpg,215,156
4054.jpg,218,248
2237.jpg,265,140
7106.jpg,242,274
9668.jpg,215,337
4745.jpg,223,489
864.jpg,261,368
6203.jpg,284,456
5508.jpg,308,126
7429.jpg,235,419
371.jpg,251,239
6296.jpg,236,283
5551.jpg,284,324
5723.jpg,263,342
5899.jpg,220,472
9287.jpg,257,115
7871.jpg,249,251
2364.jpg,209,387
3213.jpg,271,477
911.jpg,257,403
9047.jpg,241,205
9790.jpg,236,236
7289.jpg,279,284
9958.jpg,304,429
6536.jpg,281,199
9192.jpg,243,266
1423.jpg,226,355
9807.jpg,312,390
479.jpg,213,247
662.jpg,248,431
4476.jpg,280,101
8982.jpg,253,358
8077.jpg,301,332
2988.jpg,206,74
1119.jpg,255,340
2776.jpg,267,225
9835.jpg,267,459
5003.jpg,206,190
6649.jpg,292,487
7254.jpg,318,277
4427.jpg,261,59
7431.jpg,254,312
3981.jpg,225,461
6351.jpg,247,274
2893.jpg,252,298
2669.jpg,268,412
3977.jpg,235,64
5259.jpg,293,88
279.jpg,270,214
6730.jpg,232,138
6104.jpg,291,343
7020.jpg,256,363
1694.jpg,275,118
8912.jpg,235,455
3479.jpg,206,225
4416.jpg,275,129
7592.jpg,235,430
6282.jpg,265,193
5603.jpg,319,92
8619.jpg,212,161
7780.jpg,218,461
4296.jpg,209,71
4593.jpg,255,341
4844.jpg,293,436
2209.jpg,303,357
7605.jpg,310,347
5501.jpg,254,60
184.jpg,326,366
4800.jpg,317,412
4845.jpg,241,290
2350.jpg,301,183
553.jpg,271,258
1397.jpg,231,263
1384.jpg,317,349
9182.jpg,220,366
9817.jpg,237,469
297.jpg,329,137
443.jpg,278,133
7338.jpg,299,212
2077.jpg,251,78
7815.jpg,303,349
2229.jpg,211,145
2842.jpg,270,362
2537.jpg,256,289
8145.jpg,284,458
9536.jpg,247,221
6443.jpg,217,152
3367.jpg,309,290
4486.jpg,318,131
2578.jpg,282,225
1131.jpg,228,166
4818.jpg,248,417
320.jpg,204,413
1371.jpg,316,317
4042.jpg,232,316
9125.jpg,303,313
5145.jpg,273,318
907.jpg,215,132
9426.jpg,300,203
3950.jpg,237,302
6145.jpg,329,338
8886.jpg,200,460
6695.jpg,242,431
4977.jpg,226,251
6092.jpg,319,384
8408.jpg,292,316
926.jpg,291,493
6143.jpg,247,326
15.jpg,212,454
143.jpg,248,288
2363.jpg,318,74
129.jpg,241,252
1161.jpg,298,145
7551.jpg,255,264
6129.jpg,316,441
4665.jpg,225,297
5660.jpg,301,343
6460.jpg,307,103
1876.jpg,279,275
2488.jpg,208,203
5327.jpg,277,425
9361.jpg,259,261
1182.jpg,226,384
6135.jpg,320,143
6377.jpg,233,235
1170.jpg,314,433
2182.jpg,282,244
3371.jpg,305,442
8040.jpg,239,412
1859.jpg,284,383
4860.jpg,218,177
9255.jpg,293,232
8345.jpg,234,346
7347.jpg,320,109
4864.jpg,236,502
9886.jpg,237,339
6388.jpg,242,435
3121.jpg,258,140
387.jpg,285,255
7785.jpg,306,490
1032.jpg,317,352
7852.jpg,251,108
5418.jpg,323,231
931.jpg,256,218
4019.jpg,326,386
691.jpg,261,286
5298.jpg,232,406
6658.jpg,199,461
829.jpg,287,402
3498.jpg,279,400
2081.jpg,319,122
9440.jpg,216,409
44.jpg,288,202
3939.jpg,271,240
5257.jpg,312,91
8437.jpg,296,306
4319.jpg,277,258
2965.jpg,294,326
3969.jpg,288,343
1187.jpg,268,235
284.jpg,252,431
8873.jpg,243,278
4159.jpg,242,138
3092.jpg,226,94
4556.jpg,239,165
4584.jpg,324,144
4323.jpg,307,365
5504.jpg,260,426
7074.jpg,295,96
3364.jpg,310,111
8025.jpg,314,321
3195.jpg,294,77
8810.jpg,208,165
969.jpg,258,414
3734.jpg,320,365
925.jpg,216,339
9496.jpg,267,465
6451.jpg,318,195
8797.jpg,284,191
2851.jpg,264,234
5180.jpg,204,410
6723.jpg,243,353
9322.jpg,244,429
7810.jpg,324,284
4471.jpg,308,145
5168.jpg,296,262
4348.jpg,321,75
7903.jpg,283,152
3626.jpg,248,350
1789.jpg,279,114
8293.jpg,292,168
2059.jpg,311,257
4013.jpg,292,201
1902.jpg,328,75
5573.jpg,281,80
6925.jpg,290,165
75.jpg,300,503
2345.jpg,310,332
5484.jpg,206,262
430.jpg,272,217
4586.jpg,213,249
8099.jpg,296,317
8457.jpg,315,105
8156.jpg,252,188
7893.jpg,239,221
1553.jpg,296,110
240.jpg,253,233
783.jpg,239,338
3066.jpg,268,446
977.jpg,214,486
2941.jpg,291,350
5377.jpg,275,327
4730.jpg,313,61
1620.jpg,222,387
2146.jpg,329,304
1801.jpg,278,316
2095.jpg,264,149
6074.jpg,327,302
5245.jpg,228,196
1357.jpg,289,299
8063.jpg,254,263
6050.jpg,221,122
8368.jpg,246,261
6017.jpg,286,278
9931.jpg,244,246
8769.jpg,240,212
7503.jpg,301,436
1609.jpg,209,195
3096.jpg,220,361
9771.jpg,257,424
2415.jpg,256,385
2017.jpg,312,479
6018.jpg,231,411
4125.jpg,240,384
9802.jpg,210,475
3246.jpg,216,494
124.jpg,247,200
6425.jpg,320,211
5308.jpg,301,102
7463.jpg,316,353
9157.jpg,242,246
3341.jpg,302,462
598.jpg,291,413
2123.jpg,289,168
9498.jpg,296,446
7685.jpg,205,324
7049.jpg,317,104
9661.jpg,215,378
2197.jpg,290,154
4051.jpg,300,100
6054.jpg,269,429
3362.jpg,217,159
6851.jpg,255,297
725.jpg,322,129
4934.jpg,326,136
978.jpg,315,185
808.jpg,291,328
9603.jpg,204,241
1475.jpg,290,343
5935.jpg,321,277
9036.jpg,282,307
7335.jpg,271,481
3962.jpg,231,429
6422.jpg,291,210
4905.jpg,283,164
1235.jpg,284,361
1225.jpg,226,492
8049.jpg,323,469
9278.jpg,204,66
8671.jpg,230,222
5229.jpg,302,198
6950.jpg,225,479
3217.jpg,273,156
287.jpg,313,183
5023.jpg,223,391
2966.jpg,323,168
3164.jpg,305,275
6003.jpg,217,227
8887.jpg,208,401
1657.jpg,289,455
1975.jpg,286,472
2397.jpg,218,501
452.jpg,241,297
8030.jpg,207,170
4696.jpg,215,152
3681.jpg,242,247
422.jpg,240,110
9725.jpg,206,436
657.jpg,327,476
3301.jpg,237,327
6394.jpg,316,325
2845.jpg,279,247
8291.jpg,291,484
7497.jpg,240,418
1001.jpg,207,53
4198.jpg,234,372
2418.jpg,237,354
7482.jpg,242,481
5706.jpg,331,77
3847.jpg,293,208
961.jpg,235,177
1580.jpg,237,116
5007.jpg,268,491
2206.jpg,288,405
6312.jpg,245,270
9562.jpg,286,282
4231.jpg,219,447
757.jpg,205,351
2284.jpg,212,202
6663.jpg,305,285
4755.jpg,203,342
8211.jpg,319,180
807.jpg,237,125
6575.jpg,316,483
7719.jpg,286,455
1956.jpg,237,138
2445.jpg,279,192
5875.jpg,267,73
8163.jpg,313,356
6138.jpg,311,285
2402.jpg,221,424
1073.jpg,257,289
6557.jpg,295,65
4240.jpg,302,302
8509.jpg,278,294
2091.jpg,253,367
4527.jpg,208,199
7202.jpg,303,384
6795.jpg,247,363
7237.jpg,271,356
7422.jpg,330,438
6849.jpg,313,387
6836.jpg,245,300
1003.jpg,250,175
9099.jpg,265,270
6562.jpg,312,149
5614.jpg,315,255
4651.jpg,228,150
5313.jpg,262,379
1485.jpg,227,135
7607.jpg,307,146
1411.jpg,208,504
9303.jpg,242,230
709.jpg,228,251
9806.jpg,249,282
8042.jpg,254,236
7211.jpg,215,191
3076.jpg,261,248
8314.jpg,206,282
4101.jpg,244,398
5114.jpg,316,157
2722.jpg,210,196
9359.jpg,266,315
1268.jpg,234,203
2462.jpg,218,388
5464.jpg,266,442
268.jpg,256,444
3580.jpg,329,435
5349.jpg,266,127
7290.jpg,256,332
5157.jpg,220,230
6601.jpg,293,378
2821.jpg,283,413
5807.jpg,215,88
589.jpg,322,443
5955.jpg,328,221
5254.jpg,201,425
6661.jpg,224,252
7656.jpg,324,115
8725.jpg,250,169
6896.jpg,260,170
7594.jpg,262,489
2028.jpg,291,435
6818.jpg,231,371
677.jpg,278,72
5763.jpg,212,342
1232.jpg,228,114
5296.jpg,264,207
7103.jpg,268,460
5034.jpg,235,183
5452.jpg,219,251
2432.jpg,257,259
6319.jpg,328,194
6119.jpg,282,460
9158.jpg,240,187
9953.jpg,324,496
896.jpg,226,261
1611.jpg,272,202
6474.jpg,327,458
7661.jpg,265,67
7460.jpg,250,376
3806.jpg,223,366
8273.jpg,259,287
9451.jpg,251,192
4701.jpg,314,170
3961.jpg,307,267
5417.jpg,278,114
890.jpg,279,351
4999.jpg,246,123
7506.jpg,302,128
7881.jpg,290,96
5095.jpg,202,96
6932.jpg,229,479
9617.jpg,304,246
2799.jpg,249,210
584.jpg,313,261
3268.jpg,257,129
3932.jpg,282,276
1260.jpg,304,66
6205.jpg,281,485
310.jpg,286,481
7789.jpg,224,191
6458.jpg,240,130
6206.jpg,215,117
5882.jpg,210,373
4668.jpg,245,424
4298.jpg,240,154
3783.jpg,294,172
1008.jpg,236,60
8354.jpg,251,348
2185.jpg,325,457
3623.jpg,321,146
7039.jpg,234,302
4922.jpg,201,482
9673.jpg,220,227
7950.jpg,276,384
6125.jpg,264,187
4756.jpg,301,411
5074.jpg,218,410
90.jpg,311,272
5974.jpg,244,276
6418.jpg,298,293
8640.jpg,251,66
8690.jpg,271,370
2117.jpg,209,360
2937.jpg,222,59
6842.jpg,311,187
983.jpg,252,129
7260.jpg,313,272
9985.jpg,249,435
2925.jpg,218,118
6061.jpg,272,409
3214.jpg,215,151
6447.jpg,240,238
6779.jpg,289,389
7038.jpg,248,478
5663.jpg,208,271
627.jpg,212,373
8008.jpg,271,163
5125.jpg,288,63
4765.jpg,291,370
8143.jpg,304,143
9594.jpg,315,449
1269.jpg,241,306
128.jpg,252,439
6112.jpg,305,190
1711.jpg,249,467
7862.jpg,302,445
4235.jpg,298,260
5192.jpg,216,489
2398.jpg,322,267
5434.jpg,250,120
6057.jpg,302,226
9318.jpg,266,273
1186.jpg,326,195
6013.jpg,219,281
9793.jpg,213,493
6014.jpg,263,244
1977.jpg,207,384
9887.jpg,250,68
4247.jpg,329,97
7672.jpg,311,485
915.jpg,238,349
1305.jpg,226,468
5455.jpg,247,354
3049.jpg,257,392
9521.jpg,201,485
1273.jpg,204,150
8055.jpg,269,242
2796.jpg,302,146
1398.jpg,303,229
3358.jpg,262,492
183.jpg,222,261
6867.jpg,273,258
5695.jpg,246,185
8835.jpg,319,258
9626.jpg,274,124
6170.jpg,251,352
6987.jpg,283,166
4567.jpg,233,485
8955.jpg,218,156
2656.jpg,256,424
8309.jpg,204,156
6857.jpg,277,465
1961.jpg,224,134
6383.jpg,209,309
8853.jpg,319,288
9973.jpg,208,313
1251.jpg,245,333
3176.jpg,308,217
7760.jpg,294,369
5013.jpg,315,273
9705.jpg,240,110
6539.jpg,314,222
3289.jpg,231,92
6448.jpg,301,254
8726.jpg,220,87
7611.jpg,236,358
6275.jpg,281,230
6887.jpg,260,205
1051.jpg,256,274
4069.jpg,295,140
6022.jpg,293,438
5552.jpg,324,359
272.jpg,219,300
2042.jpg,257,221
4763.jpg,273,344
8997.jpg,296,162
5204.jpg,280,152
9509.jpg,249,91
1086.jpg,304,403
8373.jpg,217,267
7732.jpg,286,360
7515.jpg,206,179
6678.jpg,218,213
4322.jpg,209,329
6946.jpg,204,192
7747.jpg,324,166
6772.jpg,321,463
5518.jpg,236,502
5117.jpg,327,376
6179.jpg,291,343
4709.jpg,316,193
8121.jpg,270,433
5969.jpg,214,101
6784.jpg,327,340
3478.jpg,312,164
8414.jpg,296,467
3924.jpg,229,444
1748.jpg,221,383
732.jpg,317,212
2553.jpg,229,488
5458.jpg,314,135
5873.jpg,262,172
2662.jpg,255,455
9398.jpg,327,143
6455.jpg,204,377
3113.jpg,323,494
3303.jpg,264,65
1344.jpg,275,400
1690.jpg,324,488
7180.jpg,305,497
6499.jpg,232,140
3308.jpg,232,375
1504.jpg,276,199
1806.jpg,235,223
8469.jpg,229,281
5369.jpg,219,320
3791.jpg,279,179
9520.jpg,250,442
7329.jpg,300,100
5909.jpg,306,180
6825.jpg,247,487
7263.jpg,241,484
1848.jpg,287,184
4512.jpg,256,109
2431.jpg,204,193
4660.jpg,314,309
8885.jpg,297,240
5584.jpg,286,237
142.jpg,245,109
8760.jpg,318,489
9211.jpg,292,155
5264.jpg,274,407
3409.jpg,303,459
1117.jpg,292,466
1756.jpg,319,187
497.jpg,247,266
8031.jpg,265,425
870.jpg,252,333
3357.jpg,234,212
912.jpg,214,476
721.jpg,209,126
2805.jpg,299,494
9943.jpg,269,72
886.jpg,296,54
9592.jpg,276,437
6587.jpg,256,264
8100.jpg,266,155
1520.jpg,256,249
8689.jpg,219,106
2746.jpg,218,357
6700.jpg,276,415
5775.jpg,230,403
314.jpg,220,173
1799.jpg,206,404
327.jpg,293,154
5642.jpg,216,160
4204.jpg,331,431
3129.jpg,326,368
6860.jpg,329,131
9905.jpg,281,227
3968.jpg,311,459
5743.jpg,207,347
6226.jpg,224,261
1973.jpg,309,84
336.jpg,206,264
2764.jpg,262,320
7660.jpg,217,318
275.jpg,267,396
2985.jpg,252,315
5646.jpg,245,483
5849.jpg,296,339
3477.jpg,303,207
7558.jpg,245,240
3558.jpg,320,134
2809.jpg,292,410
9113.jpg,237,134
4861.jpg,326,383
6586.jpg,208,468
3416.jpg,293,323
307.jpg,261,476
3908.jpg,270,411
348.jpg,301,252
826.jpg,303,258
9501.jpg,317,114
4482.jpg,202,264
6576.jpg,240,383
3682.jpg,265,289
5876.jpg,207,417
8387.jpg,259,235
2053.jpg,255,297
71.jpg,326,264
5507.jpg,324,152
8514.jpg,311,193
7510.jpg,327,330
8151.jpg,311,470
1666.jpg,317,243
7861.jpg,221,458
9159.jpg,279,133
5688.jpg,227,311
1445.jpg,323,142
5227.jpg,237,83
6982.jpg,259,338
1695.jpg,294,193
2892.jpg,263,59
1574.jpg,240,407
3203.jpg,301,339
4405.jpg,253,327
1630.jpg,268,158
8380.jpg,219,478
1881.jpg,220,260
8821.jpg,305,169
6463.jpg,323,370
848.jpg,294,397
9923.jpg,237,336
6188.jpg,214,75
5869.jpg,278,387
2877.jpg,326,146
186.jpg,241,206
3779.jpg,265,400
1830.jpg,322,478
8325.jpg,260,189
9241.jpg,249,421
6378.jpg,256,389
1234.jpg,213,103
6964.jpg,249,481
3915.jpg,294,430
446.jpg,217,112
844.jpg,211,245
8062.jpg,281,497
5402.jpg,295,406
2440.jpg,266,266
3103.jpg,301,258
8585.jpg,254,185
6791.jpg,256,374
5650.jpg,296,152
1294.jpg,277,415
5079.jpg,241,187
9016.jpg,206,187
5067.jpg,218,449
3442.jpg,267,220
8451.jpg,325,79
7273.jpg,247,458
6105.jpg,257,211
776.jpg,257,236
9716.jpg,216,187
2153.jpg,253,409
4920.jpg,217,161
5360.jpg,323,178
9735.jpg,297,239
5957.jpg,262,352
8411.jpg,302,264
8432.jpg,308,429
3183.jpg,200,500
6792.jpg,226,390
3199.jpg,317,359
9369.jpg,243,402
1289.jpg,299,401
4581.jpg,254,496
6192.jpg,260,161
8935.jpg,277,122
7149.jpg,269,377
9846.jpg,290,303
4106.jpg,242,497
4126.jpg,207,255
8300.jpg,202,425
3966.jpg,261,357
1879.jpg,214,374
8496.jpg,296,145
9299.jpg,328,322
6348.jpg,287,347
3587.jpg,203,410
7372.jpg,204,200
3865.jpg,230,228
8487.jpg,210,275
4131.jpg,225,194
1036.jpg,303,170
636.jpg,231,310
6153.jpg,207,472
4134.jpg,202,412
5338.jpg,311,394
1083.jpg,326,159
861.jpg,287,443
903.jpg,202,288
191.jpg,206,317
109.jpg,285,262
4455.jpg,255,183
1942.jpg,269,422
5856.jpg,252,418
4331.jpg,264,77
8541.jpg,288,125
2040.jpg,274,433
7331.jpg,240,491
7317.jpg,286,472
7779.jpg,326,98
4659.jpg,221,69
7313.jpg,321,197
2775.jpg,288,198
4145.jpg,256,317
2323.jpg,225,253
762.jpg,236,310
2617.jpg,322,288
2411.jpg,320,182
1094.jpg,318,108
6173.jpg,316,106
7048.jpg,237,129
9272.jpg,266,95
3135.jpg,328,320
7787.jpg,268,322
5040.jpg,319,440
3805.jpg,237,325
884.jpg,211,387
2654.jpg,273,298
5921.jpg,273,319
6187.jpg,216,315
8085.jpg,203,180
6742.jpg,243,177
7626.jpg,285,231
5680.jpg,258,414
7007.jpg,210,478
9686.jpg,203,197
2202.jpg,323,344
6107.jpg,327,164
6417.jpg,212,299
1262.jpg,258,260
8379.jpg,281,212
975.jpg,269,257
5831.jpg,295,478
4925.jpg,214,402
941.jpg,325,203
4723.jpg,274,395
2387.jpg,304,354
9728.jpg,219,426
5021.jpg,323,431
4391.jpg,320,153
5148.jpg,287,269
3221.jpg,313,431
3882.jpg,327,233
9438.jpg,211,248
6624.jpg,237,253
5918.jpg,319,118
2789.jpg,213,245
944.jpg,295,476
8908.jpg,316,415
1857.jpg,239,57
9080.jpg,257,271
4108.jpg,203,388
8513.jpg,247,184
3255.jpg,314,484
2690.jpg,288,195
9512.jpg,320,312
6961.jpg,274,444
1319.jpg,226,391
8882.jpg,205,71
9880.jpg,242,228
5162.jpg,285,185
5829.jpg,223,233
7953.jpg,319,207
5958.jpg,329,77
9271.jpg,326,472
3475.jpg,208,78
3505.jpg,307,215
4749.jpg,220,395
2477.jpg,302,154
9490.jpg,206,443
6615.jpg,240,306
7413.jpg,266,400
7586.jpg,307,215
5344.jpg,303,404
9863.jpg,325,83
7111.jpg,259,263
1874.jpg,309,430
8516.jpg,270,415
5270.jpg,213,323
5096.jpg,268,260
2904.jpg,311,274
570.jpg,268,462
1448.jpg,293,109
5964.jpg,211,357
6242.jpg,220,115
6347.jpg,290,72
7874.jpg,302,130
9816.jpg,240,85
3226.jpg,218,466
9744.jpg,324,178
3978.jpg,327,84
4383.jpg,211,291
7856.jpg,201,379
3539.jpg,274,134
5682.jpg,288,202
2827.jpg,306,477
7658.jpg,277,232
4996.jpg,228,424
1338.jpg,282,426
3262.jpg,276,236
6386.jpg,282,385
7951.jpg,253,156
650.jpg,289,70
2902.jpg,304,106
2258.jpg,214,259
7402.jpg,257,383
3521.jpg,280,392
2730.jpg,229,320
5496.jpg,246,99
4478.jpg,255,476
1596.jpg,267,479
7066.jpg,316,386
2584.jpg,218,460
5441.jpg,287,280
3196.jpg,242,246
8523.jpg,268,350
7682.jpg,208,332
5376.jpg,218,201
1258.jpg,255,310
5277.jpg,328,495
991.jpg,269,322
3504.jpg,232,109
113.jpg,308,473
919.jpg,217,430
2509.jpg,298,334
9404.jpg,293,112
165.jpg,328,453
5263.jpg,283,71
4603.jpg,240,90
949.jpg,287,317
4594.jpg,266,398
5727.jpg,311,370
3770.jpg,311,328
2506.jpg,239,275
5107.jpg,300,222
2850.jpg,201,139
6485.jpg,227,173
5362.jpg,251,360
7442.jpg,320,353
4446.jpg,250,449
4460.jpg,292,449
9513.jpg,255,207
2505.jpg,272,334
1114.jpg,324,203
8397.jpg,201,461
298.jpg,292,237
1675.jpg,220,71
3347.jpg,220,327
2735.jpg,244,190
7819.jpg,264,424
4988.jpg,215,78
9894.jpg,220,106
5817.jpg,260,231
4325.jpg,323,346
6719.jpg,258,412
8786.jpg,307,376
4550.jpg,306,224
8572.jpg,313,293
7847.jpg,239,86
2103.jpg,244,81
5813.jpg,299,109
9104.jpg,302,141
7453.jpg,217,363
1837.jpg,291,210
7902.jpg,320,361
8318.jpg,304,479
8723.jpg,214,440
607.jpg,213,126
8374.jpg,231,131
1093.jpg,256,369
6387.jpg,280,336
6505.jpg,277,286
8964.jpg,284,265
4487.jpg,268,402
160.jpg,247,349
203.jpg,289,204
7040.jpg,319,278
5893.jpg,263,387
4933.jpg,314,152
2934.jpg,241,78
7322.jpg,210,147
2435.jpg,316,401
1230.jpg,251,376
8675.jpg,291,328
3046.jpg,310,156
9654.jpg,328,279
8419.jpg,325,293
7666.jpg,282,296
6407.jpg,301,178
4251.jpg,235,99
5577.jpg,231,252
3293.jpg,258,237
4034.jpg,283,174
8112.jpg,301,402
4290.jpg,272,274
4334.jpg,300,283
5931.jpg,216,146
3877.jpg,278,429
5428.jpg,234,65
4753.jpg,204,119
4886.jpg,252,163
857.jpg,227,369
8233.jpg,249,216
8375.jpg,288,486
2561.jpg,201,130
3801.jpg,205,482
2640.jpg,245,343
9663.jpg,314,91
4490.jpg,242,195
2347.jpg,211,279
649.jpg,216,197
2781.jpg,288,247
5652.jpg,211,377
8543.jpg,269,90
8677.jpg,215,154
6433.jpg,270,272
615.jpg,208,199
8448.jpg,258,378
2575.jpg,256,245
53.jpg,291,453
3340.jpg,282,274
7037.jpg,258,478
1705.jpg,327,119
9060.jpg,319,106
9352.jpg,237,279
1493.jpg,225,440
9963.jpg,244,105
5632.jpg,246,175
803.jpg,253,399
4953.jpg,283,459
6933.jpg,299,307
7104.jpg,322,65
990.jpg,238,165
2774.jpg,291,249
7470.jpg,245,446
6419.jpg,205,301
3513.jpg,261,351
5478.jpg,259,208
8400.jpg,203,478
219.jpg,286,221
6969.jpg,235,157
1288.jpg,273,200
3163.jpg,234,269
4678.jpg,269,229
2618.jpg,230,341
3612.jpg,266,226
43.jpg,239,456
8094.jpg,317,396
8372.jpg,289,447
3792.jpg,227,135
3571.jpg,223,223
9980.jpg,241,99
1503.jpg,302,141
5556.jpg,209,147
9830.jpg,254,278
3439.jpg,245,230
1892.jpg,295,270
9323.jpg,293,438
5255.jpg,283,308
1955.jpg,229,446
5167.jpg,292,99
4814.jpg,223,450
6264.jpg,228,86
1505.jpg,315,339
670.jpg,324,213
8907.jpg,234,359
7055.jpg,202,382
897.jpg,216,261
6178.jpg,274,461
2666.jpg,325,331
3193.jpg,309,179
2890.jpg,263,63
7773.jpg,247,205
2621.jpg,238,119
6008.jpg,203,229
5956.jpg,250,386
2.jpg,255,386
2370.jpg,277,423
7914.jpg,319,338
1769.jpg,247,465
8506.jpg,212,126
6025.jpg,204,423
531.jpg,265,290
8724.jpg,261,279
8649.jpg,241,225
7873.jpg,322,418
8890.jpg,226,218
3120.jpg,327,297
9022.jpg,268,312
731.jpg,227,484
3406.jpg,230,403
2339.jpg,204,426
5967.jpg,213,355
6580.jpg,299,62
2565.jpg,280,137
7726.jpg,225,353
7820.jpg,208,304
6713.jpg,310,417
6995.jpg,302,483
6942.jpg,281,155
7794.jpg,280,240
8975.jpg,231,86
1255.jpg,278,385
2104.jpg,270,131
6734.jpg,256,221
9778.jpg,243,392
6224.jpg,213,100
9150.jpg,265,293
4994.jpg,210,112
8969.jpg,306,333
6839.jpg,316,95
5057.jpg,218,83
5846.jpg,249,182
4434.jpg,204,226
3484.jpg,213,216
9493.jpg,252,497
5318.jpg,297,478
3816.jpg,207,414
5729.jpg,209,261
8903.jpg,313,456
7840.jpg,216,89
9889.jpg,207,325
1621.jpg,293,334
9423.jpg,216,398
6307.jpg,236,316
9304.jpg,246,390
8902.jpg,215,243
1096.jpg,285,80
8057.jpg,205,402
9481.jpg,310,109
2463.jpg,222,490
8289.jpg,206,179
1788.jpg,279,466
250.jpg,218,211
9926.jpg,269,69
6191.jpg,245,284
9650.jpg,200,435
192.jpg,242,126
820.jpg,277,266
9627.jpg,309,282
5714.jpg,234,68
7195.jpg,246,435
5715.jpg,270,325
4400.jpg,286,331
9290.jpg,223,405
5388.jpg,220,225
4166.jpg,304,489
4951.jpg,243,495
2687.jpg,325,459
4390.jpg,283,321
5860.jpg,266,229
5981.jpg,206,378
4927.jpg,256,407
6735.jpg,257,421
2607.jpg,237,281
7466.jpg,328,398
238.jpg,269,300
4015.jpg,283,72
9262.jpg,259,350
2977.jpg,254,344
5712.jpg,294,208
9856.jpg,214,104
5473.jpg,247,380
945.jpg,212,187
8251.jpg,246,454
7681.jpg,296,319
5097.jpg,319,117
6805.jpg,234,192
5803.jpg,239,135
3552.jpg,290,329
9969.jpg,311,94
3360.jpg,293,351
8249.jpg,329,375
2410.jpg,223,373
4507.jpg,285,317
8462.jpg,264,267
3982.jpg,308,273
146.jpg,303,197
6648.jpg,270,271
2294.jpg,254,185
2253.jpg,256,229
3611.jpg,256,143
5353.jpg,325,125
1736.jpg,310,273
7915.jpg,228,341
7659.jpg,220,428
114.jpg,273,168
8860.jpg,316,315
5649.jpg,248,293
9844.jpg,235,141
498.jpg,216,127
7822.jpg,258,263
720.jpg,262,417
7258.jpg,283,303
8843.jpg,260,173
5730.jpg,203,120
3089.jpg,327,389
7226.jpg,297,150
7306.jpg,218,288
6508.jpg,287,406
596.jpg,282,492
9092.jpg,228,68
6095.jpg,244,339
6053.jpg,308,196
5164.jpg,290,194
1647.jpg,266,309
8167.jpg,252,472
6920.jpg,220,282
2700.jpg,280,167
8203.jpg,314,436
1700.jpg,233,169
8943.jpg,316,167
5404.jpg,259,316
7219.jpg,231,399
7502.jpg,203,120
2942.jpg,325,260
6301.jpg,313,345
86.jpg,267,261
2308.jpg,206,499
2677.jpg,289,392
8216.jpg,239,341
7729.jpg,290,401
2594.jpg,315,141
5884.jpg,205,405
1029.jpg,304,320
136.jpg,252,315
6831.jpg,320,361
7814.jpg,325,146
2854.jpg,293,104
4409.jpg,220,438
1200.jpg,200,447
4717.jpg,259,189
9517.jpg,313,378
6594.jpg,313,301
566.jpg,315,349
7328.jpg,260,97
5430.jpg,265,140
3927.jpg,254,243
6055.jpg,268,183
7589.jpg,205,254
7122.jpg,327,394
6572.jpg,257,488
6535.jpg,327,197
8913.jpg,214,62
8275.jpg,309,463
2330.jpg,234,111
3515.jpg,203,450
2187.jpg,202,76
195.jpg,226,311
7257.jpg,321,106
5666.jpg,209,110
5059.jpg,326,301
802.jpg,320,68
8848.jpg,304,274
9928.jpg,227,253
2068.jpg,272,270
9082.jpg,260,180
8744.jpg,254,145
644.jpg,250,216
9374.jpg,308,256
5103.jpg,315,468
5460.jpg,327,236
1637.jpg,249,419
120.jpg,243,334
2981.jpg,205,86
5069.jpg,310,321
3074.jpg,229,442
8927.jpg,295,263
3278.jpg,268,129
2135.jpg,208,69
8941.jpg,244,378
4970.jpg,224,203
6195.jpg,327,481
134.jpg,313,56
7731.jpg,301,178
5324.jpg,271,149
9640.jpg,323,351
6160.jpg,305,210
2559.jpg,280,268
62.jpg,240,169
1358.jpg,266,489
6725.jpg,277,470
2467.jpg,253,94
679.jpg,220,471
6797.jpg,318,401
741.jpg,213,167
5307.jpg,284,130
7627.jpg,279,323
3641.jpg,211,395
444.jpg,278,355
8140.jpg,305,406
3258.jpg,300,412
4663.jpg,295,217
1873.jpg,308,357
6366.jpg,230,121
2596.jpg,216,280
1717.jpg,239,218
2912.jpg,221,440
2843.jpg,319,217
4027.jpg,250,135
5488.jpg,286,496
8634.jpg,329,169
8037.jpg,288,444
9232.jpg,292,293
489.jpg,235,228
493.jpg,261,409
690.jpg,251,357
3821.jpg,236,245
602.jpg,259,65
1911.jpg,207,365
1014.jpg,327,438
6156.jpg,208,313
1993.jpg,224,321
5769.jpg,318,85
3757.jpg,278,66
2366.jpg,253,271
5283.jpg,238,71
4370.jpg,237,447
6883.jpg,238,355
7011.jpg,229,326
1361.jpg,325,92
8461.jpg,208,317
1526.jpg,272,290
1327.jpg,293,426
8507.jpg,207,262
9031.jpg,215,364
1551.jpg,248,487
7769.jpg,326,96
9908.jpg,271,449
1337.jpg,209,380
3901.jpg,230,291
3010.jpg,282,126
5041.jpg,271,400
8825.jpg,295,135
2250.jpg,304,224
6533.jpg,238,81
5039.jpg,245,102
2346.jpg,285,194
9282.jpg,320,337
5485.jpg,318,210
2784.jpg,288,261
5119.jpg,248,110
7550.jpg,247,183
5555.jpg,243,76
5599.jpg,289,359
7630.jpg,269,491
150.jpg,248,368
2804.jpg,314,56
5874.jpg,235,327
2086.jpg,223,157
3751.jpg,203,343
5612.jpg,261,186
2259.jpg,266,199
4017.jpg,305,132
6113.jpg,230,308
6058.jpg,261,266
2424.jpg,222,200
8034.jpg,262,313
3856.jpg,237,465
859.jpg,251,429
8170.jpg,238,382
7591.jpg,243,138
8097.jpg,263,224
7320.jpg,221,232
8563.jpg,329,128
4739.jpg,234,450
8594.jpg,271,247
4462.jpg,275,312
5528.jpg,222,315
1364.jpg,216,364
1779.jpg,237,488
9221.jpg,261,381
4785.jpg,279,219
6334.jpg,232,427
1818.jpg,281,326
7799.jpg,219,166
4937.jpg,313,350
2704.jpg,237,194
5285.jpg,224,228
175.jpg,264,403
7481.jpg,319,251
2093.jpg,247,392
8750.jpg,325,307
3491.jpg,323,124
1920.jpg,250,135
82.jpg,325,421
816.jpg,259,171
8601.jpg,291,188
7354.jpg,256,228
4396.jpg,308,118
9181.jpg,268,428
5568.jpg,224,466
283.jpg,199,469
4120.jpg,247,273
7480.jpg,274,408
609.jpg,300,356
2915.jpg,228,136
1813.jpg,301,283
1271.jpg,248,121
5924.jpg,215,182
9595.jpg,265,477
2994.jpg,204,276
7109.jpg,316,211
8613.jpg,260,464
7356.jpg,269,330
2642.jpg,318,251
6553.jpg,258,498
4508.jpg,222,85
2305.jpg,270,378
6502.jpg,282,446
6260.jpg,264,128
4195.jpg,239,367
5562.jpg,309,489
4840.jpg,240,76
4655.jpg,234,439
8147.jpg,203,210
4168.jpg,280,87
3849.jpg,261,90
9847.jpg,315,340
8401.jpg,312,173
5253.jpg,249,125
7884.jpg,212,223
5533.jpg,267,301
2414.jpg,240,307
3554.jpg,216,135
4691.jpg,319,435
4498.jpg,291,429
2195.jpg,226,189
5045.jpg,322,425
2600.jpg,257,321
1518.jpg,236,153
4764.jpg,286,131
4314.jpg,319,182
3366.jpg,248,192
6065.jpg,259,436
6582.jpg,262,181
2633.jpg,253,361
7337.jpg,246,368
5633.jpg,208,400
9168.jpg,241,166
8789.jpg,313,88
2434.jpg,313,197
8277.jpg,316,222
6758.jpg,267,140
6611.jpg,306,254
4520.jpg,272,134
5587.jpg,223,504
3545.jpg,220,223
5965.jpg,218,319
5992.jpg,281,227
8805.jpg,288,252
5531.jpg,313,478
5444.jpg,238,158
517.jpg,283,420
6110.jpg,301,158
6864.jpg,302,308
7960.jpg,227,390
1415.jpg,287,496
4664.jpg,210,305
4456.jpg,293,398
2761.jpg,245,474
4855.jpg,323,135
127.jpg,290,321
3474.jpg,287,345
7969.jpg,236,130
4310.jpg,266,483
2438.jpg,265,393
3765.jpg,295,376
6876.jpg,267,243
5896.jpg,223,119
5840.jpg,214,392
8842.jpg,232,340
9770.jpg,235,385
1473.jpg,230,342
4821.jpg,206,300
6915.jpg,297,342
3560.jpg,303,257
3951.jpg,228,335
49.jpg,326,490
5437.jpg,314,351
9897.jpg,205,411
887.jpg,277,271
2616.jpg,242,376
516.jpg,295,228
3168.jpg,236,66
2949.jpg,230,465
1424.jpg,229,242
139.jpg,314,307
1924.jpg,324,498
2378.jpg,215,171
3197.jpg,260,218
5131.jpg,240,297
112.jpg,212,485
4559.jpg,218,327
4595.jpg,237,306
7997.jpg,236,491
3250.jpg,231,480
4690.jpg,266,144
8115.jpg,326,275
7767.jpg,216,377
4546.jpg,214,226
7084.jpg,220,421
3277.jpg,264,466
7542.jpg,288,465
6593.jpg,329,301
4068.jpg,239,423
4408.jpg,315,86
8644.jpg,299,262
8588.jpg,209,340
7384.jpg,284,216
3222.jpg,311,173
8210.jpg,281,281
451.jpg,328,300
3731.jpg,273,304
8953.jpg,219,198
4986.jpg,289,443
3663.jpg,220,351
2763.jpg,233,432
658.jpg,218,493
7678.jpg,245,160
7676.jpg,261,212
4620.jpg,284,407
999.jpg,204,361
389.jpg,220,350
3407.jpg,292,151
1476.jpg,322,136
2240.jpg,258,432
2386.jpg,271,350
9139.jpg,297,99
992.jpg,220,71
4997.jpg,294,254
3922.jpg,275,143
2972.jpg,306,118
3386.jpg,229,65
7885.jpg,300,198
8812.jpg,250,105
4769.jpg,268,194
1293.jpg,320,184
1824.jpg,285,67
2873.jpg,304,471
4173.jpg,281,203
2535.jpg,222,168
9132.jpg,246,483
1907.jpg,238,347
42.jpg,243,281
9491.jpg,295,376
368.jpg,221,247
1151.jpg,279,350
7752.jpg,205,467
6358.jpg,251,149
5912.jpg,227,439
6507.jpg,290,459
7525.jpg,326,334
4160.jpg,222,189
4287.jpg,321,253
7775.jpg,306,427
6714.jpg,214,226
174.jpg,221,183
1903.jpg,281,495
1099.jpg,221,139
8114.jpg,229,318
3408.jpg,259,285
1538.jpg,208,384
2292.jpg,267,99
9300.jpg,219,414
1363.jpg,253,406
7188.jpg,328,165
6627.jpg,255,338
5260.jpg,262,214
6815.jpg,252,255
9461.jpg,242,499
680.jpg,293,390
9315.jpg,263,82
9298.jpg,270,184
3664.jpg,282,64
1661.jpg,253,189
508.jpg,307,374
166.jpg,329,247
5497.jpg,295,127
8299.jpg,299,279
1006.jpg,209,184
9739.jpg,306,162
1914.jpg,304,441
3494.jpg,282,364
9633.jpg,247,310
9750.jpg,251,488
6444.jpg,247,444
4990.jpg,210,304
2536.jpg,294,336
1104.jpg,200,442
3875.jpg,242,417
7523.jpg,289,210
1752.jpg,298,120
5310.jpg,231,444
7296.jpg,206,158
2916.jpg,289,326
8974.jpg,237,312
5754.jpg,238,157
152.jpg,266,393
7690.jpg,322,199
5679.jpg,300,308
3907.jpg,230,356
9135.jpg,327,397
2552.jpg,279,281
2773.jpg,245,400
6098.jpg,289,338
3551.jpg,240,327
3722.jpg,243,473
9870.jpg,292,408
520.jpg,251,83
8033.jpg,270,164
4538.jpg,249,207
6778.jpg,215,395
1822.jpg,294,266
4086.jpg,232,213
6148.jpg,238,180
8742.jpg,238,109
9472.jpg,222,430
7741.jpg,237,438
309.jpg,232,458
7720.jpg,306,376
8222.jpg,212,317
8656.jpg,237,79
3599.jpg,298,337
3622.jpg,224,476
3811.jpg,224,194
3450.jpg,214,352
4591.jpg,254,481
205.jpg,206,390
9840.jpg,327,289
1135.jpg,274,261
9384.jpg,318,51
2749.jpg,287,442
3613.jpg,298,172
305.jpg,207,152
1849.jpg,281,358
7669.jpg,308,216
1988.jpg,201,399
3240.jpg,321,334
2798.jpg,251,344
4515.jpg,216,364
5630.jpg,276,387
9372.jpg,219,234
3109.jpg,308,504
4939.jpg,282,178
4059.jpg,302,446
1987.jpg,309,122
7157.jpg,222,179
8874.jpg,272,277
6613.jpg,290,181
383.jpg,235,456
5634.jpg,321,79
4307.jpg,246,83
3388.jpg,304,290
3156.jpg,268,481
9995.jpg,231,386
2727.jpg,280,287
6333.jpg,204,333
9899.jpg,277,182
8751.jpg,254,420
8302.jpg,208,403
6037.jpg,213,228
3832.jpg,302,289
8917.jpg,266,305
4776.jpg,214,412
4276.jpg,232,338
253.jpg,239,130
7895.jpg,292,299
9590.jpg,317,318
7288.jpg,297,398
278.jpg,279,356
3252.jpg,315,388
2480.jpg,307,365
289.jpg,258,317
6086.jpg,297,61
3075.jpg,228,344
8123.jpg,241,101
7598.jpg,267,202
6403.jpg,242,323
5089.jpg,322,170
7283.jpg,226,398
9717.jpg,234,90
8402.jpg,236,115
6121.jpg,285,440
7754.jpg,274,136
270.jpg,251,196
6009.jpg,245,423
4570.jpg,254,468
9116.jpg,313,93
9803.jpg,314,175
2971.jpg,313,478
6193.jpg,325,462
8768.jpg,323,284
4207.jpg,299,247
3218.jpg,324,318
1391.jpg,251,149
3975.jpg,317,413
4316.jpg,258,281
7959.jpg,276,337
7344.jpg,220,102
7448.jpg,214,381
83.jpg,237,284
873.jpg,330,476
9605.jpg,266,62
7635.jpg,263,187
4557.jpg,311,369
4500.jpg,302,289
4647.jpg,327,321
2038.jpg,281,342
9694.jpg,225,92
6909.jpg,221,292
2450.jpg,259,74
3954.jpg,263,106
2329.jpg,218,239
9124.jpg,252,361
7044.jpg,277,345
5042.jpg,306,149
9364.jpg,319,184
4746.jpg,238,100
9367.jpg,263,142
9402.jpg,260,332
6491.jpg,209,61
6637.jpg,291,391
7225.jpg,254,372
2401.jpg,262,352
5520.jpg,303,168
1216.jpg,208,378
8695.jpg,262,352
6020.jpg,229,435
6865.jpg,293,501
1064.jpg,276,201
3786.jpg,245,174
4410.jpg,322,350
6859.jpg,280,180
6760.jpg,323,462
5523.jpg,270,215
5996.jpg,264,218
8833.jpg,212,160
5888.jpg,248,128
2161.jpg,204,143
3008.jpg,272,407
1105.jpg,285,234
6654.jpg,275,71
692.jpg,207,310
9957.jpg,271,98
4956.jpg,277,175
6597.jpg,266,130
8480.jpg,244,119
4369.jpg,309,155
2765.jpg,245,393
3929.jpg,283,282
7134.jpg,221,317
8735.jpg,239,332
7530.jpg,310,394
7528.jpg,209,197
628.jpg,314,485
2451.jpg,319,457
6239.jpg,253,464
7012.jpg,323,320
3824.jpg,331,451
8977.jpg,315,140
2652.jpg,326,346
9107.jpg,259,417
3743.jpg,304,332
2176.jpg,255,105
9906.jpg,226,192
9263.jpg,289,402
3318.jpg,287,206
6343.jpg,278,218
2787.jpg,234,252
4105.jpg,267,156
6355.jpg,291,96
1676.jpg,323,390
3947.jpg,255,114
4444.jpg,302,402
2936.jpg,210,131
9005.jpg,273,178
7766.jpg,238,314
5722.jpg,237,350
7441.jpg,224,77
2503.jpg,276,156
8482.jpg,326,418
2369.jpg,202,230
4967.jpg,252,186
5883.jpg,207,264
2217.jpg,318,201
5847.jpg,285,190
2218.jpg,278,79
3326.jpg,242,219
6733.jpg,211,310
3583.jpg,240,116
9824.jpg,290,364
3619.jpg,301,485
7707.jpg,223,396
6432.jpg,210,123
3115.jpg,253,201
85.jpg,233,68
5973.jpg,299,435
2801.jpg,223,167
3671.jpg,307,430
3667.jpg,248,213
9794.jpg,287,251
5158.jpg,244,186
5725.jpg,309,77
4590.jpg,273,256
2019.jpg,231,174
7831.jpg,262,220
2525.jpg,232,442
8286.jpg,325,136
9206.jpg,257,63
3212.jpg,329,367
519.jpg,208,337
5366.jpg,307,62
6762.jpg,291,207
2895.jpg,207,302
244.jpg,242,79
5930.jpg,205,283
4714.jpg,199,481
9567.jpg,324,417
3425.jpg,328,332
6931.jpg,255,362
6720.jpg,239,456
7410.jpg,208,500
6177.jpg,256,423
7250.jpg,327,182
5509.jpg,313,312
2001.jpg,262,358
885.jpg,249,260
869.jpg,222,412
9688.jpg,268,185
5720.jpg,256,182
356.jpg,307,369
9907.jpg,264,59
5451.jpg,319,142
8193.jpg,260,63
6438.jpg,308,450
7704.jpg,224,68
1275.jpg,230,402
1890.jpg,237,252
8686.jpg,256,261
6568.jpg,242,309
9623.jpg,289,64
3563.jpg,226,496
5787.jpg,271,222
4958.jpg,294,190
1546.jpg,288,207
2380.jpg,322,231
3823.jpg,228,443
3232.jpg,292,292
8399.jpg,228,298
3306.jpg,296,288
492.jpg,257,181
3499.jpg,263,390
6664.jpg,308,188
1116.jpg,213,116
5637.jpg,257,395
8774.jpg,268,356
6146.jpg,300,166
9867.jpg,268,445
8775.jpg,302,55
6707.jpg,245,275
9948.jpg,259,321
7965.jpg,329,361
3645.jpg,281,497
2500.jpg,262,330
5677.jpg,264,320
5241.jpg,309,389
6518.jpg,204,164
2783.jpg,207,376
6158.jpg,230,338
3809.jpg,296,204
9428.jpg,234,156
9524.jpg,281,207
8599.jpg,210,195
1696.jpg,236,479
5685.jpg,295,362
8367.jpg,281,302
5939.jpg,278,145
2052.jpg,242,61
1776.jpg,213,406
6560.jpg,222,257
3313.jpg,253,489
4781.jpg,305,347
8538.jpg,306,304
6781.jpg,266,429
1592.jpg,319,437
1723.jpg,251,96
215.jpg,276,112
6326.jpg,234,345
8256.jpg,310,181
490.jpg,269,179
9133.jpg,282,102
3483.jpg,301,462
5102.jpg,248,344
5187.jpg,238,79
3431.jpg,226,56
9198.jpg,230,421
7710.jpg,297,364
5513.jpg,283,132
25.jpg,269,266
3512.jpg,330,68
2409.jpg,321,209
3270.jpg,213,236
5209.jpg,257,287
8711.jpg,315,234
1552.jpg,238,240
9197.jpg,207,302
8621.jpg,296,400
3871.jpg,210,189
3402.jpg,265,395
4529.jpg,247,121
979.jpg,328,494
2655.jpg,317,116
1847.jpg,312,117
7964.jpg,219,132
8240.jpg,297,404
7145.jpg,241,283
7299.jpg,268,255
5721.jpg,224,79
515.jpg,220,100
8745.jpg,211,240
8297.jpg,204,346
1102.jpg,304,183
3276.jpg,293,323
7217.jpg,280,88
7389.jpg,320,137
9077.jpg,321,301
8337.jpg,211,419
3996.jpg,315,351
194.jpg,223,373
4711.jpg,203,376
643.jpg,302,290
9089.jpg,263,495
3285.jpg,307,220
3116.jpg,251,364
6476.jpg,291,175
3575.jpg,219,454
9023.jpg,216,399
4320.jpg,222,439
9992.jpg,253,322
2207.jpg,313,140
4552.jpg,313,206
7316.jpg,303,468
3718.jpg,229,147
972.jpg,236,398
4579.jpg,233,219
719.jpg,257,432
9017.jpg,253,309
6155.jpg,224,175
9430.jpg,292,244
3896.jpg,261,255
2803.jpg,259,277
2566.jpg,227,449
4025.jpg,266,66
6198.jpg,210,118
32.jpg,236,99
8307.jpg,260,246
8831.jpg,289,297
9818.jpg,288,364
4063.jpg,286,386
8948.jpg,212,216
5540.jpg,314,382
1697.jpg,316,280
2792.jpg,224,216
2222.jpg,209,440
5818.jpg,313,181
9662.jpg,288,461
3764.jpg,264,297
3866.jpg,243,134
6421.jpg,271,151
9399.jpg,321,226
8938.jpg,222,198
6671.jpg,285,346
7978.jpg,282,205
3758.jpg,259,386
9774.jpg,325,386
3227.jpg,316,146
7802.jpg,281,175
3923.jpg,241,427
3904.jpg,299,73
2277.jpg,203,357
6810.jpg,225,332
1401.jpg,317,343
739.jpg,220,114
4266.jpg,303,127
9861.jpg,213,412
7352.jpg,281,348
7518.jpg,285,163
3851.jpg,248,66
8631.jpg,210,229
2661.jpg,204,239
6504.jpg,235,433
9799.jpg,271,349
674.jpg,240,462
7105.jpg,307,372
6360.jpg,283,486
3841.jpg,297,482
1815.jpg,262,242
9489.jpg,322,413
9838.jpg,262,150
9201.jpg,289,345
4653.jpg,325,430
8692.jpg,279,155
2100.jpg,237,352
7711.jpg,315,245
1673.jpg,250,290
2101.jpg,208,414
4213.jpg,261,421
6958.jpg,235,184
1548.jpg,216,201
9550.jpg,305,380
3323.jpg,229,92
9583.jpg,275,223
355.jpg,204,443
5184.jpg,286,490
1461.jpg,295,332
7624.jpg,274,444
9385.jpg,229,100
3220.jpg,242,386
939.jpg,319,235
5147.jpg,282,109
5923.jpg,253,174
7883.jpg,219,241
1751.jpg,292,375
9468.jpg,268,372
7597.jpg,271,215
1772.jpg,206,374
1196.jpg,261,203
1878.jpg,323,470
2668.jpg,264,130
3171.jpg,214,449
2016.jpg,253,66
2005.jpg,226,291
8272.jpg,220,238
3893.jpg,224,177
9991.jpg,212,203
3237.jpg,205,360
4424.jpg,285,251
4744.jpg,237,260
2078.jpg,247,70
5219.jpg,272,421
396.jpg,296,268
2788.jpg,235,298
8877.jpg,290,297
8638.jpg,284,242
4072.jpg,320,220
5574.jpg,303,220
8369.jpg,199,81
9507.jpg,210,385
5355.jpg,232,276
7233.jpg,245,426
9483.jpg,219,87
6820.jpg,308,176
1519.jpg,291,472
8196.jpg,223,476
1378.jpg,307,367
5672.jpg,287,116
1023.jpg,236,132
2587.jpg,304,135
7042.jpg,294,372
5621.jpg,222,343
7637.jpg,247,383
5008.jpg,304,100
2857.jpg,254,458
8254.jpg,292,322
5771.jpg,246,119
5842.jpg,283,471
8027.jpg,223,471
5832.jpg,221,158
1629.jpg,271,102
4888.jpg,225,414
4526.jpg,205,155
3523.jpg,272,332
5904.jpg,271,58
7781.jpg,277,371
3607.jpg,302,189
9418.jpg,235,80
5220.jpg,259,409
234.jpg,294,298
7755.jpg,226,337
3796.jpg,231,497
4118.jpg,254,220
6318.jpg,283,96
5001.jpg,256,186
3800.jpg,257,95
7809.jpg,317,287
3899.jpg,222,279
5024.jpg,246,276
1948.jpg,311,434
6361.jpg,207,115
470.jpg,203,265
9944.jpg,231,104
3492.jpg,261,244
6091.jpg,211,405
2671.jpg,206,370
9800.jpg,267,310
2224.jpg,259,424
1106.jpg,321,395
2188.jpg,240,481
818.jpg,259,181
5571.jpg,320,271
4523.jpg,257,308
5793.jpg,311,371
9381.jpg,262,327
8780.jpg,296,348
7459.jpg,272,258
2624.jpg,294,188
7094.jpg,296,476
9392.jpg,285,374
9916.jpg,248,155
9119.jpg,236,419
888.jpg,300,382
2437.jpg,229,241
6056.jpg,284,73
7064.jpg,271,180
817.jpg,215,424
8934.jpg,215,75
3414.jpg,289,346
6352.jpg,221,81
2341.jpg,206,172
9029.jpg,241,375
3167.jpg,287,140
1809.jpg,257,158
8035.jpg,272,196
1264.jpg,257,495
5086.jpg,301,366
9675.jpg,236,409
5835.jpg,256,438
5194.jpg,224,194
4449.jpg,205,284
4945.jpg,300,222
4045.jpg,294,440
6503.jpg,251,262
3702.jpg,228,393
1035.jpg,291,235
9256.jpg,213,253
5590.jpg,213,172
1228.jpg,262,266
9999.jpg,286,464
6811.jpg,238,87
5141.jpg,290,267
52.jpg,229,220
9067.jpg,246,175
8395.jpg,240,401
159.jpg,231,66
7552.jpg,324,164
1587.jpg,256,168
1589.jpg,204,377
9841.jpg,208,118
9328.jpg,277,428
6930.jpg,301,426
6596.jpg,216,486
6174.jpg,241,130
8098.jpg,206,459
3858.jpg,251,346
9814.jpg,235,121
6691.jpg,298,372
2828.jpg,240,240
436.jpg,268,162
8274.jpg,255,424
8168.jpg,211,89
3878.jpg,299,338
1588.jpg,220,171
2780.jpg,298,259
8981.jpg,203,262
8561.jpg,275,107
5686.jpg,210,389
3965.jpg,262,487
4727.jpg,212,428
973.jpg,289,381
1238.jpg,295,142
2951.jpg,262,487
2342.jpg,217,304
6520.jpg,325,274
7310.jpg,260,117
6046.jpg,262,114
2158.jpg,230,146
9288.jpg,313,280
6589.jpg,253,100
1497.jpg,280,386
4545.jpg,255,169
6465.jpg,236,241
4257.jpg,211,364
2422.jpg,309,54
8564.jpg,304,179
5185.jpg,282,250
5647.jpg,230,212
357.jpg,262,254
5242.jpg,256,410
8011.jpg,203,93
9240.jpg,208,201
2092.jpg,283,459
5409.jpg,229,292
2015.jpg,219,323
9059.jpg,298,247
4044.jpg,328,361
187.jpg,260,98
6858.jpg,276,318
3655.jpg,324,253
3426.jpg,311,448
7194.jpg,288,367
1381.jpg,293,469
7468.jpg,229,300
413.jpg,246,294
5037.jpg,223,149
4897.jpg,296,416
3336.jpg,277,175
3606.jpg,266,409
3175.jpg,241,453
2241.jpg,297,157
9708.jpg,302,438
7796.jpg,251,91
256.jpg,238,488
8620.jpg,313,259
200.jpg,327,356
2235.jpg,249,307
4743.jpg,243,372
1767.jpg,259,395
4236.jpg,273,489
6729.jpg,269,496
8450.jpg,320,411
7277.jpg,226,281
1572.jpg,234,451
24.jpg,239,367
3363.jpg,292,229
1088.jpg,217,163
4674.jpg,226,80
2694.jpg,220,96
7582.jpg,268,230
3398.jpg,234,494
3559.jpg,208,232
9156.jpg,218,471
2841.jpg,320,224
2311.jpg,283,229
8333.jpg,204,432
3234.jpg,282,208
4152.jpg,206,221
1309.jpg,266,152
695.jpg,277,85
9859.jpg,270,223
3752.jpg,315,428
6337.jpg,202,464
1227.jpg,310,201
1999.jpg,293,282
276.jpg,271,78
8176.jpg,283,453
7664.jpg,276,458
5929.jpg,258,142
2953.jpg,275,191
3637.jpg,245,186
3906.jpg,225,384
4778.jpg,207,184
5845.jpg,330,108
9698.jpg,202,382
4117.jpg,215,188
7030.jpg,221,86
1137.jpg,286,327
2767.jpg,260,66
2334.jpg,257,144
7706.jpg,250,235
942.jpg,286,354
7662.jpg,261,120
2490.jpg,323,154
9679.jpg,288,155
6290.jpg,303,287
4935.jpg,246,353
3935.jpg,250,462
6956.jpg,229,125
2384.jpg,269,95
115.jpg,278,393
1863.jpg,277,323
9976.jpg,294,215
3119.jpg,235,310
4258.jpg,319,460
6705.jpg,217,271
902.jpg,269,71
2819.jpg,209,347
3822.jpg,265,93
8161.jpg,243,306
6890.jpg,306,411
9090.jpg,235,123
4699.jpg,290,311
8918.jpg,230,480
3802.jpg,296,237
6068.jpg,318,359
5810.jpg,295,456
3536.jpg,232,432
3825.jpg,284,191
8642.jpg,296,139
8608.jpg,304,360
4810.jpg,220,72
1946.jpg,203,131
8600.jpg,318,153
7136.jpg,219,414
5335.jpg,291,92
3488.jpg,225,190
1610.jpg,275,465
7461.jpg,238,89
8473.jpg,237,176
4677.jpg,214,368
4959.jpg,237,65
5867.jpg,318,408
8763.jpg,232,308
4761.jpg,205,352
2194.jpg,215,201
8003.jpg,213,267
5701.jpg,276,470
5113.jpg,281,244
557.jpg,205,380
8065.jpg,316,464
5139.jpg,256,237
1207.jpg,203,465
7033.jpg,301,168
7309.jpg,329,242
1510.jpg,315,366
6769.jpg,302,454
3829.jpg,280,452
3732.jpg,261,321
7957.jpg,270,350
3211.jpg,238,98
3630.jpg,248,127
1708.jpg,218,274
1845.jpg,251,367
266.jpg,214,64
5985.jpg,212,269
1140.jpg,264,402
3162.jpg,237,176
6207.jpg,217,281
2046.jpg,229,321
3730.jpg,279,447
1909.jpg,234,151
7307.jpg,202,48
2660.jpg,225,313
656.jpg,222,223
6660.jpg,328,329
1307.jpg,226,79
9429.jpg,311,76
998.jpg,326,112
7432.jpg,313,158
2834.jpg,277,170
9178.jpg,302,316
5880.jpg,270,334
1237.jpg,299,141
2151.jpg,325,386
7919.jpg,278,291
9695.jpg,262,258
7189.jpg,246,69
8303.jpg,300,264
6578.jpg,238,390
5091.jpg,206,74
2186.jpg,312,432
1134.jpg,205,295
5004.jpg,255,373
7974.jpg,317,384
1303.jpg,275,347
8468.jpg,330,378
1627.jpg,215,474
9281.jpg,213,140
1522.jpg,222,166
9810.jpg,255,215
358.jpg,222,182
138.jpg,299,145
299.jpg,267,181
1556.jpg,226,331
5099.jpg,279,342
382.jpg,214,203
8312.jpg,324,343
6948.jpg,312,146
4857.jpg,305,499
3180.jpg,311,142
1439.jpg,301,178
7269.jpg,327,173
5673.jpg,255,425
946.jpg,200,476
2390.jpg,306,195
5498.jpg,267,149
7073.jpg,306,243
9230.jpg,245,129
2721.jpg,324,393
1932.jpg,230,320
7423.jpg,262,412
3236.jpg,314,417
3140.jpg,272,319
4163.jpg,301,95
8888.jpg,248,346
3807.jpg,228,344
9479.jpg,287,428
6983.jpg,210,308
8904.jpg,291,73
9722.jpg,289,250
4154.jpg,283,224
4172.jpg,206,227
796.jpg,322,462
2416.jpg,280,170
7170.jpg,283,405
6139.jpg,221,179
785.jpg,268,350
7067.jpg,234,243
3158.jpg,306,282
123.jpg,256,97
9457.jpg,294,81
9246.jpg,234,320
2172.jpg,290,389
2169.jpg,282,130
6880.jpg,327,397
4009.jpg,272,391
9296.jpg,278,401
4340.jpg,248,283
910.jpg,279,465
6268.jpg,282,438
7771.jpg,213,298
2309.jpg,232,140
9658.jpg,256,246
3634.jpg,264,374
1257.jpg,237,458
6591.jpg,232,381
4458.jpg,226,217
6133.jpg,312,145
1178.jpg,318,153
4652.jpg,270,248
6218.jpg,317,321
3650.jpg,218,313
442.jpg,294,330
3415.jpg,209,213
1399.jpg,227,117
1457.jpg,315,346
7524.jpg,253,477
5744.jpg,227,330
1054.jpg,249,165
8998.jpg,281,235
3275.jpg,297,126
1463.jpg,321,393
3699.jpg,206,232
3759.jpg,245,102
929.jpg,316,375
5511.jpg,217,207
6468.jpg,265,118
8412.jpg,286,252
1829.jpg,255,429
2928.jpg,272,432
8295.jpg,209,412
6538.jpg,224,452
4221.jpg,213,239
3546.jpg,215,385
5598.jpg,298,293
8937.jpg,246,227
7318.jpg,226,341
8350.jpg,309,465
2011.jpg,236,453
913.jpg,251,313
8248.jpg,273,236
7265.jpg,276,70
3219.jpg,291,278
2606.jpg,260,339
3264.jpg,217,392
4928.jpg,240,404
8661.jpg,329,228
6564.jpg,311,255
8129.jpg,245,59
6.jpg,223,343
2980.jpg,258,348
6583.jpg,256,128
3361.jpg,285,236
4774.jpg,232,401
1943.jpg,288,229
7452.jpg,262,297
5499.jpg,251,335
1635.jpg,232,55
1141.jpg,313,72
2041.jpg,308,438
6703.jpg,260,220
7818.jpg,276,457
2070.jpg,260,259
3134.jpg,265,122
5160.jpg,276,487
8331.jpg,260,255
5275.jpg,263,127
2242.jpg,214,416
1474.jpg,308,468
8590.jpg,260,183
1889.jpg,316,214
3435.jpg,310,296
7593.jpg,303,429
7745.jpg,230,123
3705.jpg,264,266
2021.jpg,216,483
4020.jpg,282,426
8830.jpg,297,89
8443.jpg,230,310
3500.jpg,216,426
2658.jpg,300,328
8456.jpg,256,110
6888.jpg,271,216
1130.jpg,315,290
5557.jpg,271,443
7358.jpg,290,86
1819.jpg,291,361
7538.jpg,251,194
9386.jpg,232,114
4318.jpg,202,424
9604.jpg,302,75
4144.jpg,275,96
4669.jpg,324,459
1236.jpg,259,322
5476.jpg,252,155
9836.jpg,279,162
1856.jpg,309,90
2282.jpg,255,451
8693.jpg,305,334
9320.jpg,210,498
4093.jpg,288,278
7061.jpg,307,378
5200.jpg,269,219
6401.jpg,255,191
9929.jpg,317,371
3421.jpg,310,71
9269.jpg,329,131
386.jpg,288,223
8548.jpg,314,342
1628.jpg,284,303
3585.jpg,310,300
7412.jpg,222,482
2714.jpg,311,102
7171.jpg,275,390
8435.jpg,301,346
9321.jpg,310,420
5659.jpg,300,315
3189.jpg,283,216
9968.jpg,317,60
4305.jpg,282,373
909.jpg,218,276
5385.jpg,321,250
1996.jpg,234,379
1866.jpg,263,496
1842.jpg,257,413
2497.jpg,229,350
201.jpg,285,91
7905.jpg,312,112
7724.jpg,266,457
5054.jpg,279,358
5889.jpg,271,296
4006.jpg,244,409
9901.jpg,313,477
2702.jpg,290,153
3449.jpg,289,494
331.jpg,290,144
7139.jpg,226,274
8960.jpg,295,324
9819.jpg,264,281
7176.jpg,309,112
2459.jpg,255,497
1774.jpg,223,220
6628.jpg,226,406
7596.jpg,303,258
7986.jpg,220,478
2686.jpg,322,127
9147.jpg,247,315
989.jpg,319,219
9046.jpg,275,159
8348.jpg,218,380
8875.jpg,214,250
8550.jpg,307,430
5806.jpg,246,192
8733.jpg,265,284
8697.jpg,318,120
6574.jpg,282,184
3052.jpg,232,143
8637.jpg,271,120
5462.jpg,213,149
173.jpg,210,449
4954.jpg,262,266
4615.jpg,279,127
3321.jpg,215,282
7065.jpg,331,479
6246.jpg,234,389
6745.jpg,221,157
3372.jpg,254,66
6048.jpg,203,463
3311.jpg,258,152
7416.jpg,254,83
7293.jpg,278,366
7584.jpg,299,387
9377.jpg,227,88
8811.jpg,227,465
8160.jpg,328,343
4679.jpg,250,191
3403.jpg,283,230
18.jpg,202,302
3691.jpg,247,300
8654.jpg,256,406
4096.jpg,248,179
3628.jpg,234,268
8862.jpg,282,466
2174.jpg,304,455
1356.jpg,328,376
5002.jpg,266,155
7391.jpg,213,104
6922.jpg,256,462
5823.jpg,271,440
9502.jpg,288,170
5670.jpg,316,318
3112.jpg,208,375
182.jpg,282,336
3642.jpg,316,140
8857.jpg,288,403
1812.jpg,294,111
7875.jpg,327,215
8497.jpg,278,486
4912.jpg,326,445
5668.jpg,314,326
8542.jpg,261,214
1800.jpg,253,302
9251.jpg,215,177
2429.jpg,206,428
5482.jpg,208,143
6761.jpg,234,229
9839.jpg,230,287
9635.jpg,227,384
1968.jpg,291,297
8339.jpg,205,490
8141.jpg,283,280
7696.jpg,276,372
7541.jpg,304,205
4987.jpg,317,408
9756.jpg,259,149
4650.jpg,298,432
1159.jpg,275,153
1213.jpg,223,120
7336.jpg,222,372
1325.jpg,318,468
7512.jpg,294,247
7580.jpg,289,225
4796.jpg,223,176
6796.jpg,265,425
5808.jpg,227,76
5943.jpg,241,374
9283.jpg,263,387
8144.jpg,298,181
1455.jpg,302,480
5410.jpg,211,221
7129.jpg,216,246
8892.jpg,266,203
4962.jpg,215,273
2800.jpg,292,64
1644.jpg,206,170
2140.jpg,226,410
4536.jpg,297,210
4457.jpg,259,230
8951.jpg,256,424
5586.jpg,286,396
4378.jpg,326,282
729.jpg,331,429
4357.jpg,303,170
7748.jpg,290,269
6716.jpg,222,275
1936.jpg,240,401
3793.jpg,232,300
3736.jpg,224,132
2261.jpg,210,187
4005.jpg,321,368
1110.jpg,208,500
9028.jpg,227,260
5480.jpg,304,403
2998.jpg,218,164
2394.jpg,287,453
1185.jpg,275,369
2007.jpg,212,200
193.jpg,240,293
5611.jpg,221,378
2901.jpg,234,265
578.jpg,311,168
6219.jpg,202,437
5525.jpg,209,146
771.jpg,314,103
7839.jpg,260,73
2395.jpg,321,463
1478.jpg,278,460
1846.jpg,309,336
9108.jpg,209,212
4274.jpg,200,479
3740.jpg,207,371
4600.jpg,323,272
8087.jpg,301,109
8710.jpg,306,364
6676.jpg,289,200
6375.jpg,248,286
8124.jpg,318,402
9538.jpg,268,230
4915.jpg,311,453
2073.jpg,272,76
4754.jpg,240,171
1896.jpg,247,404
8552.jpg,225,142
6702.jpg,327,503
6317.jpg,203,123
3659.jpg,255,305
6581.jpg,276,119
2379.jpg,255,434
1447.jpg,315,303
342.jpg,258,444
5127.jpg,287,202
3136.jpg,227,240
2527.jpg,321,93
727.jpg,324,103
4577.jpg,274,402
976.jpg,283,292
8391.jpg,312,386
5443.jpg,304,484
9034.jpg,282,151
3516.jpg,276,308
7975.jpg,230,221
9787.jpg,224,325
3940.jpg,225,237
1299.jpg,237,205
9764.jpg,221,78
1348.jpg,309,206
660.jpg,302,146
5886.jpg,289,203
1492.jpg,215,93
9946.jpg,271,318
4589.jpg,299,74
8530.jpg,221,470
5154.jpg,262,425
2315.jpg,269,257
9614.jpg,243,498
9577.jpg,295,70
7024.jpg,303,120
1085.jpg,329,233
2524.jpg,315,124
8968.jpg,289,113
5374.jpg,313,85
3198.jpg,260,273
5751.jpg,306,169
4008.jpg,270,253
5717.jpg,231,336
6657.jpg,255,310
9357.jpg,272,218
8790.jpg,252,200
67.jpg,291,203
7923.jpg,313,129
40.jpg,234,229
2269.jpg,262,363
2381.jpg,256,273
7341.jpg,254,360
9961.jpg,285,171
4916.jpg,218,457
5322.jpg,257,183
5773.jpg,239,124
6232.jpg,329,358
6963.jpg,307,340
3447.jpg,255,352
6816.jpg,323,307
2367.jpg,220,229
7981.jpg,312,246
8166.jpg,260,257
2512.jpg,324,316
9619.jpg,319,253
2723.jpg,267,295
5948.jpg,301,239
9185.jpg,289,103
9004.jpg,206,348
1143.jpg,232,253
9736.jpg,266,432
7222.jpg,316,478
8292.jpg,222,471
9220.jpg,295,253
4728.jpg,242,166
5494.jpg,237,375
5755.jpg,270,314
7562.jpg,272,491
3789.jpg,263,188
2220.jpg,265,259
5075.jpg,214,236
2331.jpg,325,230
5394.jpg,288,443
7439.jpg,225,339
8067.jpg,307,391
7090.jpg,312,307
9336.jpg,317,76
4088.jpg,263,210
1967.jpg,215,264
9363.jpg,246,182
9796.jpg,313,464
6757.jpg,259,440
9586.jpg,267,127
4365.jpg,308,64
6999.jpg,224,418
423.jpg,297,133
280.jpg,297,420
1904.jpg,207,352
595.jpg,240,362
8579.jpg,221,316
3917.jpg,251,349
6142.jpg,259,494
5661.jpg,266,371
5778.jpg,217,99
3618.jpg,226,381
6845.jpg,273,264
839.jpg,280,397
4596.jpg,238,453
7496.jpg,296,120
141.jpg,284,222
2597.jpg,268,447
6701.jpg,244,224
7756.jpg,253,118
1377.jpg,214,83
3674.jpg,202,266
8770.jpg,296,402
9895.jpg,268,168
6362.jpg,255,227
4741.jpg,287,178
3808.jpg,287,158
1138.jpg,258,424
2257.jpg,274,438
7865.jpg,206,362
1787.jpg,234,193
3938.jpg,319,416
9316.jpg,302,151
4646.jpg,300,418
459.jpg,273,297
6115.jpg,243,148
9542.jpg,316,315
948.jpg,328,297
3700.jpg,264,65
1336.jpg,268,335
6370.jpg,279,365
4628.jpg,262,418
6286.jpg,270,342
5925.jpg,311,335
5934.jpg,204,430
6040.jpg,208,332
441.jpg,316,118
6659.jpg,295,93
1602.jpg,294,156
2238.jpg,330,78
639.jpg,306,261
9820.jpg,241,149
3830.jpg,281,456
9395.jpg,316,314
6144.jpg,299,380
7985.jpg,237,494
9052.jpg,269,376
6344.jpg,298,470
2501.jpg,308,492
1958.jpg,290,461
1070.jpg,214,104
155.jpg,230,83
2295.jpg,232,460
9801.jpg,309,302
4578.jpg,253,148
1089.jpg,311,217
6049.jpg,207,314
6415.jpg,247,138
2940.jpg,234,74
723.jpg,293,112
4384.jpg,243,292
930.jpg,286,75
2909.jpg,230,381
7845.jpg,301,114
6763.jpg,202,304
8388.jpg,308,165
6416.jpg,251,460
895.jpg,295,285
3247.jpg,276,184
2326.jpg,288,216
7096.jpg,286,292
9505.jpg,215,89
7581.jpg,210,192
9742.jpg,318,238
5038.jpg,264,320
6450.jpg,263,305
4136.jpg,231,112
9248.jpg,311,306
1715.jpg,281,499
1698.jpg,263,133
9690.jpg,198,494
9549.jpg,208,474
9971.jpg,316,135
8224.jpg,296,326
3831.jpg,225,124
6299.jpg,249,309
3348.jpg,321,459
9518.jpg,236,233
985.jpg,218,433
1821.jpg,262,85
4571.jpg,224,278
587.jpg,248,303
9757.jpg,258,330
5077.jpg,285,326
7782.jpg,202,471
8323.jpg,286,270
9522.jpg,294,318
9967.jpg,276,228
5483.jpg,284,231
7746.jpg,284,313
9280.jpg,209,240
5514.jpg,234,234
9527.jpg,206,372
8871.jpg,289,405
5553.jpg,271,440
3557.jpg,258,130
1395.jpg,210,334
264.jpg,319,274
3547.jpg,304,371
6844.jpg,222,416
7628.jpg,317,113
6788.jpg,305,305
3069.jpg,221,328
5025.jpg,220,179
8396.jpg,285,190
3864.jpg,222,109
9072.jpg,289,464
2400.jpg,206,193
6274.jpg,302,347
8484.jpg,291,115
3711.jpg,320,444
246.jpg,266,495
1594.jpg,271,263
9682.jpg,296,255
1529.jpg,298,167
8223.jpg,301,306
923.jpg,252,485
7553.jpg,202,205
4364.jpg,227,61
669.jpg,257,218
3604.jpg,272,474
5108.jpg,290,103
1910.jpg,275,330
8344.jpg,307,119
5248.jpg,310,474
7183.jpg,260,87
3958.jpg,302,208
6957.jpg,326,255
6026.jpg,283,223
5643.jpg,284,256
2696.jpg,264,382
2591.jpg,320,288
5906.jpg,297,313
1781.jpg,227,318
6509.jpg,307,312
3013.jpg,263,123
7133.jpg,314,55
2307.jpg,278,189
7276.jpg,246,211
3690.jpg,322,189
687.jpg,230,425
6011.jpg,321,194
7071.jpg,322,394
612.jpg,203,384
7167.jpg,290,463
9205.jpg,232,391
3200.jpg,318,74
2267.jpg,209,219
9781.jpg,319,349
6629.jpg,288,71
4135.jpg,202,152
1898.jpg,315,316
9530.jpg,263,75
8153.jpg,313,140
258.jpg,258,262
2924.jpg,253,163
9424.jpg,226,476
4943.jpg,248,188
2822.jpg,235,67
6529.jpg,215,449
3339.jpg,212,234
3525.jpg,248,313
4563.jpg,216,209
9656.jpg,259,220
7908.jpg,251,449
5329.jpg,293,260
5223.jpg,306,451
2285.jpg,259,418
6063.jpg,250,305
4654.jpg,261,393
5000.jpg,248,112
6710.jpg,290,202
9324.jpg,239,388
484.jpg,314,436
2211.jpg,318,242
5416.jpg,305,249
7563.jpg,227,118
2555.jpg,296,182
7.jpg,300,159
3657.jpg,251,124
6411.jpg,214,96
9164.jpg,207,178
4874.jpg,285,69
4402.jpg,251,349
8916.jpg,210,224
5546.jpg,308,412
5297.jpg,243,302
2426.jpg,236,436
6744.jpg,297,360
1814.jpg,213,113
6822.jpg,279,346
9625.jpg,229,260
2274.jpg,291,70
1011.jpg,301,407
1577.jpg,256,171
7264.jpg,285,437
1067.jpg,307,70
1991.jpg,205,361
3970.jpg,299,165
9073.jpg,244,219
5879.jpg,301,309
8430.jpg,223,354
4542.jpg,322,251
9326.jpg,260,109
7193.jpg,225,118
3867.jpg,278,369
9415.jpg,264,299
6823.jpg,203,198
3048.jpg,209,187
781.jpg,298,298
6747.jpg,202,211
2675.jpg,246,121
1749.jpg,280,410
6222.jpg,287,142
7946.jpg,206,331
2791.jpg,238,277
6519.jpg,301,141
5774.jpg,318,330
6357.jpg,275,75
4979.jpg,252,380
7588.jpg,257,132
1091.jpg,315,223
6526.jpg,265,312
9607.jpg,300,224
4627.jpg,236,254
2324.jpg,259,324
6534.jpg,249,258
8971.jpg,237,164
5055.jpg,282,390
2608.jpg,303,68
9020.jpg,219,483
2290.jpg,310,90
1727.jpg,279,286
610.jpg,224,179
4666.jpg,232,379
8051.jpg,270,114
5413.jpg,246,305
343.jpg,286,367
4683.jpg,259,222
8784.jpg,257,336
3750.jpg,322,310
8453.jpg,203,164
9307.jpg,325,337
5999.jpg,313,396
3215.jpg,306,229
97.jpg,223,356
7387.jpg,322,165
7665.jpg,210,249
5176.jpg,235,408
7279.jpg,253,84
6165.jpg,202,107
1537.jpg,263,468
3588.jpg,293,312
9442.jpg,328,319
6985.jpg,321,250
3648.jpg,278,299
2657.jpg,224,182
9826.jpg,248,221
1517.jpg,249,425
5061.jpg,212,369
9349.jpg,313,331
4624.jpg,268,270
4272.jpg,230,99
3669.jpg,227,356
6566.jpg,301,117
5800.jpg,296,412
2090.jpg,242,303
7097.jpg,299,118
6171.jpg,225,246
572.jpg,317,444
9558.jpg,292,258
4688.jpg,258,264
9074.jpg,241,170
3062.jpg,251,266
9293.jpg,319,134
6470.jpg,247,457
7160.jpg,289,139
6633.jpg,268,252
8491.jpg,320,283
7925.jpg,282,97
7345.jpg,204,268
6304.jpg,230,388
7900.jpg,317,233
9439.jpg,268,177
8185.jpg,246,319
4479.jpg,295,451
4948.jpg,310,136
5976.jpg,225,65
370.jpg,275,150
1938.jpg,308,229
2352.jpg,270,481
7127.jpg,253,135
1753.jpg,207,129
3670.jpg,267,343
7298.jpg,286,345
3652.jpg,257,286
5201.jpg,238,79
7909.jpg,234,380
2361.jpg,212,408
4260.jpg,326,369
5432.jpg,235,426
6285.jpg,319,364
4991.jpg,281,214
7600.jpg,288,340
9462.jpg,245,371
3737.jpg,264,254
7520.jpg,307,165
8559.jpg,230,327
8926.jpg,222,493
9990.jpg,308,459
5591.jpg,310,197
1171.jpg,314,112
7370.jpg,289,374
7937.jpg,223,321
8086.jpg,284,358
1422.jpg,211,252
6782.jpg,280,221
9443.jpg,268,329
8139.jpg,284,450
9350.jpg,265,451
8018.jpg,312,471
6339.jpg,317,170
9647.jpg,284,422
874.jpg,327,384
2297.jpg,280,336
2643.jpg,327,290
7531.jpg,233,246
1719.jpg,288,137
5347.jpg,309,389
5932.jpg,288,219
840.jpg,249,260
9937.jpg,241,156
581.jpg,257,317
204.jpg,324,276
1641.jpg,299,285
2014.jpg,244,207
3253.jpg,286,365
7540.jpg,211,98
905.jpg,319,482
631.jpg,263,138
8420.jpg,280,316
7823.jpg,225,109
1974.jpg,289,292
162.jpg,244,396
4998.jpg,326,336
1243.jpg,305,319
9450.jpg,323,371
7764.jpg,284,297
4713.jpg,226,165
875.jpg,276,338
1431.jpg,239,66
8738.jpg,218,391
6868.jpg,289,418
4643.jpg,284,238
5080.jpg,276,439
5783.jpg,245,182
9138.jpg,310,252
7616.jpg,225,433
8039.jpg,261,363
7955.jpg,240,203
9437.jpg,230,339
2856.jpg,273,342
1861.jpg,252,250
2659.jpg,309,87
3384.jpg,305,318
9564.jpg,293,89
9776.jpg,297,499
8090.jpg,225,64
8347.jpg,244,326
7462.jpg,235,183
6886.jpg,210,114
4733.jpg,223,300
3331.jpg,238,427
9006.jpg,255,427
8635.jpg,326,73
6404.jpg,264,176
8346.jpg,201,192
9464.jpg,265,336
7060.jpg,222,230
2096.jpg,307,98
2003.jpg,240,180
8804.jpg,270,131
9732.jpg,311,192
4676.jpg,206,167
5017.jpg,276,315
7469.jpg,221,431
546.jpg,257,480
1449.jpg,268,273
3986.jpg,275,492
6900.jpg,214,264
2610.jpg,308,95
1900.jpg,309,454
3920.jpg,215,486
2757.jpg,303,346
6124.jpg,248,330
6397.jpg,305,382
1885.jpg,220,70
9823.jpg,212,410
5738.jpg,280,263
8667.jpg,214,321
5890.jpg,308,345
2097.jpg,318,300
9289.jpg,293,155
5692.jpg,222,331
499.jpg,233,133
5624.jpg,279,144
836.jpg,209,455
3471.jpg,316,311
4697.jpg,307,169
6280.jpg,318,228
8883.jpg,325,205
2171.jpg,209,237
9231.jpg,317,411
5678.jpg,254,200
9184.jpg,322,286
398.jpg,277,450
2010.jpg,271,345
5166.jpg,234,330
5871.jpg,300,75
9792.jpg,276,151
1283.jpg,236,433
8390.jpg,224,364
2448.jpg,219,443
4256.jpg,321,285
1836.jpg,220,334
9596.jpg,223,76
1019.jpg,220,425
5066.jpg,241,466
1326.jpg,234,437
8752.jpg,314,373
475.jpg,228,97
2810.jpg,308,197
8632.jpg,259,96
1651.jpg,269,101
9611.jpg,214,235
1169.jpg,289,372
2528.jpg,303,424
1206.jpg,246,495
6256.jpg,242,137
7926.jpg,309,346
5469.jpg,280,390
9383.jpg,270,400
431.jpg,282,144
7700.jpg,232,479
867.jpg,208,224
2974.jpg,306,306
5236.jpg,230,457
5093.jpg,227,455
5433.jpg,240,259
541.jpg,264,223
5195.jpg,298,225
1132.jpg,204,406
9837.jpg,277,304
4501.jpg,290,409
6354.jpg,275,402
9333.jpg,273,355
3390.jpg,280,464
3888.jpg,219,252
2962.jpg,201,395
4155.jpg,227,330
3259.jpg,327,424
6302.jpg,203,451
6034.jpg,246,261
7918.jpg,284,142
9936.jpg,316,151
2583.jpg,285,373
2813.jpg,213,431
3959.jpg,219,218
2947.jpg,320,482
6643.jpg,270,206
5174.jpg,211,463
6841.jpg,255,391
8298.jpg,267,442
3586.jpg,241,175
9228.jpg,270,154
7988.jpg,224,233
2563.jpg,273,225
2630.jpg,318,309
3190.jpg,280,495
7778.jpg,310,153
7645.jpg,259,210
5036.jpg,303,356
1080.jpg,244,107
4283.jpg,307,267
9711.jpg,215,142
7085.jpg,237,479
2085.jpg,265,250
6345.jpg,245,314
2452.jpg,255,165
4966.jpg,226,349
2023.jpg,319,294
8071.jpg,209,93
8987.jpg,219,350
8718.jpg,283,61
7321.jpg,227,207
226.jpg,321,261
1013.jpg,279,161
6679.jpg,226,408
1929.jpg,307,142
1043.jpg,321,448
5251.jpg,247,126
1404.jpg,288,130
2179.jpg,296,497
697.jpg,205,492
1124.jpg,249,268
7378.jpg,234,131
3895.jpg,306,252
8217.jpg,224,264
5110.jpg,323,178
1778.jpg,226,364
7786.jpg,228,260
2634.jpg,265,453
7187.jpg,218,73
7544.jpg,220,144
7604.jpg,263,319
3489.jpg,245,459
8259.jpg,216,81
1037.jpg,268,402
6093.jpg,316,122
2256.jpg,260,233
8188.jpg,303,215
2613.jpg,278,492
313.jpg,233,478
2649.jpg,286,291
2281.jpg,213,323
6741.jpg,206,300
2979.jpg,242,264
2547.jpg,291,218
5512.jpg,260,169
5132.jpg,204,162
2159.jpg,269,111
7080.jpg,251,365
3137.jpg,303,233
9079.jpg,304,361
5850.jpg,291,470
9865.jpg,284,104
6445.jpg,303,398
3967.jpg,239,288
1428.jpg,271,191
8422.jpg,287,118
2520.jpg,262,178
7837.jpg,312,217
4969.jpg,321,54
1855.jpg,231,405
8884.jpg,261,114
5602.jpg,240,489
9344.jpg,246,73
9868.jpg,264,356
448.jpg,291,379
7703.jpg,316,187
1284.jpg,267,61
5995.jpg,260,239
7899.jpg,277,233
3727.jpg,282,210
7353.jpg,293,462
361.jpg,240,255
6279.jpg,220,182
5230.jpg,310,125
8942.jpg,307,137
7295.jpg,243,454
8891.jpg,239,411
7534.jpg,286,298
6251.jpg,226,209
5926.jpg,293,210
5149.jpg,300,64
2460.jpg,299,325
22.jpg,311,473
2066.jpg,202,354
1653.jpg,318,360
702.jpg,293,323
8490.jpg,213,268
2743.jpg,274,181
1376.jpg,237,389
1724.jpg,315,378
2468.jpg,204,270
3754.jpg,282,111
2325.jpg,230,193
460.jpg,233,467
5163.jpg,254,110
4183.jpg,319,216
5526.jpg,310,277
4082.jpg,205,482
1486.jpg,230,222
3678.jpg,203,205
282.jpg,302,231
6579.jpg,234,494
4558.jpg,263,74
4308.jpg,267,193
6684.jpg,327,75
4865.jpg,287,254
3537.jpg,293,100
3868.jpg,286,145
7003.jpg,246,328
2581.jpg,298,399
1368.jpg,298,337
9469.jpg,287,439
8197.jpg,302,92
597.jpg,234,322
4351.jpg,223,413
6346.jpg,287,77
8976.jpg,251,243
6379.jpg,274,411
4758.jpg,326,397
646.jpg,230,157
6381.jpg,202,179
7527.jpg,291,165
9697.jpg,242,354
6023.jpg,317,336
7954.jpg,263,211
7165.jpg,259,494
3468.jpg,304,468
7797.jpg,284,260
7697.jpg,238,422
2990.jpg,257,173
9407.jpg,320,187
4875.jpg,254,343
2544.jpg,265,264
8595.jpg,260,348
5341.jpg,278,423
1567.jpg,304,329
9994.jpg,322,347
4066.jpg,234,209
3988.jpg,282,189
7031.jpg,319,320
2160.jpg,289,144
685.jpg,287,226
7602.jpg,270,147
7784.jpg,278,127
3243.jpg,324,168
5844.jpg,215,328
9219.jpg,216,135
2461.jpg,318,375
4083.jpg,244,387
2837.jpg,295,381
3697.jpg,325,432
7128.jpg,222,345
6267.jpg,295,237
4941.jpg,255,188
5946.jpg,307,292
4583.jpg,274,292
5784.jpg,226,383
4040.jpg,299,313
2230.jpg,242,146
7569.jpg,268,261
935.jpg,234,227
2320.jpg,238,356
4878.jpg,240,98
521.jpg,262,124
522.jpg,273,119
5345.jpg,323,317
9876.jpg,254,464
3359.jpg,307,186
1311.jpg,251,98
3983.jpg,242,461
6494.jpg,247,184
9560.jpg,291,201
1716.jpg,311,132
780.jpg,251,96
8798.jpg,234,320
8231.jpg,239,304
5607.jpg,206,411
5978.jpg,322,366
651.jpg,231,93
3747.jpg,202,380
2196.jpg,232,249
8418.jpg,209,348
369.jpg,301,194
9884.jpg,253,441
8005.jpg,208,500
4214.jpg,308,118
377.jpg,236,348
9446.jpg,253,95
2216.jpg,266,393
8682.jpg,218,488
1613.jpg,315,222
6979.jpg,217,160
7549.jpg,273,267
1827.jpg,316,391
3632.jpg,321,348
962.jpg,224,363
2993.jpg,269,372
6606.jpg,287,472
9672.jpg,232,195
2376.jpg,269,229
8880.jpg,269,174
359.jpg,312,341
3839.jpg,297,205
8184.jpg,314,70
1246.jpg,257,266
7504.jpg,254,404
8349.jpg,270,79
6511.jpg,218,332
5087.jpg,329,301
3694.jpg,270,407
1573.jpg,304,89
6281.jpg,224,160
5439.jpg,315,468
2567.jpg,309,81
3423.jpg,233,305
2037.jpg,299,129
9243.jpg,259,187
772.jpg,247,436
5380.jpg,263,410
9568.jpg,221,321
3562.jpg,218,413
562.jpg,227,410
6683.jpg,253,112
2546.jpg,201,309
5510.jpg,302,133
5330.jpg,209,404
9667.jpg,244,364
4531.jpg,323,363
1674.jpg,304,445
7395.jpg,250,247
365.jpg,305,121
8016.jpg,328,437
9376.jpg,251,163
4327.jpg,246,222
9983.jpg,220,431
147.jpg,266,101
1668.jpg,269,458
3088.jpg,215,332
8844.jpg,249,478
7650.jpg,282,184
407.jpg,254,80
9584.jpg,207,347
7788.jpg,255,62
3456.jpg,231,474
6186.jpg,275,471
4182.jpg,212,165
3576.jpg,329,422
3271.jpg,317,323
4940.jpg,311,483
1031.jpg,277,248
8872.jpg,238,388
6230.jpg,306,440
6592.jpg,320,474
8906.jpg,257,185
9811.jpg,319,384
6724.jpg,271,139
8029.jpg,265,64
8052.jpg,232,85
855.jpg,252,205
3926.jpg,294,419
8547.jpg,202,388
78.jpg,237,70
7088.jpg,288,226
2247.jpg,287,134
8263.jpg,267,474
4026.jpg,218,409
9949.jpg,256,155
9571.jpg,226,450
9295.jpg,275,274
714.jpg,258,139
7451.jpg,245,416
788.jpg,221,375
2279.jpg,202,364
4095.jpg,233,197
3897.jpg,329,315
7944.jpg,296,298
7177.jpg,267,365
9076.jpg,306,318
9452.jpg,294,464
3631.jpg,249,392
8624.jpg,215,397
7297.jpg,217,99
6272.jpg,295,216
424.jpg,326,434
392.jpg,285,112
3191.jpg,228,252
16.jpg,269,474
6335.jpg,302,107
4200.jpg,308,346
2672.jpg,235,69
2444.jpg,227,76
6697.jpg,244,67
6164.jpg,256,163
2601.jpg,312,380
3493.jpg,227,260
6044.jpg,274,112
1459.jpg,287,315
3804.jpg,210,439
9845.jpg,256,306
7394.jpg,276,411
4839.jpg,206,165
8111.jpg,231,272
3835.jpg,309,116
9313.jpg,215,262
5683.jpg,277,394
8748.jpg,240,358
5827.jpg,318,241
9748.jpg,326,454
4724.jpg,268,163
8759.jpg,202,363
5887.jpg,225,481
2355.jpg,252,459
6036.jpg,330,424
4798.jpg,274,335
2442.jpg,272,254
8645.jpg,222,196
4592.jpg,276,236
8772.jpg,263,100
464.jpg,287,173
163.jpg,222,489
9261.jpg,310,170
9433.jpg,278,316
8405.jpg,307,152
9777.jpg,273,217
9478.jpg,298,324
7380.jpg,249,191
6636.jpg,316,469
241.jpg,202,500
2009.jpg,204,241
6356.jpg,313,99
3084.jpg,237,163
6208.jpg,258,371
900.jpg,289,323
5542.jpg,311,157
6007.jpg,240,214
7638.jpg,254,425
6793.jpg,263,485
8869.jpg,302,346
7758.jpg,274,272
4837.jpg,262,250
2293.jpg,300,316
6548.jpg,315,471
7898.jpg,203,222
7977.jpg,202,470
4481.jpg,204,143
5302.jpg,284,252
4605.jpg,317,104
3716.jpg,221,87
9071.jpg,229,177
6140.jpg,262,143
1764.jpg,244,306
6598.jpg,326,490
1549.jpg,266,463
3029.jpg,237,428
8653.jpg,323,490
6298.jpg,311,420
6662.jpg,236,122
6626.jpg,291,155
2044.jpg,275,78
767.jpg,233,496
5693.jpg,209,478
7870.jpg,276,318
7795.jpg,306,195
1508.jpg,329,84
7230.jpg,300,416
7857.jpg,260,455
3302.jpg,254,145
4517.jpg,201,353
4219.jpg,235,97
9078.jpg,311,475
9940.jpg,315,336
3292.jpg,275,437
819.jpg,325,154
1403.jpg,251,296
1382.jpg,320,145
2148.jpg,318,132
6928.jpg,295,396
5671.jpg,315,394
1638.jpg,260,321
5891.jpg,252,350
7427.jpg,270,331
608.jpg,233,453
6907.jpg,280,210
399.jpg,266,424
7247.jpg,268,261
6406.jpg,280,428
882.jpg,240,245
3565.jpg,225,141
4285.jpg,290,333
1179.jpg,265,386
5448.jpg,295,332
4244.jpg,327,183
5218.jpg,204,84
3976.jpg,281,417
2130.jpg,327,395
5078.jpg,244,257
456.jpg,223,91
5582.jpg,257,290
5175.jpg,266,301
1950.jpg,316,319
5372.jpg,290,300
689.jpg,264,258
8852.jpg,310,242
6525.jpg,239,123
9821.jpg,219,331
6488.jpg,249,265
6921.jpg,277,208
1953.jpg,319,377
7634.jpg,317,398
5636.jpg,310,365
7154.jpg,210,263
8424.jpg,220,203
6610.jpg,234,251
2710.jpg,215,294
8730.jpg,247,441
3201.jpg,315,194
4349.jpg,254,385
4138.jpg,258,154
1884.jpg,237,211
8639.jpg,318,483
4485.jpg,210,94
2494.jpg,206,122
5947.jpg,256,234
3036.jpg,247,468
5777.jpg,203,229
3603.jpg,289,139
845.jpg,209,452
542.jpg,288,479
3724.jpg,274,228
4187.jpg,202,325
3679.jpg,235,378
8899.jpg,310,398
7967.jpg,223,503
8485.jpg,239,134
6075.jpg,271,304
7340.jpg,308,259
8225.jpg,300,191
7246.jpg,218,269
9710.jpg,235,282
8290.jpg,261,270
7137.jpg,265,306
2964.jpg,242,428
7559.jpg,299,426
2529.jpg,318,78
7284.jpg,245,417
5772.jpg,303,395
1048.jpg,211,61
7045.jpg,214,178
1960.jpg,265,410
2530.jpg,308,195
9048.jpg,291,214
7603.jpg,253,92
6524.jpg,276,76
237.jpg,208,154
4917.jpg,272,340
6479.jpg,263,98
1133.jpg,265,182
6976.jpg,262,438
5901.jpg,239,211
9057.jpg,234,167
4259.jpg,303,501
8840.jpg,316,365
6965.jpg,320,398
9979.jpg,202,392
792.jpg,208,61
1985.jpg,319,465
5656.jpg,275,144
8739.jpg,267,346
7935.jpg,215,318
6097.jpg,312,236
5907.jpg,222,165
7373.jpg,316,222
8128.jpg,236,443
2978.jpg,285,346
8861.jpg,294,187
9301.jpg,295,319
6721.jpg,324,258
7842.jpg,254,440
5524.jpg,301,118
8721.jpg,248,426
8431.jpg,253,197
9008.jpg,262,145
8603.jpg,201,403
7174.jpg,206,213
3919.jpg,237,303
3138.jpg,218,428
9416.jpg,299,369
9933.jpg,242,337
5789.jpg,298,372
4073.jpg,229,345
3287.jpg,280,246
3229.jpg,237,245
1826.jpg,257,237
5548.jpg,204,135
593.jpg,289,346
2725.jpg,233,425
4137.jpg,242,82
560.jpg,235,251
7406.jpg,246,398
8806.jpg,293,312
8386.jpg,252,158
243.jpg,274,451
7268.jpg,219,132
5435.jpg,211,449
4437.jpg,287,463
9684.jpg,234,409
8106.jpg,326,310
405.jpg,290,166
1442.jpg,266,446
261.jpg,216,327
4406.jpg,303,344
7633.jpg,202,152
9533.jpg,198,476
1689.jpg,303,130
9866.jpg,326,279
1725.jpg,203,248
8994.jpg,258,449
4930.jpg,275,198
5962.jpg,294,465
2496.jpg,327,143
9014.jpg,271,457
6904.jpg,200,90
6106.jpg,208,402
8200.jpg,272,373
340.jpg,286,247
2408.jpg,293,110
1601.jpg,214,476
9864.jpg,314,222
8359.jpg,317,122
5782.jpg,226,300
4576.jpg,296,319
7971.jpg,249,499
3725.jpg,230,470
2556.jpg,305,448
2785.jpg,272,279
1523.jpg,237,193
7717.jpg,246,442
2507.jpg,272,475
2831.jpg,258,291
1012.jpg,245,213
5280.jpg,234,176
4895.jpg,305,489
1766.jpg,229,350
4551.jpg,330,350
7121.jpg,305,333
6549.jpg,298,487
4037.jpg,322,199
8270.jpg,285,111
148.jpg,211,149
285.jpg,263,310
7800.jpg,220,203
9651.jpg,232,391
363.jpg,291,235
5367.jpg,303,368
9945.jpg,213,162
8410.jpg,224,87
9453.jpg,291,386
4725.jpg,328,79
7271.jpg,243,358
6770.jpg,247,199
4443.jpg,280,447
7446.jpg,243,239
236.jpg,271,216
7709.jpg,202,144
9585.jpg,275,197
2562.jpg,278,165
7123.jpg,282,481
8536.jpg,305,101
9602.jpg,217,149
5519.jpg,222,110
9613.jpg,290,371
3083.jpg,289,416
2959.jpg,331,485
2102.jpg,326,334
632.jpg,231,390
6813.jpg,280,375
2493.jpg,219,156
2665.jpg,247,456
8494.jpg,257,73
8425.jpg,317,143
9266.jpg,206,434
4211.jpg,272,385
3874.jpg,251,366
2817.jpg,321,326
8268.jpg,238,358
9815.jpg,209,142
7426.jpg,304,456
8602.jpg,230,189
8475.jpg,255,409
1735.jpg,214,292
7397.jpg,219,216
4255.jpg,202,367
8288.jpg,215,210
2475.jpg,280,114
9984.jpg,269,238
3713.jpg,308,150
8978.jpg,205,225
1804.jpg,244,361
707.jpg,317,229
9191.jpg,252,306
5189.jpg,312,388
5472.jpg,314,78
72.jpg,218,197
7843.jpg,251,211
5101.jpg,262,123
6764.jpg,268,396
1125.jpg,224,488
1241.jpg,217,138
8253.jpg,238,273
2349.jpg,207,261
6602.jpg,300,216
6780.jpg,295,204
4358.jpg,208,393
1343.jpg,276,484
9988.jpg,276,372
8679.jpg,312,132
9575.jpg,267,403
6652.jpg,247,458
1100.jpg,218,242
7327.jpg,217,141
7622.jpg,229,274
987.jpg,262,413
2852.jpg,280,129
630.jpg,234,214
1249.jpg,271,243
3179.jpg,331,484
482.jpg,252,294
3040.jpg,294,354
5010.jpg,288,157
8727.jpg,211,183
7000.jpg,217,267
3273.jpg,250,214
7227.jpg,301,367
3683.jpg,247,95
6674.jpg,280,330
6807.jpg,295,225
9738.jpg,230,350
1316.jpg,278,80
3225.jpg,232,331
1072.jpg,208,247
4815.jpg,240,302
8459.jpg,312,162
5752.jpg,244,273
9145.jpg,311,312
4616.jpg,227,348
3097.jpg,300,341
6869.jpg,274,252
1300.jpg,309,283
7285.jpg,258,215
6284.jpg,300,224
5495.jpg,252,444
5291.jpg,218,165
1798.jpg,231,290
5203.jpg,289,380
8227.jpg,286,306
5047.jpg,332,468
6441.jpg,313,299
8105.jpg,216,365
2359.jpg,208,316
9380.jpg,320,411
3654.jpg,307,210
7052.jpg,312,155
1286.jpg,240,286
9126.jpg,213,190
4445.jpg,209,171
2137.jpg,219,106
6787.jpg,287,101
9752.jpg,303,112
8510.jpg,294,192
9539.jpg,248,443
6894.jpg,218,410
8569.jpg,280,156
7151.jpg,309,106
963.jpg,220,173
6012.jpg,258,399
4882.jpg,209,464
140.jpg,239,89
9032.jpg,324,287
6936.jpg,295,459
6542.jpg,286,416
5243.jpg,238,396
4431.jpg,228,332
406.jpg,297,375
8212.jpg,206,203
8376.jpg,205,270
8627.jpg,280,135
8234.jpg,280,330
4399.jpg,279,245
5252.jpg,315,146
11.jpg,322,169
4760.jpg,276,330
1177.jpg,285,391
2863.jpg,230,159
6471.jpg,240,368
6228.jpg,226,457
2989.jpg,246,223
7117.jpg,282,464
7010.jpg,299,442
8557.jpg,270,474
1440.jpg,247,153
9747.jpg,273,225
2875.jpg,276,296
9098.jpg,230,313
8788.jpg,276,246
7232.jpg,287,468
3726.jpg,213,287
2772.jpg,237,451
454.jpg,325,377
8189.jpg,272,326
1367.jpg,256,194
3712.jpg,287,404
9852.jpg,303,355
1388.jpg,299,436
1000.jpg,297,137
7761.jpg,249,315
3553.jpg,279,447
4114.jpg,212,350
1667.jpg,203,179
3173.jpg,240,330
9397.jpg,295,428
488.jpg,272,317
3230.jpg,230,91
3828.jpg,325,435
8651.jpg,284,117
5208.jpg,267,405
7848.jpg,205,102
5704.jpg,214,194
9639.jpg,277,326
8133.jpg,276,108
703.jpg,285,149
5105.jpg,268,192
8893.jpg,237,248
3291.jpg,287,343
8125.jpg,235,86
9631.jpg,299,280
9021.jpg,241,500
4909.jpg,235,393
4440.jpg,255,378
986.jpg,296,485
9236.jpg,273,343
9883.jpg,239,181
7705.jpg,213,92
6257.jpg,307,473
6089.jpg,256,404
5238.jpg,283,315
1198.jpg,277,339
9070.jpg,265,262
7519.jpg,272,101
6812.jpg,319,127
8320.jpg,288,418
7175.jpg,253,483
4470.jpg,243,340
891.jpg,284,61
1969.jpg,301,169
5757.jpg,244,79
6527.jpg,203,428
6294.jpg,204,491
7595.jpg,229,145
3249.jpg,325,254
6570.jpg,317,317
6638.jpg,269,290
7351.jpg,295,400
9172.jpg,325,326
7473.jpg,233,97
9601.jpg,328,121
8673.jpg,325,270
1239.jpg,248,82
2289.jpg,260,378
2740.jpg,234,303
4585.jpg,220,245
1229.jpg,251,170
6980.jpg,251,151
5178.jpg,273,198
4293.jpg,263,217
1058.jpg,317,428
6262.jpg,257,231
281.jpg,308,164
968.jpg,250,339
3953.jpg,244,433
1939.jpg,328,291
8464.jpg,219,472
1274.jpg,226,369
619.jpg,297,438
8505.jpg,301,145
1742.jpg,287,278
1390.jpg,206,399
2203.jpg,309,297
3568.jpg,242,353
6116.jpg,316,117
9970.jpg,311,84
6052.jpg,319,264
3178.jpg,251,423
3192.jpg,319,203
6099.jpg,226,157
7029.jpg,213,106
575.jpg,211,79
6656.jpg,285,257
7115.jpg,310,111
8802.jpg,276,105
6276.jpg,248,263
8984.jpg,299,282
5897.jpg,308,137
5724.jpg,256,347
269.jpg,225,112
629.jpg,289,141
3081.jpg,319,342
3466.jpg,213,227
6430.jpg,256,317
9311.jpg,239,480
7062.jpg,251,269
9727.jpg,301,407
5543.jpg,276,472
4356.jpg,269,371
2113.jpg,319,376
8219.jpg,328,409
3216.jpg,240,228
3814.jpg,323,387
8321.jpg,225,233
8589.jpg,199,479
2278.jpg,309,457
4599.jpg,231,100
13.jpg,284,440
9225.jpg,294,350
1525.jpg,306,455
2365.jpg,251,249
4648.jpg,291,335
374.jpg,229,167
8521.jpg,209,328
6477.jpg,238,227
525.jpg,232,258
6895.jpg,319,215
3591.jpg,275,293
7904.jpg,305,382
2958.jpg,205,257
529.jpg,323,180
3714.jpg,226,377
4732.jpg,329,115
1394.jpg,200,459
5631.jpg,310,190
6563.jpg,233,253
4703.jpg,264,341
1712.jpg,220,288
9755.jpg,260,434
955.jpg,305,252
6675.jpg,227,360
3453.jpg,273,241
2071.jpg,276,498
9740.jpg,326,189
158.jpg,232,157
7005.jpg,261,313
352.jpg,310,411
6078.jpg,284,292
6236.jpg,264,351
2920.jpg,287,391
4644.jpg,308,414
661.jpg,264,487
7057.jpg,320,333
3665.jpg,222,358
7979.jpg,330,435
306.jpg,274,199
4790.jpg,316,69
2356.jpg,220,62
1927.jpg,218,355
9939.jpg,272,481
3427.jpg,284,126
3638.jpg,324,486
1266.jpg,294,309
1560.jpg,220,197
7179.jpg,320,468
4109.jpg,239,250
7867.jpg,233,492
4904.jpg,262,158
7294.jpg,257,389
514.jpg,306,442
894.jpg,291,150
21.jpg,212,271
899.jpg,201,103
207.jpg,222,136
458.jpg,252,96
2430.jpg,305,432
8442.jpg,310,212
3389.jpg,304,193
3911.jpg,254,338
5383.jpg,247,141
552.jpg,239,382
3144.jpg,198,466
6917.jpg,210,359
2056.jpg,214,93
1925.jpg,269,118
634.jpg,327,367
6082.jpg,332,460
9270.jpg,263,341
9678.jpg,254,403
105.jpg,307,425
3041.jpg,209,331
1709.jpg,282,98
89.jpg,255,190
7014.jpg,219,384
3174.jpg,290,334
917.jpg,220,92
7833.jpg,248,302
6732.jpg,245,445
1949.jpg,225,307
6368.jpg,287,229
1.jpg,228,269
8032.jpg,212,224
6047.jpg,307,205
2720.jpg,283,269
9812.jpg,293,206
3117.jpg,245,224
9465.jpg,247,66
3762.jpg,231,385
213.jpg,233,344
778.jpg,203,395
3496.jpg,235,177
8817.jpg,231,163
2043.jpg,273,109
5420.jpg,308,263
6154.jpg,284,122
8357.jpg,290,253
8707.jpg,304,321
8465.jpg,206,478
4167.jpg,310,85
3788.jpg,314,480
583.jpg,283,442
9911.jpg,294,247
9986.jpg,215,225
116.jpg,204,330
6644.jpg,253,448
9033.jpg,255,332
9951.jpg,255,251
8959.jpg,280,302
1763.jpg,269,210
1875.jpg,325,455
3224.jpg,316,408
526.jpg,314,464
7725.jpg,299,346
2946.jpg,327,93
4473.jpg,254,109
5655.jpg,247,276
6059.jpg,327,459
959.jpg,245,399
6342.jpg,220,286
3633.jpg,303,465
1050.jpg,326,421
3380.jpg,244,95
3676.jpg,266,107
5776.jpg,260,307
9045.jpg,261,139
6573.jpg,273,162
5179.jpg,288,415
1607.jpg,257,178
3610.jpg,309,313
9758.jpg,254,173
6635.jpg,230,130
9997.jpg,280,490
791.jpg,277,404
3056.jpg,286,363
1980.jpg,306,79
3598.jpg,246,477
933.jpg,306,160
7424.jpg,246,127
5626.jpg,325,376
1682.jpg,219,394
4179.jpg,232,418
6446.jpg,273,234
4116.jpg,274,470
988.jpg,267,104
2896.jpg,326,403
3778.jpg,318,387
5658.jpg,237,316
3093.jpg,202,321
3155.jpg,232,138
1823.jpg,292,198
9622.jpg,209,162
1098.jpg,311,154
2844.jpg,244,327
3342.jpg,292,236
38.jpg,253,184
6540.jpg,302,313
9473.jpg,239,209
3356.jpg,243,114
7813.jpg,245,346
8220.jpg,246,233
9227.jpg,239,76
2428.jpg,242,480
5043.jpg,240,308
5346.jpg,233,486
4811.jpg,272,461
8476.jpg,218,418
686.jpg,214,236
4799.jpg,329,96
7437.jpg,251,440
2353.jpg,208,273
6353.jpg,314,235
4569.jpg,263,150
8213.jpg,209,484
2752.jpg,226,320
8073.jpg,326,134
1040.jpg,204,334
7491.jpg,243,450
1265.jpg,267,218
9265.jpg,231,355
7059.jpg,298,382
277.jpg,306,258
5084.jpg,215,190
2382.jpg,240,152
571.jpg,203,486
1435.jpg,211,234
5352.jpg,307,372
5445.jpg,315,329
1007.jpg,274,167
4543.jpg,287,109
8816.jpg,236,240
2064.jpg,323,234
1136.jpg,289,458
5343.jpg,253,226
294.jpg,290,320
2403.jpg,322,326
3998.jpg,241,224
3741.jpg,324,378
9222.jpg,285,326
2719.jpg,204,281
9199.jpg,328,317
5150.jpg,218,83
2808.jpg,222,393
556.jpg,222,118
8925.jpg,227,328
4795.jpg,217,445
2469.jpg,227,331
3738.jpg,324,333
4286.jpg,317,162
2604.jpg,295,305
362.jpg,316,169
6924.jpg,327,158
1704.jpg,253,470
2139.jpg,202,393
3239.jpg,326,93
2383.jpg,291,98
7314.jpg,258,228
4311.jpg,314,69
1312.jpg,201,417
3930.jpg,239,171
6183.jpg,230,242
1591.jpg,241,90
9387.jpg,204,147
2162.jpg,201,320
2396.jpg,307,125
317.jpg,217,112
5233.jpg,308,242
5068.jpg,257,175
4036.jpg,281,263
3020.jpg,259,327
8228.jpg,241,144
5295.jpg,267,100
3972.jpg,277,482
5370.jpg,232,384
4133.jpg,315,62
974.jpg,228,233
7291.jpg,283,300
954.jpg,320,454
9306.jpg,209,326
5016.jpg,293,420
9730.jpg,278,244
7490.jpg,286,216
1640.jpg,234,463
1290.jpg,250,68
1380.jpg,266,358
1933.jpg,221,86
4675.jpg,320,323
892.jpg,256,439
7287.jpg,274,168
4876.jpg,316,286
7906.jpg,245,363
8194.jpg,288,324
9379.jpg,253,306
2466.jpg,319,265
7657.jpg,242,378
1913.jpg,319,166
2736.jpg,309,459
726.jpg,260,160
7214.jpg,269,229
8245.jpg,210,164
1796.jpg,296,479
3845.jpg,310,280
6402.jpg,212,337
936.jpg,249,359
2265.jpg,296,402
824.jpg,321,332
7274.jpg,278,119
1389.jpg,261,116
3564.jpg,291,163
5429.jpg,205,259
7827.jpg,262,227
5690.jpg,208,136
7878.jpg,286,189
1868.jpg,320,313
8202.jpg,319,420
7486.jpg,216,248
806.jpg,238,158
4805.jpg,278,87
9152.jpg,291,459
7511.jpg,231,284
8056.jpg,251,161
4494.jpg,246,223
2632.jpg,251,467
8900.jpg,301,239
8623.jpg,308,77
7832.jpg,267,79
4388.jpg,249,450
145.jpg,219,207
6467.jpg,285,108
2033.jpg,289,64
9127.jpg,220,232
1165.jpg,287,254
2050.jpg,295,287
3760.jpg,298,360
4435.jpg,313,359
3430.jpg,216,143
8190.jpg,235,398
8753.jpg,277,193
7069.jpg,296,72
4361.jpg,241,290
1771.jpg,245,345
3511.jpg,273,418
271.jpg,275,229
8436.jpg,309,92
2032.jpg,199,464
9664.jpg,252,371
3810.jpg,280,248
4346.jpg,229,397
545.jpg,329,434
3241.jpg,275,71
8502.jpg,202,163
9918.jpg,261,328
7564.jpg,237,321
920.jpg,258,343
9118.jpg,322,79
6640.jpg,218,268
7694.jpg,296,223
8230.jpg,319,196
7126.jpg,293,216
4278.jpg,310,259
2983.jpg,213,485
130.jpg,236,331
7980.jpg,284,324
2667.jpg,273,278
7138.jpg,250,108
3223.jpg,237,281
7693.jpg,303,337
5392.jpg,225,417
614.jpg,230,406
9902.jpg,256,413
1466.jpg,227,371
4497.jpg,200,491
3042.jpg,215,407
2419.jpg,330,451
5085.jpg,276,306
3294.jpg,226,455
6737.jpg,204,398
1500.jpg,275,321
1521.jpg,284,130
9117.jpg,243,420
4232.jpg,243,76
7686.jpg,312,139
4430.jpg,284,167
390.jpg,313,420
9858.jpg,279,225
7124.jpg,232,349
5913.jpg,225,147
8592.jpg,293,192
4806.jpg,322,410
8954.jpg,274,273
8238.jpg,315,94
8044.jpg,303,96
9782.jpg,320,307
3993.jpg,303,107
9551.jpg,215,453
6609.jpg,271,377
5319.jpg,286,432
7119.jpg,223,378
2421.jpg,224,163
5604.jpg,252,70
1750.jpg,257,60
9015.jpg,328,69
9718.jpg,277,275
338.jpg,222,142
8407.jpg,217,117
1341.jpg,235,156
9544.jpg,275,233
7982.jpg,329,282
3640.jpg,314,158
329.jpg,294,193
8828.jpg,328,376
3004.jpg,235,297
6960.jpg,224,265
4090.jpg,273,266
2322.jpg,313,131
6667.jpg,213,326
7009.jpg,313,505
4197.jpg,254,445
3549.jpg,290,407
8363.jpg,321,145
4203.jpg,237,91
9310.jpg,221,260
8936.jpg,307,179
6185.jpg,239,150
1639.jpg,236,134
60.jpg,279,174
1240.jpg,243,210
5760.jpg,225,362
5136.jpg,324,138
2343.jpg,249,80
2120.jpg,246,232
1524.jpg,302,327
7617.jpg,303,242
153.jpg,272,335
481.jpg,233,110
6122.jpg,313,428
7674.jpg,262,405
7101.jpg,200,434
1762.jpg,252,97
7715.jpg,313,165
9081.jpg,224,141
7479.jpg,314,355
6212.jpg,310,124
4853.jpg,250,379
2711.jpg,304,384
6766.jpg,325,344
4150.jpg,282,462
1333.jpg,210,339
8378.jpg,317,347
9389.jpg,323,330
9707.jpg,245,78
9121.jpg,239,408
3850.jpg,240,303
8340.jpg,313,66
4124.jpg,205,318
8963.jpg,261,229
4788.jpg,273,289
2866.jpg,284,107
1386.jpg,217,84
5941.jpg,303,193
3067.jpg,218,464
9058.jpg,202,353
3629.jpg,309,297
9455.jpg,246,181
8949.jpg,227,362
3028.jpg,258,415
2969.jpg,274,470
8646.jpg,207,436
6136.jpg,295,337
8801.jpg,306,274
4263.jpg,260,428
645.jpg,327,376
9653.jpg,261,137
2074.jpg,202,293
341.jpg,301,272
8041.jpg,307,291
1622.jpg,316,139
7141.jpg,271,455
5796.jpg,214,482
7184.jpg,312,268
8232.jpg,312,102
5475.jpg,218,403
9252.jpg,293,135
74.jpg,264,109
8633.jpg,226,281
9229.jpg,243,205
2051.jpg,202,119
2541.jpg,236,435
1301.jpg,261,358
5877.jpg,317,214
7368.jpg,300,258
1304.jpg,269,195
8428.jpg,236,196
9094.jpg,257,453
2599.jpg,294,296
2573.jpg,244,288
3186.jpg,305,292
2768.jpg,257,96
4831.jpg,295,359
4223.jpg,289,126
9649.jpg,272,320
2106.jpg,313,248
2679.jpg,305,208
1387.jpg,323,145
8931.jpg,323,280
9659.jpg,306,149
7083.jpg,288,333
1279.jpg,276,159
804.jpg,255,399
1555.jpg,212,370
9486.jpg,238,171
4566.jpg,297,146
9669.jpg,252,96
4841.jpg,256,405
3594.jpg,295,340
6035.jpg,243,158
6852.jpg,243,350
8705.jpg,248,177
4177.jpg,305,305
1308.jpg,298,380
3452.jpg,326,242
3695.jpg,295,144
4242.jpg,313,472
2198.jpg,205,104
4425.jpg,274,326
6150.jpg,235,427
943.jpg,279,367
822.jpg,210,299
5005.jpg,216,156
6612.jpg,221,179
8356.jpg,266,221
5619.jpg,317,430
4547.jpg,225,125
2538.jpg,282,220
5207.jpg,282,374
9514.jpg,304,485
9009.jpg,215,207
3054.jpg,295,329
3675.jpg,265,187
7776.jpg,203,84
7218.jpg,272,210
6722.jpg,252,162
3300.jpg,259,196
3310.jpg,312,303
7221.jpg,319,158
8519.jpg,322,425
5954.jpg,322,216
832.jpg,248,145
3462.jpg,305,437
7643.jpg,211,412
54.jpg,308,222
3451.jpg,247,303
6305.jpg,266,142
1481.jpg,260,373
4873.jpg,220,104
8038.jpg,322,400
3335.jpg,312,59
6016.jpg,298,385
4926.jpg,279,187
5797.jpg,312,88
9831.jpg,247,355
5083.jpg,325,336
6645.jpg,311,502
5490.jpg,243,101
768.jpg,217,249
2065.jpg,240,120
9500.jpg,329,89
7311.jpg,234,114
8477.jpg,279,495
4524.jpg,253,215
2717.jpg,214,194
2079.jpg,239,353
8914.jpg,266,319
951.jpg,263,434
8058.jpg,286,279
2482.jpg,296,467
1759.jpg,206,438
4422.jpg,317,70
6704.jpg,298,218
5182.jpg,274,269
8533.jpg,257,130
3701.jpg,315,461
4243.jpg,284,304
688.jpg,252,404
3432.jpg,319,478
4944.jpg,203,62
966.jpg,215,275
9484.jpg,228,396
2713.jpg,250,383
4757.jpg,243,373
9545.jpg,317,282
6320.jpg,260,163
5975.jpg,286,453
3572.jpg,208,70
5299.jpg,281,247
1990.jpg,257,152
1205.jpg,229,355
4971.jpg,210,418
6783.jpg,273,385
3600.jpg,260,367
6490.jpg,227,411
8609.jpg,216,168
9978.jpg,269,72
8070.jpg,235,199
8577.jpg,319,62
7973.jpg,247,378
1625.jpg,270,128
536.jpg,219,349
8766.jpg,269,342
7970.jpg,227,489
4212.jpg,237,430
6456.jpg,268,296
3507.jpg,294,80
8393.jpg,243,262
7112.jpg,254,307
2708.jpg,224,338
5031.jpg,280,271
6514.jpg,271,123
4662.jpg,245,391
4021.jpg,299,463
1854.jpg,312,160
9425.jpg,328,405
2872.jpg,321,292
3030.jpg,256,219
1645.jpg,206,399
3417.jpg,268,218
3476.jpg,229,174
9552.jpg,314,250
1792.jpg,223,376
3797.jpg,283,378
3368.jpg,220,112
7196.jpg,316,437
9641.jpg,263,466
5109.jpg,280,343
6024.jpg,225,493
8795.jpg,224,154
9294.jpg,204,246
126.jpg,305,388
5959.jpg,214,400
3876.jpg,257,460
4451.jpg,286,483
7147.jpg,232,226
3531.jpg,280,497
827.jpg,220,313
7790.jpg,220,460
984.jpg,295,103
7783.jpg,227,394
2443.jpg,241,255
8554.jpg,213,276
345.jpg,268,75
814.jpg,287,142
6166.jpg,267,110
5779.jpg,319,426
2116.jpg,218,177
793.jpg,279,264
6898.jpg,322,146
2674.jpg,319,194
94.jpg,313,74
4225.jpg,284,146
3756.jpg,282,470
2891.jpg,263,495
2371.jpg,219,386
9388.jpg,201,164
3228.jpg,265,396
7863.jpg,213,432
6359.jpg,314,228
9196.jpg,236,64
7326.jpg,302,271
6028.jpg,242,186
1865.jpg,269,322
4612.jpg,207,311
2645.jpg,301,303
2243.jpg,212,276
5373.jpg,257,351
2336.jpg,202,491
950.jpg,264,214
1120.jpg,315,459
2204.jpg,254,158
419.jpg,289,420
922.jpg,246,133
8669.jpg,209,115
5408.jpg,309,251
5788.jpg,316,320
5742.jpg,288,403
7667.jpg,238,383
5567.jpg,275,162
8135.jpg,276,129
1202.jpg,251,387
5765.jpg,216,374
8389.jpg,275,59
1970.jpg,218,502
4018.jpg,224,192
3687.jpg,269,234
1997.jpg,308,165
4033.jpg,256,248
1248.jpg,204,190
2192.jpg,240,431
2712.jpg,216,207
2190.jpg,302,136
4670.jpg,286,308
5142.jpg,288,417
5984.jpg,244,228
6565.jpg,275,348
7804.jpg,239,316
6943.jpg,217,132
2136.jpg,329,162
1065.jpg,327,305
600.jpg,245,154
4227.jpg,280,256
7577.jpg,261,399
77.jpg,221,156
7546.jpg,284,103
2898.jpg,233,454
4820.jpg,284,239
9302.jpg,249,468
6413.jpg,212,258
9064.jpg,205,440
8007.jpg,245,213
5468.jpg,299,345
5951.jpg,234,243
3391.jpg,303,360
5415.jpg,227,187
2560.jpg,305,440
8162.jpg,255,150
2635.jpg,287,122
5256.jpg,306,459
3530.jpg,267,129
8567.jpg,280,98
1908.jpg,309,253
235.jpg,234,346
1604.jpg,258,274
7984.jpg,321,106
3490.jpg,209,248
1994.jpg,241,157
2824.jpg,219,74
9285.jpg,299,282
1342.jpg,251,288
8512.jpg,296,272
1619.jpg,214,415
5287.jpg,293,61
2060.jpg,250,476
9955.jpg,286,213
2219.jpg,300,372
6038.jpg,304,105
260.jpg,319,234
9365.jpg,275,130
9093.jpg,262,124
3744.jpg,271,343
2026.jpg,212,393
6988.jpg,227,175
4234.jpg,317,130
1917.jpg,223,147
1828.jpg,256,281
6233.jpg,262,400
9332.jpg,232,330
6283.jpg,217,253
4208.jpg,284,244
224.jpg,242,416
8915.jpg,264,262
6469.jpg,239,154
9413.jpg,245,248
846.jpg,308,66
4289.jpg,269,465
5560.jpg,298,416
2551.jpg,254,175
117.jpg,210,233
8837.jpg,296,208
5966.jpg,274,310
8195.jpg,247,302
8659.jpg,238,257
7489.jpg,266,68
5.jpg,259,436
5342.jpg,291,319
9111.jpg,316,393
4324.jpg,242,203
1063.jpg,280,94
2590.jpg,302,109
8434.jpg,304,200
3735.jpg,247,131
3517.jpg,320,227
6986.jpg,323,356
6767.jpg,237,234
5622.jpg,248,483
1605.jpg,254,259
1733.jpg,277,195
9341.jpg,202,293
3812.jpg,213,418
9624.jpg,224,457
1761.jpg,325,423
5401.jpg,328,485
2739.jpg,292,459
2472.jpg,319,173
6738.jpg,224,144
6891.jpg,249,97
7943.jpg,267,372
4206.jpg,232,366
6371.jpg,204,364
232.jpg,284,185
8258.jpg,252,168
7561.jpg,266,183
6168.jpg,270,343
3596.jpg,308,64
6288.jpg,212,183
4632.jpg,326,142
125.jpg,266,197
7641.jpg,247,218
6229.jpg,269,164
1296.jpg,302,481
1976.jpg,238,346
9480.jpg,303,392
9581.jpg,301,71
5750.jpg,254,415
8152.jpg,295,423
3086.jpg,279,421
9276.jpg,319,103
6882.jpg,307,257
9305.jpg,283,252
7673.jpg,224,137
3345.jpg,323,267
8172.jpg,277,374
9421.jpg,248,360
5870.jpg,295,116
6506.jpg,256,228
2797.jpg,254,282
918.jpg,246,243
1646.jpg,295,138
5122.jpg,290,76
5126.jpg,293,227
4621.jpg,262,263
6809.jpg,229,269
364.jpg,248,272
2125.jpg,271,74
8150.jpg,201,378
8717.jpg,272,255
55.jpg,245,244
638.jpg,255,460
302.jpg,203,456
5811.jpg,312,405
1276.jpg,309,168
4432.jpg,283,94
3644.jpg,199,479
4143.jpg,282,355
2878.jpg,319,140
6493.jpg,309,274
5240.jpg,234,267
9408.jpg,282,285
6937.jpg,317,307
7240.jpg,315,431
2593.jpg,213,341
2393.jpg,237,384
523.jpg,256,165
6376.jpg,242,441
6981.jpg,261,276
6677.jpg,307,456
3900.jpg,250,62
9634.jpg,298,270
5585.jpg,281,233
9360.jpg,309,482
7956.jpg,275,244
7570.jpg,215,329
6777.jpg,327,117
671.jpg,297,147
4188.jpg,329,207
666.jpg,238,152
3266.jpg,255,334
1887.jpg,311,252
8472.jpg,213,410
9091.jpg,250,242
7687.jpg,234,183
6031.jpg,278,227
6090.jpg,273,290
6238.jpg,204,320
7350.jpg,323,216
7830.jpg,293,231
760.jpg,254,428
6254.jpg,217,339
1906.jpg,316,168
3818.jpg,257,283
6269.jpg,219,281
4300.jpg,309,346
5569.jpg,254,478
7941.jpg,270,188
4164.jpg,254,235
5971.jpg,307,471
3579.jpg,276,252
2832.jpg,314,487
5449.jpg,271,241
3472.jpg,267,352
6327.jpg,219,63
137.jpg,300,295
7043.jpg,328,468
4892.jpg,273,150
2180.jpg,200,481
7730.jpg,305,105
3177.jpg,224,198
4854.jpg,213,234
4637.jpg,236,196
5115.jpg,322,245
7648.jpg,259,228
4261.jpg,251,379
1331.jpg,313,469
7002.jpg,307,468
6941.jpg,314,334
8017.jpg,236,142
6241.jpg,223,149
9987.jpg,264,450
6881.jpg,268,86
4530.jpg,202,71
4673.jpg,283,64
6996.jpg,255,462
1252.jpg,276,265
3374.jpg,321,113
2814.jpg,226,187
4719.jpg,224,290
6544.jpg,284,220
4858.jpg,230,345
7901.jpg,238,261
8580.jpg,227,86
8427.jpg,295,112
1077.jpg,317,99
4363.jpg,261,142
770.jpg,329,473
8865.jpg,210,293
249.jpg,302,179
7239.jpg,266,84
3419.jpg,253,82
4976.jpg,314,166
4544.jpg,221,84
5565.jpg,321,133
7939.jpg,280,430
716.jpg,279,65
9652.jpg,273,69
2048.jpg,267,183
5997.jpg,214,320
6600.jpg,290,226
7245.jpg,237,306
4178.jpg,268,238
4809.jpg,286,257
9482.jpg,315,221
7140.jpg,291,405
7190.jpg,289,434
1460.jpg,320,419
5989.jpg,250,230
2000.jpg,215,323
8175.jpg,307,143
404.jpg,287,268
384.jpg,310,181
9448.jpg,325,342
9487.jpg,213,430
1633.jpg,303,484
9853.jpg,320,483
4784.jpg,207,420
9456.jpg,258,348
6970.jpg,283,128
3925.jpg,241,194
4158.jpg,259,151
7449.jpg,295,71
8415.jpg,224,388
2193.jpg,236,373
1015.jpg,246,90
5124.jpg,283,337
7418.jpg,275,435
7409.jpg,260,381
8989.jpg,289,472
2871.jpg,306,266
9.jpg,256,295
1838.jpg,235,335
4804.jpg,312,303
255.jpg,284,244
7026.jpg,262,343
5713.jpg,219,295
3324.jpg,234,231
7714.jpg,235,145
1581.jpg,281,370
924.jpg,329,374
2779.jpg,298,331
7891.jpg,226,306
6132.jpg,268,291
5320.jpg,284,472
7312.jpg,256,216
7102.jpg,212,103
6042.jpg,210,133
3775.jpg,296,115
4835.jpg,210,282
4964.jpg,240,244
539.jpg,215,188
7483.jpg,252,349
2745.jpg,259,265
3719.jpg,256,210
6819.jpg,302,214
9337.jpg,323,254
4468.jpg,322,153
667.jpg,203,247
7575.jpg,323,289
8549.jpg,208,334
5063.jpg,250,325
1353.jpg,310,121
7114.jpg,276,297
9773.jpg,275,358
8662.jpg,316,477
2703.jpg,207,246
3330.jpg,305,353
8053.jpg,203,495
3584.jpg,261,87
9441.jpg,322,410
5645.jpg,218,305
3376.jpg,330,394
1256.jpg,269,336
6190.jpg,303,405
5348.jpg,256,309
4175.jpg,234,141
4910.jpg,232,354
1852.jpg,205,117
6316.jpg,290,273
9854.jpg,307,152
2105.jpg,268,378
133.jpg,230,117
5029.jpg,216,164
928.jpg,269,414
823.jpg,312,329
7576.jpg,266,117
1531.jpg,298,367
1214.jpg,294,117
504.jpg,224,491
6530.jpg,267,230
3072.jpg,315,302
9086.jpg,319,253
8647.jpg,249,176
6619.jpg,210,254
9273.jpg,324,350
3709.jpg,257,335
4849.jpg,280,246
4748.jpg,256,364
4268.jpg,256,275
9878.jpg,242,354
8905.jpg,329,337
4186.jpg,234,205
5301.jpg,227,390
2923.jpg,293,70
6588.jpg,285,396
1810.jpg,281,310
3486.jpg,318,56
7419.jpg,223,384
3141.jpg,289,355
9347.jpg,280,121
1324.jpg,332,491
4312.jpg,297,426
7494.jpg,219,326
8702.jpg,272,73
8691.jpg,239,321
9503.jpg,206,78
5541.jpg,243,168
6172.jpg,274,293
1540.jpg,272,283
9409.jpg,210,434
2681.jpg,326,165
9882.jpg,274,340
6313.jpg,290,449
1191.jpg,315,448
5293.jpg,308,250
1542.jpg,203,142
7056.jpg,301,267
2539.jpg,315,218
953.jpg,314,226
7241.jpg,318,156
6731.jpg,237,355
4846.jpg,292,180
6801.jpg,311,468
8010.jpg,284,206
4330.jpg,272,227
8924.jpg,302,112
5334.jpg,230,301
7330.jpg,290,83
9348.jpg,329,143
4729.jpg,243,168
6541.jpg,255,368
5305.jpg,287,90
5161.jpg,234,478
7860.jpg,267,273
2156.jpg,238,101
1062.jpg,327,210
1167.jpg,230,320
3636.jpg,212,458
7651.jpg,275,315
5588.jpg,250,279
7192.jpg,214,187
4491.jpg,304,378
7266.jpg,215,370
4980.jpg,277,142
8335.jpg,318,190
9952.jpg,288,300
4946.jpg,326,379
2782.jpg,270,373
717.jpg,283,171
2502.jpg,267,401
4360.jpg,325,448
4171.jpg,203,300
8082.jpg,301,492
9760.jpg,247,391
395.jpg,247,341
7186.jpg,232,234
9822.jpg,225,155
4492.jpg,249,276
1365.jpg,331,479
9526.jpg,322,343
8787.jpg,320,329
5917.jpg,206,434
4968.jpg,267,84
2914.jpg,238,193
5644.jpg,265,131
3766.jpg,242,464
3440.jpg,267,428
7357.jpg,313,416
6806.jpg,214,510
2143.jpg,281,70
5104.jpg,328,145
5073.jpg,279,330
1571.jpg,308,299
4079.jpg,257,475
1122.jpg,207,164
2786.jpg,285,323
2967.jpg,267,168
2504.jpg,287,230
5988.jpg,314,163
8867.jpg,275,105
7164.jpg,286,278
728.jpg,227,269
7587.jpg,244,303
7543.jpg,277,362
412.jpg,301,312
5745.jpg,257,468
7668.jpg,223,131
825.jpg,309,367
3267.jpg,297,270
3974.jpg,289,101
8808.jpg,301,99
8306.jpg,219,316
417.jpg,214,189
6748.jpg,294,94
8967.jpg,240,292
2082.jpg,255,179
8945.jpg,312,274
3373.jpg,312,490
5726.jpg,325,190
4107.jpg,258,497
4380.jpg,261,277
7723.jpg,305,154
1066.jpg,233,219
3913.jpg,240,87
5536.jpg,277,386
8002.jpg,324,334
5387.jpg,267,357
5732.jpg,224,359
2738.jpg,282,298
5052.jpg,258,70
4000.jpg,320,124
2427.jpg,204,59
6833.jpg,255,186
1687.jpg,207,341
851.jpg,205,316
6303.jpg,231,436
9087.jpg,306,164
5878.jpg,266,162
8527.jpg,291,429
2839.jpg,256,193
4611.jpg,231,239
9540.jpg,222,97
9207.jpg,288,237
2489.jpg,294,141
6905.jpg,302,250
7390.jpg,273,235
2849.jpg,207,177
6665.jpg,295,374
5881.jpg,313,260
4452.jpg,259,421
7421.jpg,324,362
6484.jpg,318,214
2479.jpg,303,148
6617.jpg,303,479
2141.jpg,285,297
5188.jpg,245,156
9704.jpg,215,97
2744.jpg,324,455
7253.jpg,329,277
3506.jpg,315,278
1679.jpg,253,411
4249.jpg,204,344
3147.jpg,260,322
8130.jpg,267,436
7004.jpg,223,338
580.jpg,232,261
4070.jpg,222,272
3343.jpg,296,219
7404.jpg,297,98
3672.jpg,231,99
559.jpg,282,106
5237.jpg,282,138
7805.jpg,315,296
512.jpg,228,324
1081.jpg,293,67
1664.jpg,220,430
9204.jpg,321,309
1931.jpg,289,236
9666.jpg,226,426
1150.jpg,255,321
2838.jpg,287,347
5949.jpg,230,289
8308.jpg,313,257
8932.jpg,234,132
9788.jpg,233,315
5177.jpg,225,337
830.jpg,222,324
8311.jpg,244,372
4752.jpg,260,290
9850.jpg,323,242
635.jpg,245,255
4465.jpg,202,486
6799.jpg,264,419
7987.jpg,245,434
7079.jpg,241,293
6966.jpg,290,259
4142.jpg,204,95
7027.jpg,217,214
9183.jpg,310,406
876.jpg,212,240
4869.jpg,211,71
5315.jpg,292,212
5222.jpg,290,116
4.jpg,248,338
3051.jpg,220,355
5691.jpg,311,265
3124.jpg,290,91
2491.jpg,219,361
3854.jpg,255,378
4777.jpg,216,451
7509.jpg,206,323
6457.jpg,257,402
6293.jpg,289,240
1148.jpg,319,143
574.jpg,273,108
3769.jpg,278,70
4146.jpg,240,469
853.jpg,223,332
5919.jpg,223,136
9358.jpg,324,498
6614.jpg,248,77
6002.jpg,265,118
9163.jpg,224,264
4495.jpg,282,245
8173.jpg,204,377
6655.jpg,312,474
2368.jpg,318,469
4780.jpg,234,232
7992.jpg,222,109
2950.jpg,227,192
5625.jpg,268,413
6971.jpg,207,298
8716.jpg,327,382
1841.jpg,238,475
5986.jpg,299,176
537.jpg,319,113
2806.jpg,325,201
5801.jpg,300,446
5596.jpg,225,493
7206.jpg,270,411
7343.jpg,285,77
7560.jpg,298,483
8096.jpg,206,469
784.jpg,286,365
1409.jpg,282,238
154.jpg,308,254
7806.jpg,325,187
3009.jpg,248,159
1686.jpg,243,327
4014.jpg,325,311
7455.jpg,297,223
3863.jpg,219,346
2733.jpg,255,409
1895.jpg,324,471
5442.jpg,295,263
569.jpg,228,214
6709.jpg,263,475
5854.jpg,225,374
1816.jpg,298,173
8319.jpg,273,326
3394.jpg,288,112
3327.jpg,286,290
9982.jpg,249,116
6102.jpg,297,319
2975.jpg,234,360
980.jpg,235,366
190.jpg,326,366
9331.jpg,276,373
5088.jpg,263,480
699.jpg,328,358
9759.jpg,201,284
606.jpg,204,175
301.jpg,267,275
3420.jpg,300,481
9804.jpg,247,404
1060.jpg,311,362
3444.jpg,229,435
1069.jpg,302,437
2205.jpg,309,291
9435.jpg,238,326
7339.jpg,248,328
8208.jpg,229,450
7679.jpg,293,300
4642.jpg,241,443
7683.jpg,219,181
9007.jpg,272,227
7996.jpg,211,169
5600.jpg,302,374
9151.jpg,223,262
7022.jpg,220,347
4893.jpg,240,73
225.jpg,236,285
3354.jpg,237,277
5895.jpg,244,393
8754.jpg,304,231
3436.jpg,218,244
1693.jpg,223,344
6893.jpg,205,108
1045.jpg,317,228
3446.jpg,255,199
8050.jpg,318,347
9146.jpg,313,300
9981.jpg,292,198
4735.jpg,217,449
4496.jpg,307,219
1218.jpg,282,339
6015.jpg,323,457
9719.jpg,259,441
3987.jpg,299,56
4911.jpg,307,445
9492.jpg,300,377
4493.jpg,302,71
6944.jpg,283,494
5699.jpg,305,233
8352.jpg,324,383
956.jpg,293,55
2869.jpg,228,140
4433.jpg,261,278
4973.jpg,223,271
2961.jpg,278,492
2200.jpg,221,397
98.jpg,274,124
9849.jpg,291,163
2557.jpg,249,164
8445.jpg,295,291
4199.jpg,228,257
9637.jpg,313,402
5539.jpg,319,404
1648.jpg,237,289
6197.jpg,261,249
6295.jpg,274,365
4499.jpg,207,278
1154.jpg,317,425
2255.jpg,318,388
3170.jpg,208,474
7400.jpg,324,231
7158.jpg,235,396
3108.jpg,245,238
4548.jpg,300,62
5423.jpg,214,308
2049.jpg,254,256
9208.jpg,244,395
8815.jpg,248,174
9797.jpg,244,232
262.jpg,298,355
4061.jpg,219,485
5534.jpg,214,205
6616.jpg,215,342
8120.jpg,296,333
8155.jpg,296,183
1802.jpg,283,467
4736.jpg,244,345
2385.jpg,251,310
6694.jpg,257,493
5759.jpg,205,332
1959.jpg,240,106
2976.jpg,265,433
8680.jpg,250,161
1843.jpg,225,127
1734.jpg,241,111
2911.jpg,327,307
8338.jpg,234,190
1986.jpg,267,195
9561.jpg,314,223
6546.jpg,310,264
7098.jpg,320,260
2811.jpg,277,148
659.jpg,240,121
2511.jpg,249,409
4282.jpg,285,402
9339.jpg,317,441
8800.jpg,274,398
6287.jpg,304,69
1930.jpg,279,232
7125.jpg,246,404
197.jpg,260,225
7777.jpg,222,142
2931.jpg,222,311
8004.jpg,255,419
2327.jpg,312,306
4389.jpg,290,84
8958.jpg,238,254
4218.jpg,297,74
202.jpg,277,119
3510.jpg,221,112
4931.jpg,312,186
5535.jpg,240,263
5791.jpg,312,212
1707.jpg,290,400
5172.jpg,317,298
5249.jpg,318,88
6528.jpg,296,90
9848.jpg,265,294
5855.jpg,288,134
8164.jpg,265,81
854.jpg,238,96
4737.jpg,306,304
698.jpg,270,111
3696.jpg,280,429
1636.jpg,254,222
7280.jpg,202,296
7554.jpg,208,491
3581.jpg,244,416
1291.jpg,243,103
6585.jpg,293,387
1853.jpg,227,129
5232.jpg,229,334
3763.jpg,286,187
3304.jpg,326,398
1495.jpg,298,309
7994.jpg,230,75
1998.jpg,269,442
663.jpg,254,449
3748.jpg,299,415
4413.jpg,323,340
5530.jpg,269,303
5575.jpg,322,235
8901.jpg,319,163
7526.jpg,247,138
9474.jpg,297,169
5864.jpg,202,170
6776.jpg,208,471
1306.jpg,258,122
7392.jpg,251,94
5592.jpg,256,291
9721.jpg,299,328
1663.jpg,314,458
5450.jpg,245,366
9954.jpg,268,342
3627.jpg,285,449
2693.jpg,205,446
9789.jpg,240,387
5915.jpg,226,417
3157.jpg,294,321
6668.jpg,280,485
1059.jpg,242,240
4636.jpg,279,285
3242.jpg,311,401
1678.jpg,315,438
6892.jpg,257,279
6374.jpg,264,365
7574.jpg,294,275
1757.jpg,323,200
6019.jpg,267,242
5116.jpg,297,196
8755.jpg,316,339
7408.jpg,257,328
2790.jpg,293,92
863.jpg,319,74
7858.jpg,282,293
1484.jpg,223,112
7035.jpg,224,152
7721.jpg,307,499
5977.jpg,222,211
5134.jpg,248,89
206.jpg,259,464
4488.jpg,249,399
6938.jpg,245,397
9062.jpg,285,291
6910.jpg,278,479
502.jpg,223,329
7385.jpg,271,349
1028.jpg,255,158
3840.jpg,220,254
8110.jpg,278,333
5056.jpg,243,284
9762.jpg,246,468
8154.jpg,241,411
2731.jpg,315,364
8996.jpg,261,494
2454.jpg,284,456
7215.jpg,282,143
3104.jpg,328,278
8392.jpg,282,99
6278.jpg,245,253
3099.jpg,241,421
6184.jpg,280,237
3561.jpg,288,228
5892.jpg,319,419
391.jpg,306,300
6736.jpg,282,423
5618.jpg,260,241
5258.jpg,257,431
9687.jpg,296,385
2695.jpg,320,473
2027.jpg,307,489
5463.jpg,299,431
2568.jpg,214,129
8006.jpg,220,454
64.jpg,219,448
2062.jpg,260,253
5276.jpg,321,238
7208.jpg,325,98
8684.jpg,289,350
8571.jpg,314,240
6331.jpg,274,109
4859.jpg,328,425
4887.jpg,218,309
9268.jpg,240,149
878.jpg,306,405
8529.jpg,237,483
7916.jpg,318,116
6863.jpg,311,436
7892.jpg,243,267
6439.jpg,315,118
7869.jpg,303,197
1016.jpg,218,446
9467.jpg,248,264
7629.jpg,281,324
995.jpg,270,226
4297.jpg,268,268
161.jpg,248,77
5675.jpg,259,371
6873.jpg,316,110
9692.jpg,227,258
7989.jpg,212,106
3843.jpg,298,382
1021.jpg,242,145
3073.jpg,216,197
7555.jpg,214,173
3943.jpg,245,250
1585.jpg,242,378
3152.jpg,302,282
8226.jpg,300,445
775.jpg,204,400
9670.jpg,240,281
7099.jpg,323,317
5486.jpg,212,79
6235.jpg,282,162
9555.jpg,243,409
7041.jpg,306,445
2612.jpg,277,215
7513.jpg,279,119
8433.jpg,276,234
8792.jpg,246,342
5393.jpg,218,398
8838.jpg,219,263
3890.jpg,299,174
3556.jpg,218,492
1528.jpg,279,429
1267.jpg,210,106
7734.jpg,306,137
1899.jpg,261,365
4658.jpg,302,155
3005.jpg,257,206
2734.jpg,207,317
189.jpg,226,235
9167.jpg,225,167
2747.jpg,230,449
2047.jpg,240,88
7849.jpg,233,207
2558.jpg,240,242
9274.jpg,301,385
8666.jpg,276,253
6396.jpg,267,176
3385.jpg,227,267
4555.jpg,201,424
1184.jpg,270,268
6420.jpg,292,166
5051.jpg,277,106
5311.jpg,330,65
2433.jpg,289,373
6949.jpg,211,402
769.jpg,289,181
1685.jpg,203,428
8322.jpg,215,378
5578.jpg,220,68
4426.jpg,261,280
466.jpg,308,153
6265.jpg,231,187
5734.jpg,250,292
5191.jpg,206,428
5390.jpg,284,419
860.jpg,226,267
7270.jpg,280,192
